# Blender v2.91.0 OBJ File: 'El feneri.blend'
# www.blender.org
mtllib El feneri.mtl
o Plane
v -0.150324 0.079943 0.140000
v -0.150324 0.140000 0.079943
v -0.150324 0.122410 0.122410
v -0.835087 -0.135702 0.131382
v -0.150324 -0.079943 0.140000
v -0.150324 -0.122410 0.122410
v -0.796240 -0.155738 -0.083026
v -0.150324 0.079943 -0.140000
v -0.150324 0.122410 -0.122410
v -0.150324 -0.079943 -0.140000
v -0.150324 -0.140000 -0.079943
v -0.150324 -0.122410 -0.122410
v -0.849676 0.079943 -0.140000
v -0.849706 -0.155798 0.082699
v -0.849676 0.122410 -0.122410
v -0.849676 0.079943 0.140000
v -0.849676 -0.079943 0.140000
v -0.849676 -0.140000 -0.079943
v -0.849676 -0.079943 -0.140000
v -0.374366 -0.000000 -0.156036
v -0.625634 -0.000000 0.156036
v -0.595583 -0.041681 0.156036
v -0.595583 0.041681 0.156036
v -0.404417 0.041681 0.156036
v -0.404417 -0.041681 0.156036
v -0.390177 -0.000000 0.156212
v -0.150294 0.155798 -0.082699
v -0.849706 0.155798 -0.082699
v -0.150294 -0.155798 0.082699
v -0.835087 -0.135702 -0.131382
v -0.164913 -0.135702 -0.131382
v -0.796240 -0.155738 0.083026
v -0.150324 -0.000000 0.140000
v -0.849676 -0.000000 0.140000
v -0.835066 0.135697 0.131387
v -0.203760 0.155737 0.083026
v -0.150324 -0.000000 -0.140000
v -0.849676 -0.000000 -0.140000
v -0.849706 0.155798 0.082699
v -0.796240 0.155737 0.083026
v -0.255319 0.140000 -0.079943
v -0.150324 0.140000 -0.079943
v -0.744681 0.140000 -0.079943
v -0.730507 0.122410 -0.122410
v -0.835066 0.122410 -0.122410
v -0.164934 0.122410 -0.122410
v -0.269493 0.122410 -0.122410
v -0.779772 0.079943 -0.140000
v -0.671143 0.079943 -0.140000
v -0.328857 0.079943 -0.140000
v -0.220228 0.079943 -0.140000
v -0.849706 -0.155798 -0.082699
v -0.744681 -0.140000 -0.079943
v -0.255319 -0.140000 -0.079943
v -0.164913 0.135702 0.131382
v -0.269493 -0.122410 -0.122410
v -0.164934 -0.122410 -0.122410
v -0.835066 -0.122410 -0.122410
v -0.730507 -0.122410 -0.122410
v -0.220228 -0.079943 -0.140000
v -0.328857 -0.079943 -0.140000
v -0.671143 -0.079943 -0.140000
v -0.779772 -0.079943 -0.140000
v -0.150324 -0.140000 0.079943
v -0.255319 -0.140000 0.079943
v -0.744681 -0.140000 0.079943
v -0.150294 0.155798 0.082699
v -0.730507 -0.122410 0.122410
v -0.835066 -0.122410 0.122410
v -0.164934 -0.122410 0.122410
v -0.269493 -0.122410 0.122410
v -0.779772 -0.079943 0.140000
v -0.671143 -0.079943 0.140000
v -0.328857 -0.079943 0.140000
v -0.220228 -0.079943 0.140000
v -0.744681 0.140000 0.079943
v -0.150294 -0.155798 -0.082699
v -0.203760 -0.155737 -0.083026
v -0.255319 0.140000 0.079943
v -0.269493 0.122410 0.122410
v -0.164934 0.122410 0.122410
v -0.835066 0.122410 0.122410
v -0.730507 0.122410 0.122410
v -0.220228 0.079943 0.140000
v -0.328857 0.079943 0.140000
v -0.671143 0.079943 0.140000
v -0.779772 0.079943 0.140000
v -0.374329 -0.000000 0.140000
v -0.404417 -0.041667 0.140000
v -0.404417 0.041667 0.140000
v -0.595583 0.041667 0.140000
v -0.595583 -0.041667 0.140000
v -0.625672 -0.000000 0.140000
v -0.374329 -0.000000 -0.140000
v -0.404501 0.041667 -0.140000
v -0.404501 -0.041667 -0.140000
v -0.595499 -0.041667 -0.140000
v -0.595499 0.041667 -0.140000
v -0.625672 -0.000000 -0.140000
v -0.404501 0.041681 -0.156036
v -0.404501 -0.041681 -0.156036
v -0.595499 -0.041681 -0.156036
v -0.595499 0.041681 -0.156036
v -0.625634 -0.000000 -0.156036
v -0.255284 0.155687 0.083275
v -0.255284 0.155687 -0.083275
v -0.203760 0.155737 -0.083026
v -0.796240 0.155737 -0.083026
v -0.744716 0.155687 0.083275
v -0.744717 0.155687 -0.083275
v -0.782787 0.133755 0.133743
v -0.730520 0.132140 0.135157
v -0.673114 0.073578 0.155961
v -0.725694 0.075424 0.155706
v -0.747971 0.076226 0.155367
v -0.217214 0.133755 0.133743
v -0.252029 0.076226 0.155367
v -0.274306 0.075424 0.155706
v -0.269480 0.132140 0.135157
v -0.326886 0.073578 0.155961
v -0.217213 -0.133755 0.133743
v -0.269480 -0.132140 0.135157
v -0.326886 -0.073578 0.155961
v -0.274306 -0.075424 0.155706
v -0.164913 -0.135702 0.131382
v -0.252029 -0.076226 0.155367
v -0.782786 -0.133755 0.133743
v -0.747971 -0.076226 0.155367
v -0.725694 -0.075424 0.155706
v -0.730520 -0.132140 0.135157
v -0.673114 -0.073578 0.155961
v -0.203760 -0.155737 0.083026
v -0.255284 -0.155687 0.083275
v -0.744716 -0.155687 0.083275
v -0.782787 -0.133755 -0.133743
v -0.730520 -0.132140 -0.135157
v -0.673114 -0.073578 -0.155961
v -0.725694 -0.075424 -0.155706
v -0.747971 -0.076226 -0.155367
v -0.217214 -0.133755 -0.133743
v -0.252029 -0.076226 -0.155367
v -0.274306 -0.075424 -0.155706
v -0.269480 -0.132140 -0.135157
v -0.326886 -0.073578 -0.155961
v -0.744716 -0.155687 -0.083275
v -0.255283 -0.155687 -0.083275
v -0.217213 0.133755 -0.133743
v -0.269480 0.132140 -0.135157
v -0.326886 0.073578 -0.155961
v -0.274306 0.075424 -0.155706
v -0.164913 0.135702 -0.131382
v -0.252029 0.076226 -0.155367
v -0.782786 0.133755 -0.133743
v -0.835087 0.135701 -0.131382
v -0.747971 0.076226 -0.155367
v -0.725694 0.075424 -0.155706
v -0.730520 0.132140 -0.135157
v -0.673114 0.073578 -0.155961
v -0.680909 0.426251 0.021244
v -0.704523 0.426288 0.021175
v -0.704523 0.426288 -0.021175
v -0.316132 0.426251 -0.031650
v -0.316132 0.426251 0.031650
v -0.683868 0.426251 -0.031650
v -0.251284 0.361674 -0.049818
v -0.251284 0.361674 0.049818
v -0.206396 0.330362 0.049622
v -0.206396 0.330362 -0.049622
v -0.748716 0.361674 -0.049818
v -0.793605 0.330362 -0.049622
v -0.748716 0.361674 0.049818
v -0.793605 0.330362 0.049622
v -0.224209 0.385788 -0.039120
v -0.277420 0.426302 -0.031556
v -0.232256 0.401311 -0.036187
v -0.245195 0.414460 -0.033720
v -0.261054 0.423236 -0.032093
v -0.722580 0.426301 -0.031556
v -0.775792 0.385788 -0.039120
v -0.738946 0.423236 -0.032093
v -0.754805 0.414460 -0.033720
v -0.767744 0.401311 -0.036187
v -0.277420 0.426302 0.031556
v -0.224209 0.385788 0.039120
v -0.261054 0.423236 0.032093
v -0.245195 0.414460 0.033720
v -0.232256 0.401311 0.036187
v -0.775792 0.385788 0.039120
v -0.722580 0.426301 0.031556
v -0.767744 0.401311 0.036187
v -0.754805 0.414460 0.033720
v -0.738946 0.423236 0.032093
v -0.334769 0.361623 -0.049967
v -0.285716 0.322377 -0.057456
v -0.254316 0.361670 -0.049829
v -0.303220 0.400207 -0.042605
v -0.318703 0.358636 -0.050537
v -0.303739 0.350128 -0.052161
v -0.292156 0.337396 -0.054590
v -0.285716 0.322377 0.057456
v -0.334769 0.361623 0.049967
v -0.303219 0.400207 0.042605
v -0.254316 0.361670 0.049829
v -0.292156 0.337396 0.054590
v -0.303739 0.350128 0.052161
v -0.318703 0.358636 0.050537
v -0.714284 0.322377 -0.057456
v -0.665231 0.361623 -0.049967
v -0.696781 0.400207 -0.042605
v -0.745684 0.361670 -0.049829
v -0.707844 0.337396 -0.054590
v -0.696261 0.350128 -0.052161
v -0.681297 0.358636 -0.050537
v -0.665231 0.361623 0.049967
v -0.714284 0.322377 0.057456
v -0.745684 0.361670 0.049829
v -0.696781 0.400207 0.042605
v -0.681297 0.358636 0.050537
v -0.696261 0.350128 0.052161
v -0.707844 0.337396 0.054590
v -0.255319 0.140000 -0.061674
v -0.255319 0.140000 0.061674
v -0.744716 0.155687 0.064244
v -0.744716 0.155687 -0.064244
v -0.255284 0.155687 -0.064244
v -0.255284 0.155687 0.064244
v -0.408066 0.426251 -0.031650
v -0.500000 0.426251 -0.031650
v -0.612937 0.426251 -0.021244
v -0.408066 0.426251 0.031650
v -0.500000 0.426251 0.031650
v -0.612937 0.426251 0.021244
v -0.634914 0.361623 -0.049967
v -0.576873 0.361623 -0.049967
v -0.609881 0.387917 -0.042515
v -0.605894 0.361623 -0.049967
v -0.529020 0.361623 -0.049967
v -0.470980 0.361623 -0.049967
v -0.500000 0.388169 -0.042444
v -0.500000 0.361623 -0.049967
v -0.423127 0.361623 -0.049967
v -0.365086 0.361623 -0.049967
v -0.390119 0.387917 -0.042515
v -0.394107 0.361623 -0.049967
v -0.576873 0.361623 0.049967
v -0.634914 0.361623 0.049967
v -0.609881 0.387917 0.042515
v -0.605893 0.361623 0.049967
v -0.470980 0.361623 0.049967
v -0.529020 0.361623 0.049967
v -0.500000 0.388169 0.042444
v -0.500000 0.361623 0.049967
v -0.365086 0.361623 0.049967
v -0.423127 0.361623 0.049967
v -0.390119 0.387917 0.042515
v -0.394106 0.361623 0.049967
v -0.744681 0.140000 -0.061674
v -0.744681 0.140000 0.061674
v -0.334769 0.361623 -0.038548
v -0.334769 0.361623 0.038548
v -0.318703 0.358636 0.038988
v -0.318703 0.358636 -0.038988
v -0.303739 0.350128 0.040240
v -0.303739 0.350128 -0.040240
v -0.292156 0.337396 0.042115
v -0.292156 0.337396 -0.042115
v -0.285716 0.322377 0.044325
v -0.285716 0.322377 -0.044326
v -0.665231 0.361623 0.038548
v -0.665231 0.361623 -0.038548
v -0.681297 0.358636 -0.038988
v -0.681297 0.358636 0.038988
v -0.696261 0.350128 -0.040240
v -0.696261 0.350128 0.040241
v -0.707844 0.337396 -0.042115
v -0.707844 0.337396 0.042115
v -0.714284 0.322377 -0.044325
v -0.714284 0.322377 0.044326
v -0.423127 0.361623 -0.038548
v -0.423127 0.361623 0.038548
v -0.365086 0.361623 0.038548
v -0.365086 0.361623 -0.038548
v -0.529020 0.361623 -0.038548
v -0.529020 0.361623 0.038548
v -0.470980 0.361623 0.038548
v -0.470980 0.361623 -0.038548
v -0.634914 0.361623 -0.038548
v -0.634914 0.361623 0.038548
v -0.576873 0.361623 0.038548
v -0.576873 0.361623 -0.038548
v -0.798719 0.333329 -0.012781
v -0.800977 0.326304 -0.014758
v -0.797066 0.338472 -0.007379
v -0.796461 0.340354 0.000000
v -0.797066 0.338472 0.007379
v -0.798719 0.333329 0.012781
v -0.800977 0.326304 0.014758
v -0.803234 0.319279 0.012781
v -0.804887 0.314136 0.007379
v -0.805492 0.312254 0.000000
v -0.804887 0.314136 -0.007379
v -0.803234 0.319279 -0.012781
v -0.803635 0.331812 -0.007673
v -0.804990 0.327594 -0.008860
v -0.802643 0.334899 -0.004430
v -0.802279 0.336030 0.000000
v -0.802643 0.334899 0.004430
v -0.803635 0.331812 0.007673
v -0.804990 0.327594 0.008860
v -0.806346 0.323376 0.007673
v -0.807338 0.320289 0.004430
v -0.807701 0.319159 0.000000
v -0.807338 0.320289 -0.004430
v -0.806346 0.323376 -0.007673
v -0.795752 0.335223 -0.017475
v -0.798839 0.325617 -0.020179
v -0.793492 0.342255 -0.010089
v -0.792665 0.344828 0.000000
v -0.793492 0.342255 0.010089
v -0.795752 0.335223 0.017475
v -0.798839 0.325617 0.020179
v -0.801926 0.316012 0.017475
v -0.804186 0.308980 0.010089
v -0.805013 0.306406 0.000000
v -0.804186 0.308980 -0.010089
v -0.801926 0.316012 -0.017475
v -0.785792 0.329669 -0.013595
v -0.788194 0.322196 -0.015698
v -0.784034 0.335139 -0.007849
v -0.783391 0.337141 -0.000000
v -0.784034 0.335139 0.007849
v -0.785792 0.329669 0.013595
v -0.788194 0.322196 0.015698
v -0.790595 0.314723 0.013595
v -0.792353 0.309253 0.007849
v -0.792997 0.307250 0.000000
v -0.792353 0.309253 -0.007849
v -0.790595 0.314723 -0.013595
v -0.782675 0.333278 -0.021198
v -0.786420 0.321626 -0.024477
v -0.779934 0.341807 -0.012239
v -0.778931 0.344930 0.000000
v -0.779934 0.341807 0.012239
v -0.782675 0.333278 0.021198
v -0.786420 0.321626 0.024477
v -0.790165 0.309974 0.021198
v -0.792906 0.301445 0.012239
v -0.793910 0.298323 0.000000
v -0.792906 0.301445 -0.012239
v -0.790165 0.309974 -0.021198
v -0.795568 0.337421 -0.021198
v -0.796684 0.336944 -0.019819
v -0.796584 0.337503 -0.020794
v -0.800185 0.326050 -0.022886
v -0.799312 0.325769 -0.024477
v -0.800257 0.326073 -0.024011
v -0.792827 0.345951 -0.012239
v -0.794121 0.344919 -0.011443
v -0.793895 0.345870 -0.012006
v -0.791823 0.349073 0.000000
v -0.793183 0.347838 0.000000
v -0.792911 0.348933 0.000000
v -0.792827 0.345951 0.012239
v -0.794121 0.344919 0.011443
v -0.793895 0.345870 0.012006
v -0.795568 0.337421 0.021198
v -0.796684 0.336944 0.019819
v -0.796584 0.337503 0.020794
v -0.799312 0.325769 0.024477
v -0.800185 0.326050 0.022886
v -0.800257 0.326073 0.024011
v -0.803057 0.314118 0.021198
v -0.803686 0.315156 0.019819
v -0.803931 0.314643 0.020794
v -0.805798 0.305588 0.012239
v -0.806249 0.307181 0.011443
v -0.806620 0.306276 0.012006
v -0.806802 0.302466 0.000000
v -0.807187 0.304262 0.000000
v -0.807604 0.303213 0.000000
v -0.805798 0.305588 -0.012239
v -0.806249 0.307181 -0.011443
v -0.806620 0.306276 -0.012006
v -0.803057 0.314118 -0.021198
v -0.803686 0.315156 -0.019819
v -0.803931 0.314643 -0.020794
v -0.683868 0.426251 0.031650
v -0.680909 0.426251 -0.021244
v -0.591934 0.426251 -0.031650
v -0.591934 0.426251 0.031650
v -0.680915 0.419213 -0.021244
v -0.680915 0.419213 0.021244
v -0.704529 0.419250 0.021175
v -0.704529 0.419250 -0.021175
v -0.612942 0.419213 -0.021244
v -0.612942 0.419214 0.021244
v -0.700584 0.419644 0.019351
v -0.700584 0.419644 -0.019351
v -0.616886 0.419609 -0.019414
v -0.616886 0.419609 0.019414
v -0.699780 0.440125 0.019351
v -0.699780 0.440125 -0.019351
v -0.617285 0.426821 -0.019414
v -0.617285 0.426821 0.019414
v -0.641252 0.428867 0.019396
v -0.676870 0.434643 0.019369
v -0.659074 0.431189 0.019383
v -0.676870 0.434643 -0.019369
v -0.641252 0.428867 -0.019396
v -0.659074 0.431189 -0.019383
v -0.640941 0.419619 0.019396
v -0.676384 0.419634 0.019369
v -0.658662 0.419627 0.019383
v -0.676384 0.419634 -0.019369
v -0.640941 0.419619 -0.019396
v -0.658662 0.419626 -0.019383
v -0.754105 0.123472 0.127129
v -0.760757 0.121627 0.128228
v -0.765627 0.116587 0.131231
v -0.767410 0.109703 0.135333
v -0.765627 0.102819 0.139435
v -0.760757 0.097779 0.142438
v -0.754105 0.095935 0.143537
v -0.747453 0.097779 0.142438
v -0.742583 0.102819 0.139435
v -0.740800 0.109703 0.135333
v -0.742583 0.116587 0.131231
v -0.747453 0.121627 0.128228
v -0.245895 0.123472 0.127129
v -0.252548 0.121627 0.128228
v -0.257418 0.116588 0.131231
v -0.259200 0.109703 0.135333
v -0.257418 0.102819 0.139435
v -0.252548 0.097779 0.142438
v -0.245895 0.095935 0.143537
v -0.239243 0.097779 0.142438
v -0.234373 0.102819 0.139435
v -0.232591 0.109703 0.135333
v -0.234373 0.116587 0.131231
v -0.239243 0.121627 0.128228
v -0.754105 -0.123472 0.127129
v -0.760757 -0.121627 0.128228
v -0.765627 -0.116588 0.131231
v -0.767410 -0.109703 0.135333
v -0.765627 -0.102819 0.139435
v -0.760757 -0.097779 0.142438
v -0.754105 -0.095935 0.143537
v -0.747452 -0.097779 0.142438
v -0.742583 -0.102819 0.139435
v -0.740800 -0.109703 0.135333
v -0.742583 -0.116588 0.131231
v -0.747452 -0.121627 0.128228
v -0.245895 -0.123472 0.127129
v -0.252548 -0.121627 0.128228
v -0.257417 -0.116588 0.131231
v -0.259200 -0.109703 0.135333
v -0.257417 -0.102819 0.139435
v -0.252548 -0.097780 0.142438
v -0.245895 -0.095935 0.143537
v -0.239243 -0.097780 0.142438
v -0.234373 -0.102819 0.139435
v -0.232590 -0.109703 0.135333
v -0.234373 -0.116588 0.131231
v -0.239243 -0.121627 0.128228
v -0.754105 0.123472 -0.127129
v -0.760757 0.121627 -0.128228
v -0.765627 0.116587 -0.131231
v -0.767410 0.109703 -0.135333
v -0.765627 0.102819 -0.139435
v -0.760757 0.097779 -0.142438
v -0.754105 0.095935 -0.143537
v -0.747453 0.097779 -0.142438
v -0.742583 0.102819 -0.139435
v -0.740800 0.109703 -0.135333
v -0.742583 0.116587 -0.131231
v -0.747453 0.121627 -0.128228
v -0.245895 0.123472 -0.127129
v -0.252548 0.121627 -0.128228
v -0.257418 0.116588 -0.131231
v -0.259200 0.109703 -0.135333
v -0.257418 0.102819 -0.139435
v -0.252548 0.097779 -0.142438
v -0.245895 0.095935 -0.143537
v -0.239243 0.097779 -0.142438
v -0.234373 0.102819 -0.139435
v -0.232591 0.109703 -0.135333
v -0.234373 0.116588 -0.131231
v -0.239243 0.121627 -0.128228
v -0.754105 -0.123472 -0.127129
v -0.760757 -0.121627 -0.128228
v -0.765627 -0.116588 -0.131231
v -0.767410 -0.109703 -0.135333
v -0.765627 -0.102819 -0.139435
v -0.760757 -0.097779 -0.142438
v -0.754105 -0.095935 -0.143537
v -0.747452 -0.097779 -0.142438
v -0.742583 -0.102819 -0.139435
v -0.740800 -0.109703 -0.135333
v -0.742583 -0.116588 -0.131231
v -0.747452 -0.121627 -0.128228
v -0.245895 -0.123472 -0.127129
v -0.252548 -0.121627 -0.128228
v -0.257417 -0.116588 -0.131231
v -0.259200 -0.109703 -0.135333
v -0.257417 -0.102819 -0.139435
v -0.252548 -0.097779 -0.142438
v -0.245895 -0.095935 -0.143537
v -0.239243 -0.097779 -0.142438
v -0.234373 -0.102819 -0.139435
v -0.232590 -0.109703 -0.135333
v -0.234373 -0.116588 -0.131231
v -0.239243 -0.121627 -0.128228
v -0.234373 -0.101763 -0.147089
v -0.232590 -0.108465 -0.144311
v -0.234373 -0.115144 -0.141697
v -0.234373 -0.115123 0.141849
v -0.232590 -0.108394 0.144828
v -0.232591 0.108394 -0.144828
v -0.234373 0.101668 -0.147782
v -0.234373 0.115123 -0.141849
v -0.234373 -0.101668 0.147782
v -0.239243 -0.096817 -0.149419
v -0.232591 0.108465 0.144311
v -0.234373 0.115144 0.141697
v -0.234373 0.101763 0.147089
v -0.245895 -0.095012 -0.150231
v -0.239243 0.096747 -0.149921
v -0.245895 0.094951 -0.150670
v -0.239243 -0.120057 -0.139613
v -0.239243 0.120033 -0.139787
v -0.236201 0.116973 -0.141021
v -0.245895 -0.121858 -0.138826
v -0.236201 -0.116974 -0.141021
v -0.245895 0.121816 -0.139136
v -0.239243 -0.120033 0.139787
v -0.245895 -0.121816 0.139136
v -0.236201 0.116974 0.141021
v -0.239243 0.120057 0.139613
v -0.245895 0.121858 0.138826
v -0.236201 -0.116974 0.141021
v -0.239243 0.096817 0.149419
v -0.239243 -0.096747 0.149921
v -0.245895 -0.094951 0.150670
v -0.245895 0.095011 0.150231
v -0.252548 -0.096795 -0.149577
v -0.259200 -0.108427 -0.144583
v -0.257417 -0.101692 -0.147607
v -0.255589 -0.099839 -0.148453
v -0.252548 0.096760 -0.149830
v -0.255589 0.099839 -0.148453
v -0.257418 0.101678 -0.147711
v -0.252548 -0.120054 -0.139631
v -0.257417 -0.115154 -0.141621
v -0.257418 0.115087 -0.142109
v -0.252548 0.120005 -0.139986
v -0.252548 -0.120005 0.139986
v -0.257417 -0.115087 0.142109
v -0.257418 0.115154 0.141621
v -0.252548 0.120054 0.139631
v -0.257417 -0.101678 0.147711
v -0.255589 -0.099839 0.148453
v -0.252548 -0.096760 0.149830
v -0.252548 0.096795 0.149577
v -0.255589 0.099839 0.148453
v -0.257418 0.101692 0.147607
v -0.259200 0.108379 -0.144937
v -0.259200 -0.108379 0.144937
v -0.259200 0.108427 0.144583
v -0.740800 -0.108379 -0.144937
v -0.742583 -0.115154 0.141621
v -0.740800 -0.108427 0.144583
v -0.742583 -0.101692 0.147607
v -0.742583 -0.101678 -0.147711
v -0.742583 -0.115087 -0.142109
v -0.742583 0.115087 0.142109
v -0.740800 0.108379 0.144937
v -0.742583 0.101678 0.147711
v -0.740800 0.108427 -0.144583
v -0.742583 0.101692 -0.147607
v -0.742583 0.115154 -0.141621
v -0.747452 -0.096760 -0.149830
v -0.747452 -0.120054 0.139631
v -0.744411 -0.099839 0.148453
v -0.747452 -0.096795 0.149577
v -0.744411 -0.099839 -0.148453
v -0.754105 -0.094951 -0.150670
v -0.754105 0.095011 -0.150231
v -0.760757 -0.096747 -0.149921
v -0.747453 0.096795 -0.149577
v -0.744411 0.099839 -0.148453
v -0.747453 0.120054 -0.139631
v -0.754105 -0.121816 -0.139136
v -0.747452 -0.120005 -0.139986
v -0.760757 -0.120033 -0.139787
v -0.754105 0.121858 -0.138826
v -0.754105 -0.121858 0.138826
v -0.754105 0.121816 0.139136
v -0.747453 0.120005 0.139986
v -0.760757 -0.120057 0.139613
v -0.744411 0.099839 0.148453
v -0.747453 0.096760 0.149830
v -0.754105 -0.095012 0.150231
v -0.760757 -0.096817 0.149419
v -0.754105 0.094951 0.150670
v -0.760757 0.096816 -0.149419
v -0.767410 -0.108394 -0.144828
v -0.765627 -0.101668 -0.147782
v -0.765627 0.101763 -0.147089
v -0.767410 0.108465 -0.144311
v -0.763799 -0.116974 -0.141021
v -0.765627 -0.115123 -0.141849
v -0.765627 0.115144 -0.141697
v -0.763799 0.116974 -0.141021
v -0.760757 0.120057 -0.139613
v -0.760757 0.120033 0.139787
v -0.765627 -0.115144 0.141697
v -0.763799 -0.116974 0.141021
v -0.767410 -0.108465 0.144311
v -0.765627 0.115123 0.141849
v -0.763799 0.116974 0.141021
v -0.765627 -0.101763 0.147089
v -0.760757 0.096747 0.149921
v -0.765627 0.101668 0.147782
v -0.767410 0.108394 0.144828
v -0.384917 0.349216 0.038548
v -0.403296 0.349216 0.038548
v -0.394106 0.347145 0.038548
v -0.403296 0.349216 -0.038548
v -0.384917 0.349216 -0.038548
v -0.394107 0.347145 -0.038548
v -0.490810 0.349216 0.038548
v -0.509190 0.349216 0.038548
v -0.500000 0.347145 0.038548
v -0.509190 0.349216 -0.038548
v -0.490810 0.349216 -0.038548
v -0.500000 0.347145 -0.038548
v -0.596704 0.349216 0.038548
v -0.615083 0.349216 0.038548
v -0.605894 0.347145 0.038548
v -0.615083 0.349216 -0.038548
v -0.596704 0.349216 -0.038548
v -0.605894 0.347145 -0.038548
v -0.328880 -0.081152 0.155991
v -0.274577 -0.083057 0.155731
v -0.220294 0.085012 0.155216
v -0.274577 0.083057 0.155731
v -0.671120 0.081152 0.155991
v -0.725423 0.083057 0.155731
v -0.328880 0.081152 0.155991
v -0.779706 0.085012 0.155216
v -0.220294 -0.085012 0.155216
v -0.779706 -0.085012 0.155216
v -0.725423 -0.083057 0.155731
v -0.671120 -0.081152 0.155991
v -0.671120 -0.081152 -0.155991
v -0.725423 -0.083057 -0.155731
v -0.779706 -0.085012 -0.155216
v -0.220294 -0.085012 -0.155216
v -0.274577 -0.083057 -0.155731
v -0.328880 -0.081152 -0.155991
v -0.328880 0.081152 -0.155991
v -0.274577 0.083057 -0.155731
v -0.220294 0.085012 -0.155216
v -0.779706 0.085012 -0.155216
v -0.725423 0.083057 -0.155731
v -0.671120 0.081152 -0.155991
v -0.404501 -0.034042 -0.156019
v -0.390177 -0.000000 -0.156212
v -0.609823 -0.000000 -0.156212
v -0.595499 -0.034042 -0.156019
v -0.404417 0.034042 0.156019
v -0.374366 -0.000000 0.156036
v -0.609823 -0.000000 0.156212
v -0.595583 0.034042 0.156019
v -0.404417 -0.034042 0.156019
v -0.595583 -0.034042 0.156019
v -0.404501 0.034042 -0.156019
v -0.595499 0.034042 -0.156019
v -0.588580 -0.013020 0.149436
v -0.609823 -0.000000 0.149606
v -0.588580 -0.000000 0.149437
v -0.609823 -0.000000 -0.149606
v -0.595499 -0.012530 -0.149438
v -0.588580 -0.028052 0.149423
v -0.595499 -0.000000 -0.149438
v -0.404501 -0.034042 -0.149421
v -0.404501 0.012530 -0.149438
v -0.404501 -0.000000 -0.149438
v -0.588580 0.013020 0.149436
v -0.595499 0.012530 -0.149438
v -0.595499 0.034042 -0.149421
v -0.595499 -0.034042 -0.149421
v -0.404501 0.034042 -0.149421
v -0.404501 -0.012530 -0.149438
v -0.390177 -0.000000 -0.149606
v -0.588580 0.028052 0.149423
v -0.411420 0.028052 0.149423
v -0.411420 0.013020 0.149436
v -0.404417 -0.000000 0.149438
v -0.411420 -0.028052 0.149423
v -0.411420 -0.013020 0.149436
v -0.390177 -0.000000 0.149606
v -0.274306 -0.075424 -0.149122
v -0.725694 -0.075424 -0.149122
v -0.274306 0.075424 0.149122
v -0.725694 0.075424 0.149122
v -0.274306 -0.075424 0.149122
v -0.725694 -0.075424 0.149122
v -0.274306 0.075424 -0.149122
v -0.725694 0.075424 -0.149122
v -0.326886 -0.073578 0.149365
v -0.252029 0.076226 0.148797
v -0.673114 0.073578 0.149365
v -0.326886 0.073578 0.149365
v -0.747971 0.076226 0.148797
v -0.252029 -0.076226 0.148797
v -0.747971 -0.076226 0.148797
v -0.673114 -0.073578 0.149365
v -0.673114 -0.073578 -0.149365
v -0.747971 -0.076226 -0.148797
v -0.252029 -0.076226 -0.148797
v -0.326886 -0.073578 -0.149365
v -0.326886 0.073578 -0.149365
v -0.252029 0.076226 -0.148797
v -0.747971 0.076226 -0.148797
v -0.673114 0.073578 -0.149365
v -1.003753 -0.014285 -0.071815
v -0.901727 -0.045601 -0.229251
v -1.003753 -0.040680 -0.060882
v -0.901727 -0.129860 -0.194349
v -1.003753 -0.060882 -0.040680
v -0.901727 -0.194350 -0.129860
v -1.003753 -0.071815 -0.014285
v -0.901727 -0.229251 -0.045601
v -1.003753 -0.071815 0.014285
v -0.901727 -0.229251 0.045601
v -1.003753 -0.060882 0.040680
v -0.901727 -0.194350 0.129860
v -1.003753 -0.040680 0.060882
v -0.901727 -0.129860 0.194349
v -1.003753 -0.014285 0.071815
v -0.901727 -0.045601 0.229251
v -1.003753 0.014285 0.071815
v -0.901727 0.045601 0.229251
v -1.003753 0.040680 0.060882
v -0.901727 0.129860 0.194349
v -1.003753 0.060882 0.040680
v -0.901727 0.194349 0.129860
v -1.003753 0.071815 0.014285
v -0.901727 0.229251 0.045601
v -1.003753 0.071815 -0.014285
v -0.901727 0.229251 -0.045601
v -1.003753 0.060882 -0.040680
v -0.901727 0.194349 -0.129860
v -1.003753 0.040680 -0.060882
v -0.901727 0.129860 -0.194350
v -1.003753 0.014285 -0.071815
v -0.901727 0.045600 -0.229251
v -0.872329 -0.041041 -0.206326
v -0.872329 -0.116874 -0.174915
v -0.872329 -0.174915 -0.116874
v -0.872329 -0.206326 -0.041041
v -0.872329 -0.206326 0.041041
v -0.872329 -0.174915 0.116874
v -0.872329 -0.116874 0.174915
v -0.872329 -0.041041 0.206326
v -0.872329 0.041041 0.206326
v -0.872329 0.116874 0.174914
v -0.872329 0.174915 0.116874
v -0.872329 0.206326 0.041041
v -0.872329 0.206326 -0.041041
v -0.872329 0.174914 -0.116874
v -0.872329 0.116874 -0.174915
v -0.872329 0.041040 -0.206326
v -1.050936 -0.045601 -0.229251
v -1.050936 -0.129860 -0.194349
v -1.050936 -0.194349 -0.129860
v -1.050936 -0.229251 -0.045601
v -1.050936 -0.229251 0.045601
v -1.050936 -0.194349 0.129860
v -1.050936 -0.129860 0.194349
v -1.050936 -0.045601 0.229251
v -1.050936 0.045601 0.229251
v -1.050936 0.129860 0.194349
v -1.050936 0.194349 0.129860
v -1.050936 0.229251 0.045601
v -1.050936 0.229251 -0.045601
v -1.050936 0.194349 -0.129860
v -1.050936 0.129860 -0.194350
v -1.050936 0.045600 -0.229251
v -1.071086 -0.129860 -0.194349
v -1.071086 -0.194349 -0.129860
v -1.071086 -0.229251 -0.045601
v -1.071086 -0.229251 0.045601
v -1.071086 -0.194349 0.129860
v -1.071086 -0.129860 0.194349
v -1.071086 -0.045601 0.229251
v -1.071086 0.045601 0.229251
v -1.071086 0.129860 0.194349
v -1.071086 0.194349 0.129860
v -1.071086 0.229251 0.045601
v -1.071086 0.229251 -0.045601
v -1.071086 0.194349 -0.129860
v -1.071086 0.129860 -0.194350
v -1.071086 0.045600 -0.229251
v -1.071086 -0.045601 -0.229251
v -1.071086 -0.121041 -0.181151
v -1.071086 -0.181151 -0.121041
v -1.071086 -0.213682 -0.042504
v -1.071086 -0.213682 0.042504
v -1.071086 -0.181151 0.121041
v -1.071086 -0.121041 0.181151
v -1.071086 -0.042504 0.213682
v -1.071086 0.042504 0.213682
v -1.071086 0.121041 0.181151
v -1.071086 0.181151 0.121041
v -1.071086 0.213682 0.042504
v -1.071086 0.213682 -0.042504
v -1.071086 0.181151 -0.121041
v -1.071086 0.121041 -0.181151
v -1.071086 0.042504 -0.213682
v -1.071086 -0.042504 -0.213682
v -1.050936 -0.042504 -0.213682
v -1.050936 -0.121041 -0.181151
v -1.050936 -0.181151 -0.121041
v -1.050936 -0.213682 -0.042504
v -1.050936 -0.213682 0.042504
v -1.050936 -0.181151 0.121041
v -1.050936 -0.121041 0.181151
v -1.050936 -0.042504 0.213682
v -1.050936 0.042504 0.213682
v -1.050936 0.121041 0.181151
v -1.050936 0.181151 0.121041
v -1.050936 0.213682 0.042504
v -1.050936 0.213682 -0.042504
v -1.050936 0.181151 -0.121041
v -1.050936 0.121041 -0.181151
v -1.050936 0.042504 -0.213682
v -0.949659 -0.013713 -0.068940
v -0.949659 -0.039051 -0.058444
v -0.949659 -0.058444 -0.039051
v -0.949659 -0.068940 -0.013713
v -0.949659 -0.068940 0.013713
v -0.949659 -0.058444 0.039051
v -0.949659 -0.039051 0.058444
v -0.949659 -0.013713 0.068940
v -0.949659 0.013713 0.068940
v -0.949659 0.039051 0.058444
v -0.949659 0.058444 0.039051
v -0.949659 0.068940 0.013713
v -0.949659 0.068940 -0.013713
v -0.949659 0.058444 -0.039051
v -0.949659 0.039051 -0.058444
v -0.949659 0.013713 -0.068940
v -0.905766 -0.011729 -0.058965
v -0.905766 -0.033401 -0.049988
v -0.905766 -0.049988 -0.033401
v -0.905766 -0.058965 -0.011729
v -0.905766 -0.058965 0.011729
v -0.905766 -0.049988 0.033401
v -0.905766 -0.033401 0.049988
v -0.905766 -0.011729 0.058965
v -0.905766 0.011729 0.058965
v -0.905766 0.033401 0.049988
v -0.905766 0.049988 0.033401
v -0.905766 0.058965 0.011729
v -0.905766 0.058965 -0.011729
v -0.905766 0.049988 -0.033401
v -0.905766 0.033401 -0.049988
v -0.905766 0.011729 -0.058965
v -0.595583 -0.012530 0.149438
v -0.595583 -0.000000 0.149438
v -0.595583 -0.034042 0.149421
v -0.595583 0.012530 0.149438
v -0.595583 0.034042 0.149421
v -0.404417 0.034042 0.149421
v -0.404417 0.012530 0.149438
v -0.404417 -0.012530 0.149438
v -0.404417 -0.034042 0.149421
v -0.411420 -0.000000 0.149437
v -0.561692 -0.000000 0.140005
v -0.588580 -0.028052 0.139990
v -0.588580 -0.000000 0.140004
v -0.588580 0.028052 0.139990
v -0.438308 -0.000000 0.140005
v -0.411420 0.028052 0.139990
v -0.411420 -0.000000 0.140004
v -0.411420 -0.028052 0.139990
v -0.588580 -0.013020 0.140004
v -0.588580 0.013020 0.140004
v -0.411420 0.013020 0.140004
v -0.411420 -0.013020 0.140004
v -0.849676 0.140000 0.079943
v -0.849676 0.122410 0.122410
v -0.849676 -0.140000 0.079943
v -0.849676 -0.122410 0.122410
v -0.849676 -0.122410 -0.122410
v -0.849676 0.140000 -0.079943
v -0.849676 0.039972 0.140000
v -0.849676 0.039972 -0.140000
v -0.595499 -0.000000 -0.140005
v -0.595499 -0.012530 -0.140005
v -0.438308 -0.000000 -0.140005
v -0.404501 -0.034042 -0.139989
v -0.404501 0.012530 -0.140005
v -0.404501 -0.000000 -0.140005
v -0.595499 0.012530 -0.140005
v -0.595499 0.034042 -0.139989
v -0.595499 -0.034042 -0.139989
v -0.561692 -0.000000 -0.140005
v -0.404501 0.034042 -0.139989
v -0.404501 -0.012530 -0.140005
v -1.050936 -0.036621 -0.184106
v -1.050936 -0.104288 -0.156078
v -1.050936 -0.156078 -0.104288
v -1.050936 -0.184106 -0.036621
v -1.050936 -0.184106 0.036621
v -1.050936 -0.156078 0.104288
v -1.050936 -0.104288 0.156078
v -1.050936 -0.036621 0.184106
v -1.050936 0.036621 0.184106
v -1.050936 0.104288 0.156078
v -1.050936 0.156078 0.104288
v -1.050936 0.184106 0.036621
v -1.050936 0.184106 -0.036621
v -1.050936 0.156077 -0.104288
v -1.050936 0.104287 -0.156078
v -1.050936 0.036621 -0.184106
v -0.150324 0.093590 -0.047863
v -0.150324 0.111028 -0.059008
v -0.150324 0.000242 -0.110580
v -0.150324 0.000305 -0.091289
v -0.150324 -0.093628 -0.047855
v -0.150324 -0.111087 -0.059101
v -0.150324 0.094111 0.047185
v -0.150324 0.111671 0.058247
v -0.150324 -0.000008 0.091433
v -0.150324 -0.000018 0.110755
v -0.150324 -0.093970 0.047639
v -0.150324 -0.111509 0.058790
v -0.432846 0.010405 0.139990
v -0.432846 -0.010134 0.139990
v -0.430166 0.010405 0.139990
v -0.430166 -0.010134 0.139990
v -0.424052 0.003388 0.139990
v -0.430046 -0.003238 0.139990
v -0.420860 0.003388 0.139990
v -0.426642 -0.003238 0.139990
v -0.423269 -0.010134 0.139990
v -0.419656 -0.010134 0.139990
v -0.446639 0.003388 0.139990
v -0.446639 0.000979 0.139990
v -0.435105 0.003388 0.139990
v -0.439773 0.000979 0.139990
v -0.442303 -0.007725 0.139990
v -0.446941 -0.010134 0.139990
v -0.435075 -0.007725 0.139990
v -0.435075 -0.010134 0.139990
v -0.458039 0.010578 0.139990
v -0.464210 0.009830 0.139990
v -0.452640 0.008450 0.139990
v -0.460798 0.007898 0.139990
v -0.456484 0.007377 0.139990
v -0.468578 0.006521 0.139990
v -0.464629 0.006393 0.139990
v -0.453282 0.005002 0.139990
v -0.449401 0.004196 0.139990
v -0.467057 0.003265 0.139990
v -0.470612 0.001539 0.139990
v -0.451738 0.001239 0.139990
v -0.467591 -0.000961 0.139990
v -0.448713 -0.001236 0.139990
v -0.452273 -0.002981 0.139990
v -0.469934 -0.003862 0.139990
v -0.466049 -0.004719 0.139990
v -0.450694 -0.006186 0.139990
v -0.454706 -0.006113 0.139990
v -0.462858 -0.007102 0.139990
v -0.466720 -0.008133 0.139990
v -0.458554 -0.007626 0.139990
v -0.455069 -0.009537 0.139990
v -0.461366 -0.010304 0.139990
v -0.478878 0.003643 0.139990
v -0.476702 0.003328 0.139990
v -0.480350 0.003282 0.139990
v -0.485278 0.003388 0.139990
v -0.485278 -0.010134 0.139990
v -0.482598 0.003388 0.139990
v -0.482598 0.001611 0.139990
v -0.475238 0.002323 0.139990
v -0.479225 0.001521 0.139990
v -0.474520 0.001268 0.139990
v -0.482598 -0.000437 0.139990
v -0.480340 0.001328 0.139990
v -0.477815 0.001111 0.139990
v -0.476900 -0.000027 0.139990
v -0.482598 -0.010134 0.139990
v -0.473894 -0.001792 0.139990
v -0.476575 -0.001762 0.139990
v -0.476575 -0.010134 0.139990
v -0.473894 -0.010134 0.139990
v -0.493118 0.003542 0.139990
v -0.496233 0.003457 0.139990
v -0.490951 0.002582 0.139990
v -0.490188 0.001723 0.139990
v -0.498921 0.001822 0.139990
v -0.498921 -0.001099 0.139990
v -0.496121 0.000893 0.139990
v -0.494255 0.001115 0.139990
v -0.493035 0.000747 0.139990
v -0.492357 -0.000167 0.139990
v -0.489525 -0.000798 0.139990
v -0.489525 -0.007755 0.139990
v -0.492205 -0.001973 0.139990
v -0.492205 -0.003448 0.139990
v -0.492205 -0.007394 0.139990
v -0.498117 -0.004582 0.139990
v -0.495568 -0.004980 0.139990
v -0.498777 -0.005404 0.139990
v -0.496441 -0.006228 0.139990
v -0.496416 -0.007138 0.139990
v -0.499165 -0.007524 0.139990
v -0.487597 -0.007725 0.139990
v -0.487597 -0.009351 0.139990
v -0.495936 -0.007977 0.139990
v -0.489466 -0.008162 0.139990
v -0.495549 -0.008264 0.139990
v -0.493731 -0.008373 0.139990
v -0.489293 -0.008382 0.139990
v -0.489013 -0.008448 0.139990
v -0.494554 -0.008508 0.139990
v -0.492235 -0.009020 0.139990
v -0.498550 -0.009081 0.139990
v -0.491719 -0.009951 0.139990
v -0.496815 -0.010281 0.139990
v -0.494647 -0.010253 0.139990
v -0.490969 -0.010324 0.139990
v -0.489600 -0.010355 0.139990
v -0.513196 0.010405 0.139990
v -0.513196 -0.010134 0.139990
v -0.510516 0.010405 0.139990
v -0.510516 0.001611 0.139990
v -0.506796 0.003643 0.139990
v -0.504582 0.003319 0.139990
v -0.508267 0.003282 0.139990
v -0.503559 0.002711 0.139990
v -0.507143 0.001521 0.139990
v -0.502418 0.001223 0.139990
v -0.510516 -0.000437 0.139990
v -0.508258 0.001328 0.139990
v -0.505733 0.001111 0.139990
v -0.504818 -0.000027 0.139990
v -0.510516 -0.010134 0.139990
v -0.501812 -0.001852 0.139990
v -0.504492 -0.001762 0.139990
v -0.504492 -0.010134 0.139990
v -0.501812 -0.010134 0.139990
v -0.518225 0.003091 0.139990
v -0.517156 0.002919 0.139990
v -0.519501 0.002745 0.139990
v -0.524881 0.003388 0.139990
v -0.524881 -0.010134 0.139990
v -0.522201 0.003388 0.139990
v -0.522201 0.000286 0.139990
v -0.515792 0.002350 0.139990
v -0.517334 0.000260 0.139990
v -0.518918 0.001099 0.139990
v -0.520796 0.001994 0.139990
v -0.520585 0.000537 0.139990
v -0.521758 -0.000949 0.139990
v -0.522201 -0.003057 0.139990
v -0.522201 -0.010134 0.139990
v -0.530456 0.009065 0.139990
v -0.529624 0.008953 0.139990
v -0.531213 0.008745 0.139990
v -0.528980 0.008456 0.139990
v -0.531711 0.008102 0.139990
v -0.528660 0.007699 0.139990
v -0.531823 0.007269 0.139990
v -0.528772 0.006866 0.139990
v -0.531503 0.006512 0.139990
v -0.529270 0.006223 0.139990
v -0.530859 0.006014 0.139990
v -0.530027 0.005902 0.139990
v -0.531597 0.003388 0.139990
v -0.531597 -0.010134 0.139990
v -0.528916 0.003388 0.139990
v -0.528916 -0.010134 0.139990
v -0.539818 0.003659 0.139990
v -0.547144 0.003502 0.139990
v -0.549648 0.003436 0.139990
v -0.541585 0.003321 0.139990
v -0.554997 0.003388 0.139990
v -0.554997 -0.010134 0.139990
v -0.552317 0.003388 0.139990
v -0.552317 0.001611 0.139990
v -0.537437 0.002994 0.139990
v -0.545402 0.002561 0.139990
v -0.535885 0.001152 0.139990
v -0.552317 -0.000316 0.139990
v -0.550720 0.001028 0.139990
v -0.544336 0.001220 0.139990
v -0.541037 0.001392 0.139990
v -0.548617 0.001381 0.139990
v -0.539727 0.001194 0.139990
v -0.541767 0.001190 0.139990
v -0.547462 0.000890 0.139990
v -0.546842 0.000057 0.139990
v -0.538396 -0.000032 0.139990
v -0.543824 -0.000316 0.139990
v -0.552317 -0.010134 0.139990
v -0.543824 -0.010134 0.139990
v -0.535331 -0.001641 0.139990
v -0.546504 -0.001732 0.139990
v -0.538011 -0.001762 0.139990
v -0.535331 -0.010134 0.139990
v -0.546504 -0.010134 0.139990
v -0.538011 -0.010134 0.139990
v -0.569573 0.010405 0.139990
v -0.569573 -0.010134 0.139990
v -0.566622 0.007755 0.139990
v -0.557918 0.010405 0.139990
v -0.557918 0.007755 0.139990
v -0.566622 0.001551 0.139990
v -0.566622 -0.001099 0.139990
v -0.558219 0.001551 0.139990
v -0.558219 -0.001099 0.139990
v -0.566622 -0.007484 0.139990
v -0.557647 -0.007484 0.139990
v -0.557647 -0.010134 0.139990
v -0.444413 -0.010134 -0.141331
v -0.444413 -0.007484 -0.141331
v -0.435439 -0.007484 -0.141331
v -0.443841 -0.001099 -0.141331
v -0.443841 0.001551 -0.141331
v -0.435439 -0.001099 -0.141331
v -0.435439 0.001551 -0.141331
v -0.444142 0.007755 -0.141331
v -0.444142 0.010405 -0.141331
v -0.435439 0.007755 -0.141331
v -0.432488 -0.010134 -0.141331
v -0.432488 0.010405 -0.141331
v -0.464049 -0.010134 -0.141331
v -0.455556 -0.010134 -0.141331
v -0.466729 -0.010134 -0.141331
v -0.464049 -0.001762 -0.141331
v -0.455556 -0.001732 -0.141331
v -0.466729 -0.001641 -0.141331
v -0.458237 -0.010134 -0.141331
v -0.449744 -0.010134 -0.141331
v -0.458237 -0.000316 -0.141331
v -0.463664 -0.000032 -0.141331
v -0.455218 0.000057 -0.141331
v -0.454598 0.000890 -0.141331
v -0.460294 0.001190 -0.141331
v -0.462334 0.001194 -0.141331
v -0.453443 0.001381 -0.141331
v -0.461024 0.001392 -0.141331
v -0.457725 0.001220 -0.141331
v -0.451340 0.001028 -0.141331
v -0.449744 -0.000316 -0.141331
v -0.466175 0.001152 -0.141331
v -0.456658 0.002562 -0.141331
v -0.464624 0.002994 -0.141331
v -0.449744 0.001611 -0.141331
v -0.449744 0.003388 -0.141331
v -0.447064 -0.010134 -0.141331
v -0.447064 0.003388 -0.141331
v -0.460475 0.003321 -0.141331
v -0.452412 0.003436 -0.141331
v -0.454917 0.003502 -0.141331
v -0.462242 0.003659 -0.141331
v -0.473144 -0.010134 -0.141331
v -0.473144 0.003388 -0.141331
v -0.470464 -0.010134 -0.141331
v -0.470464 0.003388 -0.141331
v -0.472034 0.005902 -0.141331
v -0.471201 0.006014 -0.141331
v -0.472791 0.006223 -0.141331
v -0.470558 0.006512 -0.141331
v -0.473289 0.006866 -0.141331
v -0.470238 0.007269 -0.141331
v -0.473400 0.007699 -0.141331
v -0.470349 0.008102 -0.141331
v -0.473080 0.008456 -0.141331
v -0.470847 0.008745 -0.141331
v -0.472437 0.008953 -0.141331
v -0.471604 0.009065 -0.141331
v -0.479860 -0.010134 -0.141331
v -0.479860 -0.003057 -0.141331
v -0.480303 -0.000949 -0.141331
v -0.481475 0.000537 -0.141331
v -0.481264 0.001994 -0.141331
v -0.483143 0.001099 -0.141331
v -0.484726 0.000260 -0.141331
v -0.486269 0.002350 -0.141331
v -0.479860 0.000286 -0.141331
v -0.479860 0.003388 -0.141331
v -0.477180 -0.010134 -0.141331
v -0.477180 0.003388 -0.141331
v -0.482559 0.002745 -0.141331
v -0.484905 0.002919 -0.141331
v -0.483835 0.003091 -0.141331
v -0.500249 -0.010134 -0.141331
v -0.497568 -0.010134 -0.141331
v -0.497568 -0.001762 -0.141331
v -0.500249 -0.001852 -0.141331
v -0.491545 -0.010134 -0.141331
v -0.497243 -0.000027 -0.141331
v -0.496328 0.001111 -0.141331
v -0.493803 0.001328 -0.141331
v -0.491545 -0.000437 -0.141331
v -0.499643 0.001223 -0.141331
v -0.494918 0.001521 -0.141331
v -0.498501 0.002711 -0.141331
v -0.493793 0.003282 -0.141331
v -0.497479 0.003319 -0.141331
v -0.495265 0.003643 -0.141331
v -0.491545 0.001611 -0.141331
v -0.491545 0.010405 -0.141331
v -0.488865 -0.010134 -0.141331
v -0.488865 0.010405 -0.141331
v -0.512460 -0.010355 -0.141331
v -0.511092 -0.010324 -0.141331
v -0.507414 -0.010253 -0.141331
v -0.505246 -0.010281 -0.141331
v -0.510341 -0.009951 -0.141331
v -0.503511 -0.009081 -0.141331
v -0.509825 -0.009020 -0.141331
v -0.507506 -0.008508 -0.141331
v -0.513048 -0.008448 -0.141331
v -0.512768 -0.008382 -0.141331
v -0.508330 -0.008373 -0.141331
v -0.506512 -0.008264 -0.141331
v -0.512595 -0.008162 -0.141331
v -0.506125 -0.007977 -0.141331
v -0.514463 -0.009351 -0.141331
v -0.514463 -0.007725 -0.141331
v -0.502896 -0.007524 -0.141331
v -0.505645 -0.007138 -0.141331
v -0.505620 -0.006228 -0.141331
v -0.503284 -0.005404 -0.141331
v -0.506492 -0.004980 -0.141331
v -0.503943 -0.004582 -0.141331
v -0.509856 -0.007394 -0.141331
v -0.509856 -0.003448 -0.141331
v -0.509856 -0.001973 -0.141331
v -0.512536 -0.007755 -0.141331
v -0.512536 -0.000798 -0.141331
v -0.509703 -0.000167 -0.141331
v -0.509026 0.000747 -0.141331
v -0.507806 0.001115 -0.141331
v -0.505939 0.000893 -0.141331
v -0.503140 -0.001099 -0.141331
v -0.503140 0.001822 -0.141331
v -0.511872 0.001723 -0.141331
v -0.511109 0.002582 -0.141331
v -0.505828 0.003457 -0.141331
v -0.508942 0.003542 -0.141331
v -0.528166 -0.010134 -0.141331
v -0.525486 -0.010134 -0.141331
v -0.525486 -0.001762 -0.141331
v -0.528166 -0.001792 -0.141331
v -0.519463 -0.010134 -0.141331
v -0.525160 -0.000027 -0.141331
v -0.524245 0.001111 -0.141331
v -0.521720 0.001328 -0.141331
v -0.519463 -0.000437 -0.141331
v -0.527540 0.001268 -0.141331
v -0.522836 0.001521 -0.141331
v -0.526822 0.002323 -0.141331
v -0.519463 0.001611 -0.141331
v -0.519463 0.003388 -0.141331
v -0.516782 -0.010134 -0.141331
v -0.516782 0.003388 -0.141331
v -0.521711 0.003282 -0.141331
v -0.525358 0.003328 -0.141331
v -0.523182 0.003643 -0.141331
v -0.540694 -0.010304 -0.141331
v -0.546992 -0.009537 -0.141331
v -0.543506 -0.007626 -0.141331
v -0.535341 -0.008133 -0.141331
v -0.539203 -0.007102 -0.141331
v -0.547354 -0.006113 -0.141331
v -0.551367 -0.006186 -0.141331
v -0.536011 -0.004719 -0.141331
v -0.532127 -0.003862 -0.141331
v -0.549788 -0.002981 -0.141331
v -0.553348 -0.001236 -0.141331
v -0.534470 -0.000961 -0.141331
v -0.550322 0.001239 -0.141331
v -0.531448 0.001539 -0.141331
v -0.535003 0.003265 -0.141331
v -0.552659 0.004196 -0.141331
v -0.548778 0.005002 -0.141331
v -0.537432 0.006393 -0.141331
v -0.533482 0.006521 -0.141331
v -0.545576 0.007377 -0.141331
v -0.541262 0.007898 -0.141331
v -0.549421 0.008450 -0.141331
v -0.537851 0.009830 -0.141331
v -0.544022 0.010578 -0.141331
v -0.566986 -0.010134 -0.141331
v -0.566986 -0.007725 -0.141331
v -0.555120 -0.010134 -0.141331
v -0.559758 -0.007725 -0.141331
v -0.562288 0.000979 -0.141331
v -0.566956 0.003388 -0.141331
v -0.555421 0.000979 -0.141331
v -0.555421 0.003388 -0.141331
v -0.582405 -0.010134 -0.141331
v -0.578791 -0.010134 -0.141331
v -0.575418 -0.003238 -0.141331
v -0.581200 0.003388 -0.141331
v -0.572015 -0.003238 -0.141331
v -0.578008 0.003388 -0.141331
v -0.571895 -0.010134 -0.141331
v -0.571895 0.010405 -0.141331
v -0.569214 -0.010134 -0.141331
v -0.569214 0.010405 -0.141331
v -0.444413 -0.010134 -0.138650
v -0.444413 -0.007484 -0.138650
v -0.435439 -0.007484 -0.138650
v -0.443841 -0.001099 -0.138650
v -0.443841 0.001551 -0.138650
v -0.435439 -0.001099 -0.138650
v -0.435439 0.001551 -0.138650
v -0.444142 0.007755 -0.138650
v -0.444142 0.010405 -0.138650
v -0.435439 0.007755 -0.138650
v -0.432488 -0.010134 -0.138650
v -0.432488 0.010405 -0.138650
v -0.464049 -0.010134 -0.138650
v -0.455556 -0.010134 -0.138650
v -0.466729 -0.010134 -0.138650
v -0.464049 -0.001762 -0.138650
v -0.455556 -0.001732 -0.138650
v -0.466729 -0.001641 -0.138650
v -0.458237 -0.010134 -0.138650
v -0.449744 -0.010134 -0.138650
v -0.458237 -0.000316 -0.138650
v -0.463664 -0.000032 -0.138650
v -0.455218 0.000057 -0.138650
v -0.454598 0.000890 -0.138650
v -0.460294 0.001190 -0.138650
v -0.462334 0.001194 -0.138650
v -0.453443 0.001381 -0.138650
v -0.461024 0.001392 -0.138650
v -0.457725 0.001220 -0.138650
v -0.451340 0.001028 -0.138650
v -0.449744 -0.000316 -0.138650
v -0.466175 0.001152 -0.138650
v -0.456658 0.002562 -0.138650
v -0.464624 0.002994 -0.138650
v -0.449744 0.001611 -0.138650
v -0.449744 0.003388 -0.138650
v -0.447064 -0.010134 -0.138650
v -0.447064 0.003388 -0.138650
v -0.460475 0.003321 -0.138650
v -0.452412 0.003436 -0.138650
v -0.454917 0.003502 -0.138650
v -0.462242 0.003659 -0.138650
v -0.473144 -0.010134 -0.138650
v -0.473144 0.003388 -0.138650
v -0.470464 -0.010134 -0.138650
v -0.470464 0.003388 -0.138650
v -0.472034 0.005902 -0.138650
v -0.471201 0.006014 -0.138650
v -0.472791 0.006223 -0.138650
v -0.470558 0.006512 -0.138650
v -0.473289 0.006866 -0.138650
v -0.470238 0.007269 -0.138650
v -0.473400 0.007699 -0.138650
v -0.470349 0.008102 -0.138650
v -0.473080 0.008456 -0.138650
v -0.470847 0.008745 -0.138650
v -0.472437 0.008953 -0.138650
v -0.471604 0.009065 -0.138650
v -0.479860 -0.010134 -0.138650
v -0.479860 -0.003057 -0.138650
v -0.480303 -0.000949 -0.138650
v -0.481475 0.000537 -0.138650
v -0.481264 0.001994 -0.138650
v -0.483143 0.001099 -0.138650
v -0.484726 0.000260 -0.138650
v -0.486269 0.002350 -0.138650
v -0.479860 0.000286 -0.138650
v -0.479860 0.003388 -0.138650
v -0.477180 -0.010134 -0.138650
v -0.477180 0.003388 -0.138650
v -0.482559 0.002745 -0.138650
v -0.484905 0.002919 -0.138650
v -0.483835 0.003091 -0.138650
v -0.500249 -0.010134 -0.138650
v -0.497568 -0.010134 -0.138650
v -0.497568 -0.001762 -0.138650
v -0.500249 -0.001852 -0.138650
v -0.491545 -0.010134 -0.138650
v -0.497243 -0.000027 -0.138650
v -0.496328 0.001111 -0.138650
v -0.493803 0.001328 -0.138650
v -0.491545 -0.000437 -0.138650
v -0.499643 0.001223 -0.138650
v -0.494918 0.001521 -0.138650
v -0.498501 0.002711 -0.138650
v -0.493793 0.003282 -0.138650
v -0.497479 0.003319 -0.138650
v -0.495265 0.003643 -0.138650
v -0.491545 0.001611 -0.138650
v -0.491545 0.010405 -0.138650
v -0.488865 -0.010134 -0.138650
v -0.488865 0.010405 -0.138650
v -0.512460 -0.010355 -0.138650
v -0.511092 -0.010324 -0.138650
v -0.507414 -0.010253 -0.138650
v -0.505246 -0.010281 -0.138650
v -0.510341 -0.009951 -0.138650
v -0.503511 -0.009081 -0.138650
v -0.509825 -0.009020 -0.138650
v -0.507506 -0.008508 -0.138650
v -0.513048 -0.008448 -0.138650
v -0.512768 -0.008382 -0.138650
v -0.508330 -0.008373 -0.138650
v -0.506512 -0.008264 -0.138650
v -0.512595 -0.008162 -0.138650
v -0.506125 -0.007977 -0.138650
v -0.514463 -0.009351 -0.138650
v -0.514463 -0.007725 -0.138650
v -0.502896 -0.007524 -0.138650
v -0.505645 -0.007138 -0.138650
v -0.505620 -0.006228 -0.138650
v -0.503284 -0.005404 -0.138650
v -0.506492 -0.004980 -0.138650
v -0.503943 -0.004582 -0.138650
v -0.509856 -0.007394 -0.138650
v -0.509856 -0.003448 -0.138650
v -0.509856 -0.001973 -0.138650
v -0.512536 -0.007755 -0.138650
v -0.512536 -0.000798 -0.138650
v -0.509703 -0.000167 -0.138650
v -0.509026 0.000747 -0.138650
v -0.507806 0.001115 -0.138650
v -0.505939 0.000893 -0.138650
v -0.503140 -0.001099 -0.138650
v -0.503140 0.001822 -0.138650
v -0.511872 0.001723 -0.138650
v -0.511109 0.002582 -0.138650
v -0.505828 0.003457 -0.138650
v -0.508942 0.003542 -0.138650
v -0.528166 -0.010134 -0.138650
v -0.525486 -0.010134 -0.138650
v -0.525486 -0.001762 -0.138650
v -0.528166 -0.001792 -0.138650
v -0.519463 -0.010134 -0.138650
v -0.525160 -0.000027 -0.138650
v -0.524245 0.001111 -0.138650
v -0.521720 0.001328 -0.138650
v -0.519463 -0.000437 -0.138650
v -0.527540 0.001268 -0.138650
v -0.522836 0.001521 -0.138650
v -0.526822 0.002323 -0.138650
v -0.519463 0.001611 -0.138650
v -0.519463 0.003388 -0.138650
v -0.516782 -0.010134 -0.138650
v -0.516782 0.003388 -0.138650
v -0.521711 0.003282 -0.138650
v -0.525358 0.003328 -0.138650
v -0.523182 0.003643 -0.138650
v -0.540694 -0.010304 -0.138650
v -0.546992 -0.009537 -0.138650
v -0.543506 -0.007626 -0.138650
v -0.535341 -0.008133 -0.138650
v -0.539203 -0.007102 -0.138650
v -0.547354 -0.006113 -0.138650
v -0.551367 -0.006186 -0.138650
v -0.536011 -0.004719 -0.138650
v -0.532127 -0.003862 -0.138650
v -0.549788 -0.002981 -0.138650
v -0.553348 -0.001236 -0.138650
v -0.534470 -0.000961 -0.138650
v -0.550322 0.001239 -0.138650
v -0.531448 0.001539 -0.138650
v -0.535003 0.003265 -0.138650
v -0.552659 0.004196 -0.138650
v -0.548778 0.005002 -0.138650
v -0.537432 0.006393 -0.138650
v -0.533482 0.006521 -0.138650
v -0.545576 0.007377 -0.138650
v -0.541262 0.007898 -0.138650
v -0.549421 0.008450 -0.138650
v -0.537851 0.009830 -0.138650
v -0.544022 0.010578 -0.138650
v -0.566986 -0.010134 -0.138650
v -0.566986 -0.007725 -0.138650
v -0.555120 -0.010134 -0.138650
v -0.559758 -0.007725 -0.138650
v -0.562288 0.000979 -0.138650
v -0.566956 0.003388 -0.138650
v -0.555421 0.000979 -0.138650
v -0.555421 0.003388 -0.138650
v -0.582405 -0.010134 -0.138650
v -0.578791 -0.010134 -0.138650
v -0.575418 -0.003238 -0.138650
v -0.581200 0.003388 -0.138650
v -0.572015 -0.003238 -0.138650
v -0.578008 0.003388 -0.138650
v -0.571895 -0.010134 -0.138650
v -0.571895 0.010405 -0.138650
v -0.569214 -0.010134 -0.138650
v -0.569214 0.010405 -0.138650
v -0.432846 0.010405 0.142671
v -0.432846 -0.010134 0.142671
v -0.430166 0.010405 0.142671
v -0.430166 -0.010134 0.142671
v -0.424052 0.003388 0.142671
v -0.430046 -0.003238 0.142671
v -0.420860 0.003388 0.142671
v -0.426642 -0.003238 0.142671
v -0.423269 -0.010134 0.142671
v -0.419656 -0.010134 0.142671
v -0.446639 0.003388 0.142671
v -0.446639 0.000979 0.142671
v -0.435105 0.003388 0.142671
v -0.439773 0.000979 0.142671
v -0.442303 -0.007725 0.142671
v -0.446941 -0.010134 0.142671
v -0.435075 -0.007725 0.142671
v -0.435075 -0.010134 0.142671
v -0.458039 0.010578 0.142671
v -0.464210 0.009830 0.142671
v -0.452640 0.008450 0.142671
v -0.460798 0.007898 0.142671
v -0.456484 0.007377 0.142671
v -0.468578 0.006521 0.142671
v -0.464629 0.006393 0.142671
v -0.453282 0.005002 0.142671
v -0.449401 0.004196 0.142671
v -0.467057 0.003265 0.142671
v -0.470612 0.001539 0.142671
v -0.451738 0.001239 0.142671
v -0.467591 -0.000961 0.142671
v -0.448713 -0.001236 0.142671
v -0.452273 -0.002981 0.142671
v -0.469934 -0.003862 0.142671
v -0.466049 -0.004719 0.142671
v -0.450694 -0.006186 0.142671
v -0.454706 -0.006113 0.142671
v -0.462858 -0.007102 0.142671
v -0.466720 -0.008133 0.142671
v -0.458554 -0.007626 0.142671
v -0.455069 -0.009537 0.142671
v -0.461366 -0.010304 0.142671
v -0.478878 0.003643 0.142671
v -0.476702 0.003328 0.142671
v -0.480350 0.003282 0.142671
v -0.485278 0.003388 0.142671
v -0.485278 -0.010134 0.142671
v -0.482598 0.003388 0.142671
v -0.482598 0.001611 0.142671
v -0.475238 0.002323 0.142671
v -0.479225 0.001521 0.142671
v -0.474520 0.001268 0.142671
v -0.482598 -0.000437 0.142671
v -0.480340 0.001328 0.142671
v -0.477815 0.001111 0.142671
v -0.476900 -0.000027 0.142671
v -0.482598 -0.010134 0.142671
v -0.473894 -0.001792 0.142671
v -0.476575 -0.001762 0.142671
v -0.476575 -0.010134 0.142671
v -0.473894 -0.010134 0.142671
v -0.493118 0.003542 0.142671
v -0.496233 0.003457 0.142671
v -0.490951 0.002582 0.142671
v -0.490188 0.001723 0.142671
v -0.498921 0.001822 0.142671
v -0.498921 -0.001099 0.142671
v -0.496121 0.000893 0.142671
v -0.494255 0.001115 0.142671
v -0.493035 0.000747 0.142671
v -0.492357 -0.000167 0.142671
v -0.489525 -0.000798 0.142671
v -0.489525 -0.007755 0.142671
v -0.492205 -0.001973 0.142671
v -0.492205 -0.003448 0.142671
v -0.492205 -0.007394 0.142671
v -0.498117 -0.004582 0.142671
v -0.495568 -0.004980 0.142671
v -0.498777 -0.005404 0.142671
v -0.496441 -0.006228 0.142671
v -0.496416 -0.007138 0.142671
v -0.499165 -0.007524 0.142671
v -0.487597 -0.007725 0.142671
v -0.487597 -0.009351 0.142671
v -0.495936 -0.007977 0.142671
v -0.489466 -0.008162 0.142671
v -0.495549 -0.008264 0.142671
v -0.493731 -0.008373 0.142671
v -0.489293 -0.008382 0.142671
v -0.489013 -0.008448 0.142671
v -0.494554 -0.008508 0.142671
v -0.492235 -0.009020 0.142671
v -0.498550 -0.009081 0.142671
v -0.491719 -0.009951 0.142671
v -0.496815 -0.010281 0.142671
v -0.494647 -0.010253 0.142671
v -0.490969 -0.010324 0.142671
v -0.489600 -0.010355 0.142671
v -0.513196 0.010405 0.142671
v -0.513196 -0.010134 0.142671
v -0.510516 0.010405 0.142671
v -0.510516 0.001611 0.142671
v -0.506796 0.003643 0.142671
v -0.504582 0.003319 0.142671
v -0.508267 0.003282 0.142671
v -0.503559 0.002711 0.142671
v -0.507143 0.001521 0.142671
v -0.502418 0.001223 0.142671
v -0.510516 -0.000437 0.142671
v -0.508258 0.001328 0.142671
v -0.505733 0.001111 0.142671
v -0.504818 -0.000027 0.142671
v -0.510516 -0.010134 0.142671
v -0.501812 -0.001852 0.142671
v -0.504492 -0.001762 0.142671
v -0.504492 -0.010134 0.142671
v -0.501812 -0.010134 0.142671
v -0.518225 0.003091 0.142671
v -0.517156 0.002919 0.142671
v -0.519501 0.002745 0.142671
v -0.524881 0.003388 0.142671
v -0.524881 -0.010134 0.142671
v -0.522201 0.003388 0.142671
v -0.522201 0.000286 0.142671
v -0.515792 0.002350 0.142671
v -0.517334 0.000260 0.142671
v -0.518918 0.001099 0.142671
v -0.520796 0.001994 0.142671
v -0.520585 0.000537 0.142671
v -0.521758 -0.000949 0.142671
v -0.522201 -0.003057 0.142671
v -0.522201 -0.010134 0.142671
v -0.530456 0.009065 0.142671
v -0.529624 0.008953 0.142671
v -0.531213 0.008745 0.142671
v -0.528980 0.008456 0.142671
v -0.531711 0.008102 0.142671
v -0.528660 0.007699 0.142671
v -0.531823 0.007269 0.142671
v -0.528772 0.006866 0.142671
v -0.531503 0.006512 0.142671
v -0.529270 0.006223 0.142671
v -0.530859 0.006014 0.142671
v -0.530027 0.005902 0.142671
v -0.531597 0.003388 0.142671
v -0.531597 -0.010134 0.142671
v -0.528916 0.003388 0.142671
v -0.528916 -0.010134 0.142671
v -0.539818 0.003659 0.142671
v -0.547144 0.003502 0.142671
v -0.549648 0.003436 0.142671
v -0.541585 0.003321 0.142671
v -0.554997 0.003388 0.142671
v -0.554997 -0.010134 0.142671
v -0.552317 0.003388 0.142671
v -0.552317 0.001611 0.142671
v -0.537437 0.002994 0.142671
v -0.545402 0.002561 0.142671
v -0.535885 0.001152 0.142671
v -0.552317 -0.000316 0.142671
v -0.550720 0.001028 0.142671
v -0.544336 0.001220 0.142671
v -0.541037 0.001392 0.142671
v -0.548617 0.001381 0.142671
v -0.539727 0.001194 0.142671
v -0.541767 0.001190 0.142671
v -0.547462 0.000890 0.142671
v -0.546842 0.000057 0.142671
v -0.538396 -0.000032 0.142671
v -0.543824 -0.000316 0.142671
v -0.552317 -0.010134 0.142671
v -0.543824 -0.010134 0.142671
v -0.535331 -0.001641 0.142671
v -0.546504 -0.001732 0.142671
v -0.538011 -0.001762 0.142671
v -0.535331 -0.010134 0.142671
v -0.546504 -0.010134 0.142671
v -0.538011 -0.010134 0.142671
v -0.569573 0.010405 0.142671
v -0.569573 -0.010134 0.142671
v -0.566622 0.007755 0.142671
v -0.557918 0.010405 0.142671
v -0.557918 0.007755 0.142671
v -0.566622 0.001551 0.142671
v -0.566622 -0.001099 0.142671
v -0.558219 0.001551 0.142671
v -0.558219 -0.001099 0.142671
v -0.566622 -0.007484 0.142671
v -0.557647 -0.007484 0.142671
v -0.557647 -0.010134 0.142671
v -0.150324 -0.140000 0.000000
v -0.150324 0.140000 0.000000
v -0.150294 0.155798 0.000000
v -0.849706 0.155798 0.000000
v -0.150294 -0.155798 0.000000
v -0.255319 -0.140000 0.000000
v -0.744681 -0.140000 0.000000
v -0.849706 -0.155798 0.000000
v -0.255284 -0.155687 0.000000
v -0.203760 -0.155737 0.000000
v -0.796240 -0.155738 0.000000
v -0.744716 -0.155687 -0.000000
v -0.316132 0.426251 0.000000
v -0.206396 0.330362 0.000000
v -0.793605 0.330362 0.000000
v -0.224209 0.385788 0.000000
v -0.232256 0.401311 0.000000
v -0.245195 0.414460 0.000000
v -0.261054 0.423236 0.000000
v -0.277420 0.426302 0.000000
v -0.775792 0.385788 0.000000
v -0.767744 0.401311 0.000000
v -0.754805 0.414460 0.000000
v -0.738946 0.423236 0.000000
v -0.722580 0.426301 0.000000
v -0.408066 0.426251 0.000000
v -0.500000 0.426251 0.000000
v -0.591934 0.426251 0.000000
v -0.704523 0.426288 0.000000
v -0.612937 0.426251 0.000000
v -0.680915 0.419213 0.000000
v -0.704529 0.419250 0.000000
v -0.612942 0.419213 0.000000
v -1.050936 -0.229251 -0.000000
v -0.901727 -0.229251 -0.000000
v -1.050936 0.229251 -0.000000
v -0.901727 0.229251 -0.000000
v -0.872329 -0.206326 -0.000000
v -0.872329 0.206326 -0.000000
v -1.050936 -0.213682 -0.000000
v -1.050936 0.213682 -0.000000
v -1.071086 -0.229251 -0.000000
v -1.071086 0.229251 -0.000000
v -1.071086 -0.213682 -0.000000
v -1.071086 0.213682 -0.000000
v -0.849676 0.140000 0.000000
v -0.150324 0.093850 -0.000339
v -0.150324 0.111350 -0.000380
v -0.150324 -0.111298 -0.000155
v -0.150324 -0.093799 -0.000108
v -0.150324 0.000148 0.000072
v -0.849676 -0.140000 0.000000
v -0.334769 0.361623 -0.000000
v -0.255284 0.155687 -0.000000
v -0.292156 0.337396 0.000000
v -0.255319 0.140000 0.000000
v -0.744716 0.155687 0.000000
v -0.318703 0.358636 -0.000000
v -0.303739 0.350128 0.000000
v -0.744681 0.140000 0.000000
v -0.285716 0.322377 -0.000000
v -0.665231 0.361623 0.000000
v -0.681297 0.358636 0.000000
v -0.696261 0.350128 0.000000
v -0.707844 0.337396 0.000000
v -0.714284 0.322377 0.000000
v -0.423127 0.361623 -0.000000
v -0.365086 0.361623 -0.000000
v -0.529020 0.361623 0.000000
v -0.470980 0.361623 -0.000000
v -0.634914 0.361623 0.000000
v -0.576873 0.361623 0.000000
v -0.384917 0.349216 -0.000000
v -0.394106 0.347145 -0.000000
v -0.403296 0.349216 -0.000000
v -0.490810 0.349216 -0.000000
v -0.500000 0.347145 -0.000000
v -0.509190 0.349216 0.000000
v -0.596704 0.349216 0.000000
v -0.605894 0.347145 0.000000
v -0.615083 0.349216 0.000000
vt 0.451632 0.825837
vt 0.448268 0.825632
vt 0.447218 0.801206
vt 0.450239 0.800607
vt 0.794715 0.666497
vt 0.794573 0.663376
vt 0.824767 0.624457
vt 0.827830 0.625668
vt 0.379125 0.800603
vt 0.382143 0.801198
vt 0.380607 0.824822
vt 0.377392 0.824931
vt 0.827439 0.589840
vt 0.824461 0.590482
vt 0.809626 0.550569
vt 0.813078 0.550037
vt 0.382036 0.834691
vt 0.378992 0.835966
vt 0.070719 0.874498
vt 0.034431 0.874498
vt 0.020322 0.837735
vt 0.070609 0.861144
vt 0.738500 0.773974
vt 0.781033 0.774021
vt 0.781033 0.795593
vt 0.738201 0.815444
vt 0.520281 0.825672
vt 0.570978 0.801838
vt 0.556577 0.838947
vt 0.520289 0.838947
vt 0.107006 0.874498
vt 0.121143 0.837777
vt 0.015155 0.866514
vt 0.007171 0.847238
vt 0.469673 0.802084
vt 0.484002 0.838947
vt 0.695857 0.773659
vt 0.695660 0.795331
vt 0.126282 0.866514
vt 0.134267 0.847238
vt 0.456741 0.811686
vt 0.464726 0.830962
vt 0.456741 0.775399
vt 0.469769 0.775328
vt 0.583837 0.811686
vt 0.575853 0.830962
vt 0.961587 0.236297
vt 0.954387 0.237372
vt 0.954143 0.157497
vt 0.961422 0.157497
vt 0.984664 0.681441
vt 0.978592 0.677426
vt 0.995997 0.659737
vt 1.000000 0.665817
vt 0.753945 0.539159
vt 0.746774 0.539159
vt 0.746774 0.501621
vt 0.753945 0.502872
vt 0.928569 0.241517
vt 0.921294 0.241756
vt 0.921304 0.203036
vt 0.928584 0.203036
vt 0.515193 0.125344
vt 0.507896 0.124149
vt 0.521588 0.087311
vt 0.528440 0.089968
vt 0.746774 0.539159
vt 0.753945 0.539159
vt 0.753945 0.576697
vt 0.746774 0.575446
vt 0.803718 0.844585
vt 0.796439 0.844585
vt 0.796439 0.757811
vt 0.803718 0.757811
vt 0.001188 0.053447
vt 0.001892 0.046427
vt 0.026736 0.054204
vt 0.021842 0.059337
vt 0.936884 0.044808
vt 0.930193 0.041942
vt 0.950760 0.024989
vt 0.954143 0.031435
vt 0.978563 0.571871
vt 0.972496 0.575894
vt 0.964980 0.540939
vt 0.972180 0.539864
vt 0.058808 0.121495
vt 0.066467 0.119806
vt 0.066083 0.208217
vt 0.059097 0.206412
vt 0.041753 0.241397
vt 0.048284 0.244715
vt 0.025365 0.273007
vt 0.020560 0.267845
vt 0.585023 0.272982
vt 0.584791 0.280252
vt 0.558900 0.273921
vt 0.563591 0.268362
vt 0.800190 0.164586
vt 0.795465 0.172325
vt 0.777333 0.154091
vt 0.781762 0.147918
vt 0.978280 0.713449
vt 0.971079 0.712373
vt 1.000000 0.918676
vt 0.996000 0.924757
vt 0.978590 0.907080
vt 0.984657 0.903058
vt 0.967970 0.046688
vt 0.961903 0.042666
vt 0.979313 0.024989
vt 0.983313 0.031071
vt 0.541048 0.056715
vt 0.546471 0.061331
vt 0.978275 0.871050
vt 0.971075 0.872125
vt 0.970833 0.792249
vt 0.978112 0.792250
vt 0.954143 0.287940
vt 0.950760 0.294385
vt 0.930193 0.277433
vt 0.936884 0.274566
vt 0.972015 0.461063
vt 0.964736 0.461063
vt 0.964979 0.381187
vt 0.972180 0.382263
vt 0.928569 0.077858
vt 0.921294 0.077619
vt 0.042741 0.086051
vt 0.049327 0.082860
vt 0.812019 0.916081
vt 0.805329 0.918948
vt 0.796428 0.883271
vt 0.803703 0.883032
vt 0.972496 0.346232
vt 0.978563 0.350254
vt 0.967970 0.268305
vt 0.961903 0.272327
vt 0.993906 0.587488
vt 0.989906 0.593570
vt 0.311585 0.310967
vt 0.307480 0.305033
vt 0.313696 0.299035
vt 0.317552 0.305209
vt 0.749273 0.046347
vt 0.745252 0.041724
vt 0.774579 0.014837
vt 0.779113 0.021677
vt 0.747923 0.130942
vt 0.751613 0.126095
vt 0.961587 0.078696
vt 0.954387 0.077621
vt 0.796428 0.719125
vt 0.803703 0.719364
vt 0.163139 0.603385
vt 0.163139 0.610505
vt 0.125339 0.610505
vt 0.126851 0.603385
vt 0.812019 0.686315
vt 0.805329 0.683448
vt 0.825896 0.666497
vt 0.829279 0.672942
vt 0.534210 0.246071
vt 0.540685 0.242274
vt 0.520863 0.208153
vt 0.513366 0.210418
vt 0.000608 0.280412
vt 0.000000 0.273443
vt 0.921304 0.116339
vt 0.928583 0.116339
vt 0.054777 0.810950
vt 0.047656 0.810950
vt 0.047656 0.773151
vt 0.054777 0.774663
vt 0.565066 0.046427
vt 0.566465 0.053394
vt 0.829279 0.929454
vt 0.825896 0.935900
vt 0.797333 0.000000
vt 0.800190 0.007440
vt 0.450773 0.310967
vt 0.446669 0.305032
vt 0.452885 0.299034
vt 0.456741 0.305209
vt 0.702538 0.087748
vt 0.709997 0.087522
vt 0.983313 0.283922
vt 0.979313 0.290004
vt 0.583837 0.775399
vt 0.591008 0.775399
vt 0.591008 0.812937
vt 0.989906 0.328555
vt 0.993906 0.334637
vt 0.685429 0.312275
vt 0.678258 0.312275
vt 0.678258 0.274737
vt 0.685429 0.275988
vt 0.757404 0.404605
vt 0.760351 0.403928
vt 0.775334 0.443890
vt 0.771879 0.444429
vt 0.379384 0.578936
vt 0.382429 0.580179
vt 0.381059 0.590092
vt 0.377815 0.589982
vt 0.791366 0.328555
vt 0.791416 0.331688
vt 0.759771 0.369863
vt 0.756634 0.368609
vt 0.393302 0.654650
vt 0.396731 0.654110
vt 0.395643 0.758719
vt 0.392270 0.758180
vt 0.382362 0.614108
vt 0.379381 0.614716
vt 0.757665 0.628752
vt 0.760736 0.627316
vt 0.436242 0.760516
vt 0.432805 0.761061
vt 0.433812 0.656464
vt 0.437199 0.656992
vt 0.044248 0.619107
vt 0.018670 0.610887
vt 0.011514 0.607188
vt 0.005454 0.601287
vt 0.001410 0.594069
vt 0.000001 0.586625
vt 0.030469 0.598471
vt 0.487239 0.500953
vt 0.487239 0.522625
vt 0.474862 0.537574
vt 0.456817 0.529446
vt 0.456817 0.487810
vt 0.474744 0.487810
vt 0.012826 0.396530
vt 0.000076 0.402464
vt 0.000000 0.384847
vt 0.030468 0.373001
vt 0.030472 0.374375
vt 0.386756 0.255962
vt 0.391045 0.251823
vt 0.148411 0.267700
vt 0.150833 0.292081
vt 0.142342 0.283900
vt 0.143652 0.281828
vt 0.144095 0.278517
vt 0.142928 0.275667
vt 0.140380 0.273638
vt 0.137136 0.273011
vt 0.134036 0.273941
vt 0.133234 0.274751
vt 0.124595 0.266725
vt 0.122987 0.241956
vt 0.153383 0.316348
vt 0.126056 0.291820
vt 0.133099 0.274891
vt 0.131595 0.276377
vt 0.130773 0.279546
vt 0.131808 0.282690
vt 0.134434 0.284935
vt 0.137928 0.285692
vt 0.141342 0.284791
vt 0.154106 0.013328
vt 0.151926 0.037113
vt 0.143275 0.045446
vt 0.142419 0.044579
vt 0.139182 0.043643
vt 0.135847 0.044332
vt 0.133274 0.046457
vt 0.132258 0.049454
vt 0.133009 0.052518
vt 0.134434 0.053960
vt 0.125775 0.062299
vt 0.127607 0.037590
vt 0.150118 0.060892
vt 0.123973 0.086990
vt 0.135331 0.054829
vt 0.138665 0.055767
vt 0.142044 0.055079
vt 0.144536 0.052951
vt 0.145550 0.049953
vt 0.144767 0.046889
vt 0.175505 0.272823
vt 0.176951 0.296957
vt 0.178363 0.321954
vt 0.178363 0.007528
vt 0.177334 0.031903
vt 0.176347 0.055400
vt 0.027152 0.031047
vt 0.034779 0.039940
vt 0.033234 0.041204
vt 0.032218 0.044106
vt 0.032927 0.047110
vt 0.035168 0.049414
vt 0.038348 0.050412
vt 0.041623 0.049825
vt 0.042558 0.049065
vt 0.050206 0.058091
vt 0.027231 0.007809
vt 0.050741 0.033744
vt 0.044143 0.047801
vt 0.045212 0.044884
vt 0.044519 0.041864
vt 0.042259 0.039557
vt 0.039040 0.038576
vt 0.035727 0.039180
vt 0.025160 0.319086
vt 0.025436 0.296023
vt 0.033146 0.287304
vt 0.034042 0.288076
vt 0.037241 0.288731
vt 0.040412 0.287808
vt 0.042739 0.285551
vt 0.043491 0.282562
vt 0.042517 0.279641
vt 0.041017 0.278355
vt 0.048774 0.269486
vt 0.048906 0.293716
vt 0.040076 0.277586
vt 0.036770 0.276955
vt 0.033564 0.277903
vt 0.031333 0.280157
vt 0.030593 0.283130
vt 0.031590 0.286027
vt 0.003083 0.023665
vt 0.004300 0.000000
vt 0.002299 0.326480
vt 0.001454 0.302992
vt 0.559639 0.297750
vt 0.551343 0.288985
vt 0.552868 0.287609
vt 0.553767 0.284577
vt 0.552888 0.281526
vt 0.550470 0.279271
vt 0.547153 0.278405
vt 0.543821 0.279169
vt 0.542901 0.279993
vt 0.534656 0.271143
vt 0.560810 0.321751
vt 0.535183 0.296121
vt 0.541335 0.281364
vt 0.540377 0.284403
vt 0.541229 0.287471
vt 0.543662 0.289737
vt 0.547024 0.290596
vt 0.550405 0.289812
vt 0.535408 0.010376
vt 0.538050 0.033635
vt 0.531428 0.043357
vt 0.530432 0.042698
vt 0.527140 0.042450
vt 0.524080 0.043785
vt 0.522042 0.046342
vt 0.521673 0.049422
vt 0.523016 0.052207
vt 0.524676 0.053299
vt 0.518060 0.063068
vt 0.514811 0.038981
vt 0.525713 0.053948
vt 0.529099 0.054166
vt 0.532195 0.052820
vt 0.534147 0.050286
vt 0.534514 0.047216
vt 0.533148 0.044440
vt 0.584951 0.303952
vt 0.585023 0.328555
vt 0.557579 0.000000
vt 0.561414 0.023637
vt 0.150984 0.713148
vt 0.150884 0.689415
vt 0.158879 0.698303
vt 0.157335 0.699631
vt 0.156372 0.702619
vt 0.157175 0.705668
vt 0.159529 0.707961
vt 0.162804 0.708883
vt 0.166123 0.708187
vt 0.167051 0.707388
vt 0.175056 0.716287
vt 0.175056 0.740960
vt 0.150418 0.665649
vt 0.174990 0.691623
vt 0.168628 0.706060
vt 0.169636 0.703072
vt 0.168856 0.700024
vt 0.166497 0.697731
vt 0.163192 0.696810
vt 0.159826 0.697505
vt 0.754219 0.158241
vt 0.742814 0.150657
vt 0.743576 0.149478
vt 0.743837 0.145603
vt 0.742244 0.141993
vt 0.739203 0.139600
vt 0.735546 0.139188
vt 0.732255 0.140804
vt 0.730974 0.142782
vt 0.719322 0.135035
vt 0.727103 0.162362
vt 0.690760 0.139286
vt 0.730215 0.144016
vt 0.729990 0.148033
vt 0.731634 0.151690
vt 0.734678 0.153968
vt 0.738320 0.154350
vt 0.741566 0.152697
vt 0.125339 0.705826
vt 0.126035 0.682431
vt 0.126753 0.658162
vt 0.768832 0.183849
vt 0.741693 0.190875
vt 0.828459 0.403609
vt 0.825373 0.403088
vt 0.826007 0.378691
vt 0.829279 0.378461
vt 0.769304 0.548388
vt 0.772684 0.548931
vt 0.759772 0.591754
vt 0.756629 0.591212
vt 0.447000 0.613571
vt 0.450141 0.614138
vt 0.824203 0.368815
vt 0.827210 0.367414
vt 0.024269 0.810950
vt 0.024269 0.773264
vt 0.000000 0.810950
vt 0.000000 0.773412
vt 0.331682 0.810950
vt 0.307413 0.810950
vt 0.307413 0.773264
vt 0.331682 0.773412
vt 0.284026 0.810950
vt 0.284026 0.773151
vt 0.449480 0.576617
vt 0.446398 0.578018
vt 0.412998 0.541644
vt 0.412890 0.538526
vt 0.826029 0.614516
vt 0.829279 0.614591
vt 0.413106 0.876190
vt 0.413181 0.873057
vt 0.446483 0.836125
vt 0.449585 0.837511
vt 0.758391 0.380338
vt 0.755092 0.380258
vt 0.758795 0.616863
vt 0.755387 0.617103
vt 0.448225 0.588479
vt 0.451632 0.588274
vt 0.812367 0.445555
vt 0.815735 0.446101
vt 0.934546 0.794461
vt 0.934546 0.812034
vt 0.920222 0.812034
vt 0.920179 0.794461
vt 0.921294 0.108218
vt 0.921294 0.134644
vt 0.903537 0.134644
vt 0.898769 0.108218
vt 0.200985 0.848489
vt 0.174559 0.848489
vt 0.174559 0.830732
vt 0.200985 0.825965
vt 0.176810 0.475938
vt 0.173615 0.475939
vt 0.173628 0.445085
vt 0.176822 0.445084
vt 0.125149 0.620659
vt 0.030473 0.597096
vt 0.048692 0.582884
vt 0.125339 0.597220
vt 0.000076 0.485736
vt 0.000076 0.444100
vt 0.018121 0.435972
vt 0.030498 0.450921
vt 0.030498 0.472593
vt 0.018003 0.485736
vt 0.125339 0.374250
vt 0.048691 0.388587
vt 0.125149 0.350811
vt 0.001410 0.377403
vt 0.005453 0.370185
vt 0.011513 0.364284
vt 0.018669 0.360585
vt 0.044247 0.352364
vt 0.582080 0.376326
vt 0.505433 0.390662
vt 0.487214 0.376450
vt 0.487210 0.375075
vt 0.581890 0.352886
vt 0.500988 0.621182
vt 0.475410 0.612962
vt 0.468254 0.609263
vt 0.462194 0.603361
vt 0.458151 0.596143
vt 0.456741 0.588700
vt 0.487210 0.600546
vt 0.500988 0.354438
vt 0.581729 0.328555
vt 0.124988 0.644990
vt 0.921294 0.024989
vt 0.883755 0.024989
vt 0.469567 0.398604
vt 0.456817 0.404538
vt 0.456741 0.386921
vt 0.581890 0.622735
vt 0.487214 0.599171
vt 0.505432 0.584959
vt 0.582080 0.599295
vt 0.354162 0.104446
vt 0.363717 0.094543
vt 0.367447 0.098142
vt 0.357892 0.108045
vt 0.284214 0.848489
vt 0.284214 0.810950
vt 0.124988 0.326480
vt 0.456817 0.571082
vt 0.469567 0.577016
vt 0.247567 0.255963
vt 0.251856 0.251824
vt 0.581729 0.647066
vt 0.173628 0.486658
vt 0.176822 0.486658
vt 0.176822 0.496301
vt 0.173628 0.496301
vt 0.000077 0.569008
vt 0.012826 0.574942
vt 0.487240 0.412979
vt 0.498496 0.393608
vt 0.492620 0.398889
vt 0.488663 0.405682
vt 0.030499 0.560567
vt 0.031923 0.567864
vt 0.035879 0.574657
vt 0.041755 0.579938
vt 0.487239 0.562642
vt 0.488663 0.569939
vt 0.492620 0.576732
vt 0.498496 0.582013
vt 0.030498 0.410904
vt 0.041755 0.391533
vt 0.035879 0.396814
vt 0.031922 0.403608
vt 0.921294 0.142581
vt 0.904868 0.142581
vt 0.921294 0.150954
vt 0.905988 0.150954
vt 0.921294 0.159182
vt 0.906726 0.159182
vt 0.921294 0.166739
vt 0.906970 0.166739
vt 0.166622 0.848489
vt 0.166622 0.832063
vt 0.158248 0.848489
vt 0.158248 0.833183
vt 0.150021 0.848489
vt 0.150021 0.833921
vt 0.142463 0.848489
vt 0.142463 0.834165
vt 0.224528 0.094544
vt 0.229822 0.089344
vt 0.233595 0.092984
vt 0.228258 0.098143
vt 0.235657 0.084116
vt 0.239550 0.087873
vt 0.241694 0.079085
vt 0.245769 0.083017
vt 0.247567 0.074443
vt 0.251856 0.078582
vt 0.369011 0.089344
vt 0.372784 0.092984
vt 0.374846 0.084116
vt 0.378740 0.087873
vt 0.380883 0.079084
vt 0.384958 0.083016
vt 0.386756 0.074443
vt 0.391045 0.078582
vt 0.458151 0.379477
vt 0.462195 0.372260
vt 0.468255 0.366358
vt 0.475411 0.362659
vt 0.030498 0.424635
vt 0.487240 0.426709
vt 0.474862 0.438046
vt 0.456817 0.446174
vt 0.487240 0.452995
vt 0.487239 0.474667
vt 0.921294 0.184312
vt 0.921294 0.226042
vt 0.906927 0.226042
vt 0.906927 0.184312
vt 0.921294 0.267772
vt 0.906927 0.267772
vt 0.921293 0.309502
vt 0.906927 0.309502
vt 0.000077 0.527372
vt 0.030499 0.498879
vt 0.030499 0.520551
vt 0.018121 0.535500
vt 0.030499 0.546837
vt 0.334480 0.150718
vt 0.339977 0.129704
vt 0.344992 0.131016
vt 0.339495 0.152030
vt 0.339977 0.200701
vt 0.334480 0.179687
vt 0.339495 0.178375
vt 0.344992 0.199389
vt 0.363717 0.235862
vt 0.354162 0.225959
vt 0.357891 0.222360
vt 0.367447 0.232263
vt 0.487239 0.548912
vt 0.487239 0.535769
vt 0.487239 0.487810
vt 0.487240 0.439852
vt 0.030498 0.437778
vt 0.030499 0.485736
vt 0.030499 0.533694
vt 0.351381 0.210909
vt 0.344083 0.215007
vt 0.342664 0.210973
vt 0.623015 0.276083
vt 0.633633 0.276083
vt 0.633633 0.293581
vt 0.623015 0.293581
vt 0.339425 0.165202
vt 0.331055 0.165202
vt 0.331793 0.160991
vt 0.602521 0.293708
vt 0.602521 0.304326
vt 0.585023 0.304326
vt 0.585023 0.293708
vt 0.351381 0.119496
vt 0.344083 0.115398
vt 0.346789 0.112087
vt 0.434506 0.537588
vt 0.434506 0.526970
vt 0.452004 0.526970
vt 0.452004 0.537588
vt 0.214973 0.225960
vt 0.207600 0.218319
vt 0.204894 0.215008
vt 0.212192 0.210909
vt 0.218703 0.222361
vt 0.342664 0.119432
vt 0.434506 0.518418
vt 0.434506 0.507800
vt 0.452004 0.507800
vt 0.452004 0.518418
vt 0.203475 0.210974
vt 0.200788 0.200701
vt 0.205802 0.199390
vt 0.195291 0.179687
vt 0.192604 0.169415
vt 0.191866 0.165203
vt 0.200236 0.165203
vt 0.200306 0.178376
vt 0.331793 0.169414
vt 0.602521 0.312879
vt 0.602521 0.323497
vt 0.585023 0.323497
vt 0.585023 0.312879
vt 0.192604 0.160991
vt 0.195291 0.150719
vt 0.200306 0.152030
vt 0.200788 0.129705
vt 0.203475 0.119432
vt 0.204894 0.115398
vt 0.212192 0.119497
vt 0.205802 0.131016
vt 0.346789 0.218318
vt 0.642185 0.276083
vt 0.652803 0.276083
vt 0.652803 0.293581
vt 0.642185 0.293581
vt 0.218703 0.108046
vt 0.214973 0.104447
vt 0.351125 0.248012
vt 0.341570 0.238109
vt 0.323049 0.205129
vt 0.317552 0.184115
vt 0.317552 0.146290
vt 0.323049 0.125276
vt 0.245769 0.247389
vt 0.241694 0.251322
vt 0.367127 0.065810
vt 0.372277 0.060472
vt 0.239550 0.242533
vt 0.235657 0.246290
vt 0.361701 0.071433
vt 0.233595 0.237422
vt 0.229822 0.241062
vt 0.356276 0.077055
vt 0.228258 0.232263
vt 0.224528 0.235863
vt 0.351126 0.082393
vt 0.384958 0.247389
vt 0.380883 0.251321
vt 0.227938 0.065811
vt 0.233088 0.060473
vt 0.378739 0.242532
vt 0.374846 0.246289
vt 0.222512 0.071433
vt 0.372784 0.237421
vt 0.369011 0.241061
vt 0.217087 0.077056
vt 0.211936 0.082394
vt 0.452885 0.031371
vt 0.446669 0.025373
vt 0.286495 0.325282
vt 0.233088 0.269933
vt 0.341570 0.092296
vt 0.313696 0.031371
vt 0.307480 0.025373
vt 0.425684 0.325281
vt 0.372277 0.269933
vt 0.317552 0.025197
vt 0.311584 0.019439
vt 0.430628 0.330405
vt 0.456741 0.025197
vt 0.450774 0.019439
vt 0.291439 0.330406
vt 0.221501 0.751695
vt 0.219760 0.748600
vt 0.222832 0.747806
vt 0.223795 0.749487
vt 0.228207 0.753558
vt 0.224582 0.753526
vt 0.225463 0.750443
vt 0.227376 0.750423
vt 0.221578 0.741963
vt 0.224678 0.740177
vt 0.225549 0.743257
vt 0.223868 0.744212
vt 0.231387 0.741965
vt 0.233164 0.745070
vt 0.230092 0.745901
vt 0.229132 0.744238
vt 0.231356 0.751750
vt 0.229064 0.749470
vt 0.219786 0.745053
vt 0.222865 0.745866
vt 0.228267 0.740169
vt 0.227476 0.743282
vt 0.233164 0.748638
vt 0.230063 0.747824
vt 0.219514 0.753638
vt 0.217085 0.749290
vt 0.228929 0.756277
vt 0.223838 0.756228
vt 0.219616 0.740000
vt 0.223955 0.737485
vt 0.233366 0.740002
vt 0.235853 0.744360
vt 0.233339 0.753735
vt 0.217118 0.744324
vt 0.228996 0.737473
vt 0.235853 0.749362
vt 0.658396 0.301665
vt 0.657036 0.302026
vt 0.654649 0.297930
vt 0.655653 0.296923
vt 0.406851 0.490699
vt 0.408027 0.494789
vt 0.404378 0.494635
vt 0.405363 0.490787
vt 0.640787 0.311842
vt 0.641765 0.310841
vt 0.645872 0.313167
vt 0.645516 0.314507
vt 0.403264 0.487115
vt 0.399744 0.486157
vt 0.401511 0.483187
vt 0.404040 0.485732
vt 0.408087 0.489819
vt 0.410955 0.492705
vt 0.638020 0.307138
vt 0.639387 0.306764
vt 0.403251 0.488698
vt 0.399538 0.489660
vt 0.408984 0.488585
vt 0.412541 0.489560
vt 0.638018 0.301679
vt 0.639361 0.302035
vt 0.409059 0.487105
vt 0.412825 0.486045
vt 0.640729 0.296958
vt 0.641725 0.297946
vt 0.650553 0.295554
vt 0.650909 0.294209
vt 0.413743 0.495262
vt 0.409121 0.498620
vt 0.410770 0.483293
vt 0.413449 0.480590
vt 0.416215 0.485018
vt 0.398728 0.480531
vt 0.403416 0.477373
vt 0.404408 0.481144
vt 0.403396 0.498296
vt 0.416472 0.490481
vt 0.409014 0.477791
vt 0.407942 0.481312
vt 0.398412 0.495618
vt 0.401254 0.492811
vt 0.395878 0.490518
vt 0.396097 0.485134
vt 0.405465 0.485048
vt 0.650590 0.313187
vt 0.650939 0.314540
vt 0.404032 0.490056
vt 0.655663 0.311844
vt 0.654681 0.310847
vt 0.657042 0.306757
vt 0.658397 0.307126
vt 0.407022 0.485002
vt 0.645824 0.295584
vt 0.645453 0.294214
vt 0.408363 0.485738
vt 0.392906 0.474303
vt 0.387410 0.482720
vt 0.401435 0.469800
vt 0.410887 0.469672
vt 0.419531 0.474259
vt 0.424385 0.482890
vt 0.424390 0.492491
vt 0.420027 0.501242
vt 0.411447 0.506463
vt 0.401315 0.506866
vt 0.392595 0.501636
vt 0.387435 0.492974
vt 0.658897 0.301530
vt 0.658897 0.307260
vt 0.386490 0.482445
vt 0.386483 0.493235
vt 0.656019 0.296555
vt 0.392284 0.473623
vt 0.651041 0.293708
vt 0.401217 0.468938
vt 0.645319 0.293717
vt 0.411093 0.468824
vt 0.640363 0.296593
vt 0.420199 0.473570
vt 0.637516 0.301545
vt 0.425269 0.482657
vt 0.637520 0.307275
vt 0.425269 0.492702
vt 0.640427 0.312208
vt 0.420709 0.501880
vt 0.645383 0.315005
vt 0.411713 0.507341
vt 0.651069 0.315035
vt 0.401087 0.507800
vt 0.656029 0.312213
vt 0.391929 0.502314
vt 0.178363 0.377589
vt 0.173645 0.385782
vt 0.173615 0.368210
vt 0.178340 0.366870
vt 0.606688 0.876485
vt 0.598491 0.876485
vt 0.598491 0.862162
vt 0.606688 0.866874
vt 0.178340 0.404694
vt 0.173615 0.403354
vt 0.173645 0.385782
vt 0.178363 0.393975
vt 0.178363 0.435547
vt 0.173647 0.445084
vt 0.173647 0.326480
vt 0.178363 0.336017
vt 0.934546 0.659737
vt 0.934546 0.669271
vt 0.920179 0.669271
vt 0.924902 0.659737
vt 0.172782 0.326480
vt 0.172782 0.337198
vt 0.163139 0.337198
vt 0.163170 0.326480
vt 0.172782 0.368052
vt 0.172782 0.398905
vt 0.163139 0.398905
vt 0.163139 0.368052
vt 0.604278 0.323497
vt 0.604278 0.326691
vt 0.594667 0.326691
vt 0.594667 0.323497
vt 0.455692 0.510397
vt 0.452498 0.510396
vt 0.452486 0.479543
vt 0.455680 0.479544
vt 0.176822 0.486657
vt 0.173628 0.486658
vt 0.452498 0.468824
vt 0.455692 0.468825
vt 0.637516 0.304326
vt 0.637516 0.308602
vt 0.620019 0.308602
vt 0.620019 0.304326
vt 0.637516 0.312879
vt 0.620019 0.312879
vt 0.620019 0.304326
vt 0.620019 0.308603
vt 0.602521 0.308603
vt 0.602521 0.304326
vt 0.620019 0.312879
vt 0.602521 0.312879
vt 0.442766 0.479442
vt 0.442766 0.483718
vt 0.425269 0.483718
vt 0.425269 0.479442
vt 0.442766 0.487994
vt 0.425269 0.487994
vt 0.207600 0.112088
vt 0.052819 0.082175
vt 0.053659 0.058193
vt 0.123052 0.051903
vt 0.122303 0.062045
vt 0.119568 0.242940
vt 0.121073 0.266946
vt 0.120558 0.085958
vt 0.121673 0.277237
vt 0.053873 0.048110
vt 0.052262 0.279492
vt 0.052219 0.269439
vt 0.051761 0.245465
vt 0.530696 0.246937
vt 0.531144 0.271212
vt 0.531359 0.281467
vt 0.534758 0.052529
vt 0.539029 0.037935
vt 0.537761 0.062987
vt 0.534238 0.062810
vt 0.536514 0.088047
vt 0.533031 0.087075
vt 0.465083 0.086084
vt 0.461573 0.086953
vt 0.461058 0.061868
vt 0.464585 0.061794
vt 0.460522 0.036790
vt 0.464365 0.051502
vt 0.461014 0.280478
vt 0.456741 0.295069
vt 0.458013 0.270021
vt 0.461536 0.270198
vt 0.459263 0.244965
vt 0.462746 0.245937
vt 0.517779 0.122696
vt 0.514252 0.122645
vt 0.498630 0.115801
vt 0.498737 0.108501
vt 0.497040 0.224519
vt 0.497148 0.217220
vt 0.512965 0.210832
vt 0.516492 0.210884
vt 0.104822 0.120744
vt 0.101329 0.120666
vt 0.085836 0.113702
vt 0.086170 0.106364
vt 0.085517 0.221936
vt 0.085312 0.214601
vt 0.100913 0.207925
vt 0.104403 0.207896
vt 0.069900 0.119873
vt 0.069647 0.208170
vt 0.482816 0.122186
vt 0.479289 0.122135
vt 0.478001 0.210323
vt 0.481528 0.210375
vt 0.964736 0.514845
vt 0.964736 0.556243
vt 0.897007 0.556243
vt 0.897007 0.514845
vt 0.964736 0.597641
vt 0.897007 0.597641
vt 0.964736 0.639038
vt 0.897007 0.639038
vt 0.829279 0.659737
vt 0.829279 0.639039
vt 0.897007 0.639039
vt 0.897007 0.659737
vt 0.829279 0.597641
vt 0.897007 0.597641
vt 0.829279 0.556243
vt 0.897007 0.556243
vt 0.829279 0.514845
vt 0.897007 0.514845
vt 0.829279 0.473448
vt 0.897007 0.473448
vt 0.829279 0.432050
vt 0.897007 0.432050
vt 0.829279 0.390652
vt 0.897007 0.390652
vt 0.829279 0.349254
vt 0.897007 0.349254
vt 0.964736 0.328555
vt 0.964736 0.349254
vt 0.897007 0.349254
vt 0.897007 0.328555
vt 0.964736 0.390652
vt 0.897007 0.390652
vt 0.964736 0.432050
vt 0.897007 0.432050
vt 0.964736 0.473448
vt 0.897007 0.473448
vt 0.671928 0.000000
vt 0.678924 0.016285
vt 0.661376 0.023545
vt 0.652130 0.008719
vt 0.585764 0.152381
vt 0.602261 0.149583
vt 0.613892 0.183887
vt 0.598604 0.191599
vt 0.362240 0.694362
vt 0.334241 0.722345
vt 0.294054 0.663272
vt 0.302517 0.655182
vt 0.594027 0.572053
vt 0.617181 0.537113
vt 0.630061 0.548566
vt 0.609509 0.579298
vt 0.595146 0.692166
vt 0.610279 0.684667
vt 0.631266 0.714687
vt 0.618717 0.726389
vt 0.585023 0.111306
vt 0.596715 0.071379
vt 0.612351 0.078547
vt 0.601827 0.113505
vt 0.673915 0.258459
vt 0.654746 0.250731
vt 0.663049 0.236251
vt 0.680120 0.242707
vt 0.582080 0.611626
vt 0.598679 0.614036
vt 0.599174 0.650100
vt 0.582322 0.652846
vt 0.619764 0.036064
vt 0.632801 0.047498
vt 0.622535 0.225484
vt 0.634771 0.213792
vt 0.651099 0.752114
vt 0.659575 0.737541
vt 0.649535 0.510153
vt 0.658624 0.524951
vt 0.263130 0.531459
vt 0.301717 0.531459
vt 0.303122 0.538526
vt 0.261724 0.538526
vt 0.760062 0.319036
vt 0.767267 0.319036
vt 0.767267 0.328182
vt 0.760062 0.328182
vt 0.200196 0.489408
vt 0.227481 0.516693
vt 0.223478 0.522684
vt 0.194205 0.493411
vt 0.432474 0.505817
vt 0.432474 0.498612
vt 0.441620 0.498612
vt 0.441620 0.505817
vt 0.185430 0.415173
vt 0.185430 0.453759
vt 0.178363 0.455165
vt 0.178363 0.413767
vt 0.313026 0.755765
vt 0.274440 0.755765
vt 0.274440 0.746619
vt 0.313026 0.746619
vt 0.227481 0.352239
vt 0.200196 0.379524
vt 0.194205 0.375521
vt 0.223478 0.346248
vt 0.173072 0.740960
vt 0.173072 0.761659
vt 0.163926 0.761658
vt 0.163926 0.740960
vt 0.301716 0.337472
vt 0.263130 0.337472
vt 0.261724 0.330406
vt 0.303122 0.330406
vt 0.746774 0.651774
vt 0.753979 0.651774
vt 0.753979 0.660920
vt 0.746774 0.660920
vt 0.364650 0.379523
vt 0.337365 0.352239
vt 0.341369 0.346248
vt 0.370641 0.375520
vt 0.442766 0.507410
vt 0.442766 0.468824
vt 0.451913 0.468824
vt 0.451913 0.507410
vt 0.379417 0.453759
vt 0.379417 0.415173
vt 0.386483 0.413767
vt 0.386483 0.455165
vt 0.623021 0.258459
vt 0.664419 0.258459
vt 0.664419 0.267605
vt 0.623021 0.267605
vt 0.337366 0.516693
vt 0.364650 0.489408
vt 0.370641 0.493411
vt 0.341369 0.522684
vt 0.589285 0.760031
vt 0.596491 0.760031
vt 0.596491 0.769177
vt 0.589285 0.769177
vt 0.610901 0.760031
vt 0.618106 0.760031
vt 0.618106 0.769177
vt 0.610901 0.769177
vt 0.163926 0.761659
vt 0.171131 0.761659
vt 0.171131 0.770805
vt 0.163926 0.770805
vt 0.217085 0.756277
vt 0.224290 0.756277
vt 0.224290 0.765423
vt 0.217085 0.765423
vt 0.603696 0.760031
vt 0.610901 0.760031
vt 0.610901 0.769177
vt 0.603696 0.769177
vt 0.623021 0.274810
vt 0.623021 0.267605
vt 0.632167 0.267605
vt 0.632167 0.274810
vt 0.425269 0.498612
vt 0.432474 0.498612
vt 0.432474 0.507758
vt 0.425269 0.507758
vt 0.752857 0.319036
vt 0.760062 0.319036
vt 0.760062 0.328182
vt 0.752857 0.328182
vt 0.224290 0.756277
vt 0.231495 0.756277
vt 0.231495 0.765423
vt 0.224290 0.765423
vt 0.255146 0.764911
vt 0.235853 0.764911
vt 0.235853 0.755765
vt 0.255146 0.755765
vt 0.163139 0.451022
vt 0.163139 0.409624
vt 0.172285 0.409624
vt 0.172285 0.451022
vt 0.765721 0.705516
vt 0.772926 0.705516
vt 0.772926 0.714662
vt 0.765721 0.714662
vt 0.274440 0.755765
vt 0.235853 0.755765
vt 0.235853 0.746619
vt 0.274440 0.746619
vt 0.172285 0.492420
vt 0.172285 0.533817
vt 0.163139 0.533817
vt 0.163139 0.492420
vt 0.125339 0.740960
vt 0.163926 0.740960
vt 0.163926 0.750106
vt 0.125339 0.750106
vt 0.582080 0.760031
vt 0.589285 0.760031
vt 0.589285 0.769177
vt 0.582080 0.769177
vt 0.313026 0.746619
vt 0.274440 0.746619
vt 0.274440 0.737473
vt 0.313026 0.737473
vt 0.752857 0.328182
vt 0.732158 0.328182
vt 0.732158 0.319036
vt 0.752857 0.319036
vt 0.637516 0.315035
vt 0.678914 0.315035
vt 0.678914 0.324181
vt 0.637516 0.324181
vt 0.274440 0.746619
vt 0.235853 0.746619
vt 0.235853 0.737473
vt 0.274440 0.737473
vt 0.596491 0.760031
vt 0.603696 0.760031
vt 0.603696 0.769177
vt 0.596491 0.769177
vt 0.732158 0.328182
vt 0.690760 0.328182
vt 0.690760 0.319036
vt 0.732158 0.319036
vt 0.152778 0.750106
vt 0.152778 0.769399
vt 0.143631 0.769399
vt 0.143631 0.750106
vt 0.171131 0.761659
vt 0.178336 0.761659
vt 0.178336 0.770805
vt 0.171131 0.770805
vt 0.779958 0.667978
vt 0.779958 0.687271
vt 0.772892 0.688677
vt 0.772892 0.667978
vt 0.163139 0.656605
vt 0.163139 0.618019
vt 0.170206 0.616613
vt 0.170206 0.658011
vt 0.170206 0.615207
vt 0.170206 0.576621
vt 0.177273 0.575215
vt 0.177273 0.616613
vt 0.177273 0.618019
vt 0.177273 0.656605
vt 0.170206 0.658011
vt 0.170206 0.616613
vt 0.177273 0.535223
vt 0.177273 0.573810
vt 0.170206 0.575215
vt 0.170206 0.533817
vt 0.163139 0.615207
vt 0.163139 0.576621
vt 0.170206 0.575215
vt 0.170206 0.616613
vt 0.159844 0.750106
vt 0.159844 0.769399
vt 0.152778 0.770805
vt 0.152778 0.750106
vt 0.163139 0.492420
vt 0.163139 0.451022
vt 0.172285 0.451022
vt 0.172285 0.492420
vt 0.265800 0.518034
vt 0.299046 0.518034
vt 0.235086 0.505312
vt 0.211577 0.481804
vt 0.198855 0.451089
vt 0.192813 0.471584
vt 0.198855 0.417843
vt 0.211577 0.387128
vt 0.235085 0.363620
vt 0.265800 0.350898
vt 0.299046 0.350897
vt 0.329761 0.363620
vt 0.353269 0.387128
vt 0.365992 0.417843
vt 0.372033 0.397348
vt 0.365992 0.451089
vt 0.353269 0.481804
vt 0.329761 0.505312
vt 0.252573 0.654182
vt 0.248316 0.643267
vt 0.263158 0.640257
vt 0.265091 0.645776
vt 0.193509 0.581667
vt 0.221520 0.553663
vt 0.261715 0.612761
vt 0.253248 0.620853
vt 0.297678 0.737473
vt 0.283128 0.667502
vt 0.258109 0.538526
vt 0.272650 0.608529
vt 0.258142 0.737472
vt 0.271431 0.667286
vt 0.297672 0.538540
vt 0.334227 0.553669
vt 0.295102 0.613421
vt 0.284364 0.608754
vt 0.221584 0.722375
vt 0.260693 0.662621
vt 0.362229 0.581641
vt 0.303214 0.621852
vt 0.193558 0.694419
vt 0.377392 0.618212
vt 0.307458 0.632760
vt 0.178374 0.657847
vt 0.377392 0.657794
vt 0.307218 0.644462
vt 0.178363 0.618257
vt 0.248546 0.631571
vt 0.281531 0.623602
vt 0.286828 0.625988
vt 0.290724 0.630244
vt 0.292605 0.635723
vt 0.292417 0.641583
vt 0.289984 0.646850
vt 0.285676 0.650719
vt 0.280134 0.652564
vt 0.274266 0.652466
vt 0.268988 0.650065
vt 0.263323 0.634443
vt 0.265781 0.629206
vt 0.270090 0.625323
vt 0.275628 0.623467
vt 0.163139 0.573810
vt 0.163139 0.535223
vt 0.170206 0.533817
vt 0.170206 0.575215
vt 0.621670 0.760142
vt 0.628032 0.760031
vt 0.634395 0.760142
vt 0.634395 0.772339
vt 0.621670 0.840504
vt 0.634395 0.828307
vt 0.634395 0.840504
vt 0.628032 0.840615
vt 0.647119 0.840504
vt 0.640757 0.840615
vt 0.647119 0.760142
vt 0.640757 0.760031
vt 0.655295 0.060063
vt 0.638207 0.073454
vt 0.676773 0.744157
vt 0.652988 0.701980
vt 0.687671 0.714046
vt 0.636002 0.689148
vt 0.629940 0.668715
vt 0.630542 0.650291
vt 0.630737 0.631848
vt 0.629408 0.594997
vt 0.635261 0.574401
vt 0.652335 0.561206
vt 0.656347 0.201044
vt 0.690760 0.212826
vt 0.639444 0.188291
vt 0.633309 0.167930
vt 0.633888 0.131145
vt 0.633353 0.112695
vt 0.632446 0.094201
vt 0.683540 0.847110
vt 0.675631 0.849228
vt 0.667747 0.850999
vt 0.667187 0.834141
vt 0.652396 0.846712
vt 0.659912 0.848980
vt 0.651186 0.770034
vt 0.658933 0.767879
vt 0.666969 0.765993
vt 0.667610 0.782935
vt 0.682485 0.770241
vt 0.674898 0.767994
vt 0.570832 0.775226
vt 0.007171 0.810950
vt 0.020176 0.811123
vt 0.676114 0.517853
vt 0.687671 0.548509
vt 0.690760 0.047048
vt 0.331973 0.756766
vt 0.331973 0.737473
vt 0.339039 0.737473
vt 0.339039 0.758172
vt 0.331973 0.777465
vt 0.331973 0.758172
vt 0.339039 0.758172
vt 0.339039 0.778870
vt 0.143631 0.750106
vt 0.143631 0.769399
vt 0.134485 0.769399
vt 0.134485 0.750106
vt 0.125339 0.770805
vt 0.125339 0.750106
vt 0.134485 0.750106
vt 0.134485 0.770805
vt 0.255146 0.755765
vt 0.274440 0.755765
vt 0.274440 0.764911
vt 0.255146 0.764911
vt 0.685118 0.267605
vt 0.664419 0.267605
vt 0.664419 0.258459
vt 0.685118 0.258459
vt 0.669271 0.501621
vt 0.670416 0.760031
vt 0.829279 0.328555
vt 0.964736 0.659737
vt 0.173628 0.496301
vt 0.176822 0.496301
vt 0.176822 0.505913
vt 0.173628 0.505913
vt 0.163139 0.368052
vt 0.163170 0.409624
vt 0.172782 0.409624
vt 0.911650 0.319036
vt 0.921293 0.319036
vt 0.134267 0.838877
vt 0.134267 0.848489
vt 0.920179 0.711001
vt 0.934546 0.711001
vt 0.920179 0.752731
vt 0.934546 0.752731
vt 0.590934 0.861918
vt 0.590934 0.876485
vt 0.582706 0.861179
vt 0.582706 0.876485
vt 0.574332 0.860059
vt 0.574332 0.876485
vt 0.566396 0.858728
vt 0.566396 0.876485
vt 0.919978 0.819591
vt 0.934546 0.819591
vt 0.919240 0.827819
vt 0.934546 0.827819
vt 0.918120 0.836192
vt 0.934546 0.836192
vt 0.916789 0.844129
vt 0.934546 0.844129
vt 0.585023 0.326691
vt 0.585023 0.323497
vt 0.594667 0.323497
vt 0.594667 0.326691
vt 0.456741 0.838947
vt 0.539970 0.853961
vt 0.539970 0.876485
vt 0.456741 0.876485
vt 0.897007 0.953784
vt 0.912021 0.870555
vt 0.934546 0.870555
vt 0.934546 0.953784
vt 0.125452 0.633893
vt 0.163139 0.633893
vt 0.125600 0.658162
vt 0.163139 0.658162
vt 0.125452 0.350748
vt 0.125601 0.326480
vt 0.163139 0.326480
vt 0.163139 0.350748
vt 0.125339 0.374136
vt 0.163139 0.374136
vt 0.746774 0.577948
vt 0.753945 0.576697
vt 0.753945 0.614236
vt 0.746774 0.614236
vt 0.000000 0.848489
vt 0.000000 0.810950
vt 0.126851 0.381256
vt 0.163139 0.381256
vt 0.276905 0.774663
vt 0.276905 0.810950
vt 0.746774 0.615487
vt 0.753945 0.614236
vt 0.753945 0.651774
vt 0.746774 0.651774
vt 0.765721 0.669229
vt 0.772892 0.667978
vt 0.772892 0.705516
vt 0.765721 0.705516
vt 0.121239 0.811021
vt 0.134267 0.810950
vt 0.696053 0.751986
vt 0.738798 0.732505
vt 0.781033 0.752449
vt 0.452004 0.522694
vt 0.434506 0.522694
vt 0.585023 0.308602
vt 0.602521 0.308602
vt 0.637909 0.293581
vt 0.637909 0.276083
vt 0.425684 0.005124
vt 0.430628 0.000000
vt 0.286495 0.005124
vt 0.291439 0.000000
vt 0.211936 0.248012
vt 0.202381 0.238109
vt 0.356276 0.253350
vt 0.361701 0.258972
vt 0.367126 0.264595
vt 0.217087 0.253350
vt 0.222512 0.258973
vt 0.227938 0.264595
vt 0.183860 0.205130
vt 0.178363 0.184116
vt 0.178363 0.146291
vt 0.183860 0.125277
vt 0.202381 0.092297
vt 0.620019 0.293708
vt 0.637516 0.293708
vt 0.602521 0.293708
vt 0.620019 0.293708
vt 0.425269 0.468824
vt 0.442766 0.468824
vt 0.425269 0.498612
vt 0.442766 0.498612
vt 0.602521 0.323497
vt 0.620019 0.323497
vt 0.620019 0.323497
vt 0.637516 0.323497
vt 0.000000 0.000000
vt 0.000000 0.000000
vt 0.000000 0.000000
vt 0.000000 0.000000
vt 0.000000 0.000000
vt 0.000000 0.000000
vt 0.000000 0.000000
vt 0.000000 0.000000
vt 0.000000 0.000000
vt 0.000000 0.000000
vt 0.000000 0.000000
vt 0.000000 0.000000
vt 0.000000 0.000000
vt 0.000000 0.000000
vt 0.000000 0.000000
vt 0.000000 0.000000
vt 0.000000 0.000000
vt 0.000000 0.000000
vt 0.000000 0.000000
vt 0.000000 0.000000
vt 0.000000 0.000000
vt 0.000000 0.000000
vt 0.000000 0.000000
vt 0.000000 0.000000
vt 0.000000 0.000000
vt 0.000000 0.000000
vt 0.000000 0.000000
vt 0.000000 0.000000
vt 0.000000 0.000000
vt 0.000000 0.000000
vt 0.000000 0.000000
vt 0.000000 0.000000
vt 0.000000 0.000000
vt 0.000000 0.000000
vt 0.000000 0.000000
vt 0.000000 0.000000
vt 0.000000 0.000000
vt 0.172789 0.462785
vt 0.172361 0.450417
vt 0.172285 0.448063
vt 0.172621 0.445899
vt 0.173405 0.444697
vt 0.173127 0.444637
vt 0.172956 0.443971
vt 0.172616 0.440560
vt 0.172466 0.444101
vt 0.172532 0.446382
vt 0.172614 0.448477
vt 0.173107 0.461302
vt 0.173279 0.463825
vt 0.172965 0.464933
vt 0.173078 0.468086
vt 0.172910 0.466371
vt 0.173283 0.465925
vt 0.173199 0.467321
vt 0.173112 0.468000
vt 0.173080 0.468212
vt 0.173060 0.468225
vt 0.173071 0.468251
vt 0.000000 0.000000
vt 0.000000 0.000000
vt 0.000000 0.000000
vt 0.000000 0.000000
vt 0.000000 0.000000
vt 0.000000 0.000000
vt 0.000000 0.000000
vt 0.000000 0.000000
vt 0.000000 0.000000
vt 0.000000 0.000000
vt 0.000000 0.000000
vt 0.000000 0.000000
vt 0.176830 0.469658
vt 0.176971 0.475692
vt 0.177544 0.478074
vt 0.177685 0.479944
vt 0.177791 0.481552
vt 0.177241 0.482407
vt 0.177481 0.485102
vt 0.177404 0.482069
vt 0.177465 0.480410
vt 0.177371 0.478817
vt 0.177429 0.477994
vt 0.177236 0.468291
vt 0.177252 0.482628
vt 0.177272 0.482692
vt 0.177521 0.483282
vt 0.177293 0.482605
vt 0.177248 0.482665
vt 0.000000 0.000000
vt 0.000000 0.000000
vt 0.000000 0.000000
vt 0.000000 0.000000
vt 0.000000 0.000000
vt 0.000000 0.000000
vt 0.000000 0.000000
vt 0.000000 0.000000
vt 0.000000 0.000000
vt 0.000000 0.000000
vt 0.000000 0.000000
vt 0.000000 0.000000
vt 0.000000 0.000000
vt 0.000000 0.000000
vt 0.000000 0.000000
vt 0.000000 0.000000
vt 0.000000 0.000000
vt 0.000000 0.000000
vt 0.000000 0.000000
vt 0.000000 0.000000
vt 0.000000 0.000000
vt 0.000000 0.000000
vt 0.000000 0.000000
vt 0.000000 0.000000
vt 0.000000 0.000000
vt 0.000000 0.000000
vt 0.000000 0.000000
vt 0.000000 0.000000
vt 0.000000 0.000000
vt 0.000000 0.000000
vt 0.000000 0.000000
vt 0.000000 0.000000
vt 0.000000 0.000000
vt 0.000000 0.000000
vt 0.000000 0.000000
vt 0.000000 0.000000
vt 0.000000 0.000000
vt 0.000000 0.000000
vt 0.000000 0.000000
vt 0.000000 0.000000
vt 0.000000 0.000000
vt 0.000000 0.000000
vt 0.000000 0.000000
vt 0.000000 0.000000
vt 0.000000 0.000000
vt 0.000000 0.000000
vt 0.000000 0.000000
vt 0.000000 0.000000
vt 0.000000 0.000000
vt 0.000000 0.000000
vt 0.000000 0.000000
vt 0.000000 0.000000
vt 0.000000 0.000000
vt 0.000000 0.000000
vt 0.000000 0.000000
vt 0.000000 0.000000
vt 0.000000 0.000000
vt 0.000000 0.000000
vt 0.000000 0.000000
vt 0.000000 0.000000
vt 0.000000 0.000000
vt 0.000000 0.000000
vt 0.000000 0.000000
vt 0.000000 0.000000
vt 0.000000 0.000000
vt 0.000000 0.000000
vt 0.000000 0.000000
vt 0.000000 0.000000
vt 0.000000 0.000000
vt 0.000000 0.000000
vt 0.000000 0.000000
vt 0.000000 0.000000
vt 0.000000 0.000000
vt 0.000000 0.000000
vt 0.000000 0.000000
vt 0.000000 0.000000
vt 0.000000 0.000000
vt 0.000000 0.000000
vt 0.000000 0.000000
vt 0.000000 0.000000
vt 0.000000 0.000000
vt 0.000000 0.000000
vt 0.000000 0.000000
vt 0.000000 0.000000
vt 0.000000 0.000000
vt 0.000000 0.000000
vt 0.000000 0.000000
vt 0.000000 0.000000
vt 0.000000 0.000000
vt 0.000000 0.000000
vt 0.000000 0.000000
vt 0.000000 0.000000
vt 0.000000 0.000000
vt 0.000000 0.000000
vt 0.000000 0.000000
vt 0.000000 0.000000
vt 0.000000 0.000000
vt 0.000000 0.000000
vt 0.000000 0.000000
vt 0.000000 0.000000
vt 0.000000 0.000000
vt 0.000000 0.000000
vt 0.000000 0.000000
vt 0.000000 0.000000
vt 0.000000 0.000000
vt 0.000000 0.000000
vt 0.000000 0.000000
vt 0.000000 0.000000
vt 0.000000 0.000000
vt 0.000000 0.000000
vt 0.000000 0.000000
vt 0.000000 0.000000
vt 0.000000 0.000000
vt 0.000000 0.000000
vt 0.000000 0.000000
vt 0.000000 0.000000
vt 0.000000 0.000000
vt 0.000000 0.000000
vt 0.000000 0.000000
vt 0.000000 0.000000
vt 0.000000 0.000000
vt 0.000000 0.000000
vt 0.000000 0.000000
vt 0.000000 0.000000
vt 0.000000 0.000000
vt 0.000000 0.000000
vt 0.000000 0.000000
vt 0.000000 0.000000
vt 0.000000 0.000000
vt 0.000000 0.000000
vt 0.000000 0.000000
vt 0.000000 0.000000
vt 0.000000 0.000000
vt 0.000000 0.000000
vt 0.000000 0.000000
vt 0.000000 0.000000
vt 0.000000 0.000000
vt 0.000000 0.000000
vt 0.000000 0.000000
vt 0.000000 0.000000
vt 0.000000 0.000000
vt 0.000000 0.000000
vt 0.000000 0.000000
vt 0.000000 0.000000
vt 0.000000 0.000000
vt 0.000000 0.000000
vt 0.000000 0.000000
vt 0.000000 0.000000
vt 0.000000 0.000000
vt 0.000000 0.000000
vt 0.000000 0.000000
vt 0.000000 0.000000
vt 0.000000 0.000000
vt 0.173243 0.462962
vt 0.173260 0.465446
vt 0.172701 0.464239
vt 0.172836 0.461503
vt 0.172826 0.449115
vt 0.172858 0.447764
vt 0.172798 0.446597
vt 0.172878 0.445414
vt 0.173184 0.445490
vt 0.173358 0.445699
vt 0.173349 0.446394
vt 0.173402 0.447595
vt 0.173386 0.449181
vt 0.173226 0.450958
vt 0.173147 0.471370
vt 0.172862 0.468908
vt 0.172982 0.468395
vt 0.173040 0.468302
vt 0.173066 0.468355
vt 0.173153 0.468192
vt 0.172754 0.466737
vt 0.173405 0.467486
vt 0.177959 0.468329
vt 0.177253 0.465173
vt 0.177266 0.477854
vt 0.177381 0.478609
vt 0.177256 0.479971
vt 0.177285 0.481085
vt 0.177252 0.482284
vt 0.177124 0.481517
vt 0.177092 0.480674
vt 0.177207 0.479370
vt 0.177350 0.477684
vt 0.177959 0.475255
vt 0.177197 0.482444
vt 0.177180 0.482312
vt 0.177161 0.482029
vt 0.177195 0.482437
vt 0.177214 0.482455
vt 0.000000 0.000000
vt 0.000000 0.000000
vt 0.000000 0.000000
vt 0.000000 0.000000
vt 0.000000 0.000000
vt 0.000000 0.000000
vt 0.000000 0.000000
vt 0.000000 0.000000
vt 0.000000 0.000000
vt 0.000000 0.000000
vt 0.000000 0.000000
vt 0.000000 0.000000
vt 0.000000 0.000000
vt 0.000000 0.000000
vt 0.000000 0.000000
vt 0.000000 0.000000
vt 0.000000 0.000000
vt 0.000000 0.000000
vt 0.000000 0.000000
vt 0.000000 0.000000
vt 0.000000 0.000000
vt 0.000000 0.000000
vt 0.000000 0.000000
vt 0.000000 0.000000
vt 0.000000 0.000000
vt 0.000000 0.000000
vt 0.000000 0.000000
vt 0.000000 0.000000
vt 0.000000 0.000000
vt 0.000000 0.000000
vt 0.000000 0.000000
vt 0.000000 0.000000
vt 0.000000 0.000000
vt 0.000000 0.000000
vt 0.000000 0.000000
vt 0.000000 0.000000
vt 0.000000 0.000000
vt 0.000000 0.000000
vt 0.000000 0.000000
vt 0.000000 0.000000
vt 0.000000 0.000000
vt 0.000000 0.000000
vt 0.000000 0.000000
vt 0.000000 0.000000
vt 0.000000 0.000000
vt 0.000000 0.000000
vt 0.000000 0.000000
vt 0.000000 0.000000
vt 0.000000 0.000000
vt 0.000000 0.000000
vt 0.000000 0.000000
vt 0.000000 0.000000
vt 0.000000 0.000000
vt 0.000000 0.000000
vt 0.000000 0.000000
vt 0.000000 0.000000
vt 0.000000 0.000000
vt 0.000000 0.000000
vt 0.000000 0.000000
vt 0.000000 0.000000
vt 0.000000 0.000000
vt 0.000000 0.000000
vt 0.000000 0.000000
vt 0.000000 0.000000
vt 0.000000 0.000000
vt 0.000000 0.000000
vt 0.000000 0.000000
vt 0.000000 0.000000
vt 0.000000 0.000000
vt 0.000000 0.000000
vt 0.000000 0.000000
vt 0.000000 0.000000
vt 0.000000 0.000000
vt 0.000000 0.000000
vt 0.000000 0.000000
vt 0.000000 0.000000
vt 0.000000 0.000000
vt 0.000000 0.000000
vt 0.000000 0.000000
vt 0.000000 0.000000
vt 0.000000 0.000000
vt 0.000000 0.000000
vt 0.000000 0.000000
vt 0.000000 0.000000
vt 0.000000 0.000000
vt 0.000000 0.000000
vt 0.000000 0.000000
vt 0.000000 0.000000
vt 0.000000 0.000000
vt 0.000000 0.000000
vt 0.000000 0.000000
vt 0.000000 0.000000
vt 0.000000 0.000000
vt 0.000000 0.000000
vt 0.000000 0.000000
vt 0.000000 0.000000
vt 0.000000 0.000000
vt 0.000000 0.000000
vt 0.000000 0.000000
vt 0.000000 0.000000
vt 0.000000 0.000000
vt 0.000000 0.000000
vt 0.000000 0.000000
vt 0.000000 0.000000
vt 0.000000 0.000000
vt 0.000000 0.000000
vt 0.000000 0.000000
vt 0.000000 0.000000
vt 0.000000 0.000000
vt 0.000000 0.000000
vt 0.000000 0.000000
vt 0.000000 0.000000
vt 0.000000 0.000000
vt 0.000000 0.000000
vt 0.000000 0.000000
vt 0.000000 0.000000
vt 0.432474 0.505817
vt 0.434265 0.505817
vt 0.434265 0.507034
vt 0.432474 0.507034
vt 0.000000 0.000000
vt 0.000000 0.000000
vt 0.000000 0.000000
vt 0.000000 0.000000
vt 0.000000 0.000000
vt 0.000000 0.000000
vt 0.000000 0.000000
vt 0.000000 0.000000
vt 0.000000 0.000000
vt 0.000000 0.000000
vt 0.000000 0.000000
vt 0.000000 0.000000
vt 0.000000 0.000000
vt 0.000000 0.000000
vt 0.000000 0.000000
vt 0.000000 0.000000
vt 0.000000 0.000000
vt 0.000000 0.000000
vt 0.000000 0.000000
vt 0.000000 0.000000
vt 0.000000 0.000000
vt 0.000000 0.000000
vt 0.000000 0.000000
vt 0.000000 0.000000
vt 0.000000 0.000000
vt 0.173214 0.418218
vt 0.173232 0.430141
vt 0.173391 0.431919
vt 0.173405 0.433507
vt 0.173350 0.434709
vt 0.173358 0.435405
vt 0.173183 0.435614
vt 0.172878 0.435692
vt 0.172800 0.434504
vt 0.172862 0.433334
vt 0.172833 0.431980
vt 0.172866 0.419662
vt 0.172777 0.417162
vt 0.173124 0.416077
vt 0.173126 0.412917
vt 0.173231 0.414640
vt 0.172846 0.415069
vt 0.172980 0.413679
vt 0.173092 0.413003
vt 0.173130 0.412793
vt 0.173152 0.412781
vt 0.173141 0.412753
vt 0.176822 0.449580
vt 0.176961 0.455596
vt 0.177521 0.457842
vt 0.177679 0.459469
vt 0.177813 0.460749
vt 0.177791 0.461581
vt 0.177673 0.462349
vt 0.177602 0.461146
vt 0.177591 0.460030
vt 0.177416 0.458670
vt 0.177459 0.457915
vt 0.177222 0.448206
vt 0.177735 0.462499
vt 0.177718 0.462512
vt 0.177735 0.462497
vt 0.177763 0.462088
vt 0.177749 0.462369
vt 0.000000 0.000000
vt 0.000000 0.000000
vt 0.000000 0.000000
vt 0.000000 0.000000
vt 0.000000 0.000000
vt 0.000000 0.000000
vt 0.000000 0.000000
vt 0.000000 0.000000
vt 0.000000 0.000000
vt 0.000000 0.000000
vt 0.000000 0.000000
vt 0.000000 0.000000
vt 0.000000 0.000000
vt 0.000000 0.000000
vt 0.000000 0.000000
vt 0.000000 0.000000
vt 0.000000 0.000000
vt 0.000000 0.000000
vt 0.000000 0.000000
vt 0.000000 0.000000
vt 0.000000 0.000000
vt 0.000000 0.000000
vt 0.000000 0.000000
vt 0.000000 0.000000
vt 0.000000 0.000000
vt 0.000000 0.000000
vt 0.000000 0.000000
vt 0.000000 0.000000
vt 0.000000 0.000000
vt 0.000000 0.000000
vt 0.000000 0.000000
vt 0.000000 0.000000
vt 0.000000 0.000000
vt 0.000000 0.000000
vt 0.000000 0.000000
vt 0.000000 0.000000
vt 0.000000 0.000000
vt 0.000000 0.000000
vt 0.000000 0.000000
vt 0.000000 0.000000
vt 0.000000 0.000000
vt 0.000000 0.000000
vt 0.000000 0.000000
vt 0.000000 0.000000
vt 0.000000 0.000000
vt 0.000000 0.000000
vt 0.000000 0.000000
vt 0.000000 0.000000
vt 0.000000 0.000000
vt 0.000000 0.000000
vt 0.000000 0.000000
vt 0.000000 0.000000
vt 0.000000 0.000000
vt 0.000000 0.000000
vt 0.000000 0.000000
vt 0.000000 0.000000
vt 0.000000 0.000000
vt 0.000000 0.000000
vt 0.000000 0.000000
vt 0.000000 0.000000
vt 0.000000 0.000000
vt 0.000000 0.000000
vt 0.000000 0.000000
vt 0.000000 0.000000
vt 0.000000 0.000000
vt 0.000000 0.000000
vt 0.000000 0.000000
vt 0.000000 0.000000
vt 0.000000 0.000000
vt 0.000000 0.000000
vt 0.000000 0.000000
vt 0.000000 0.000000
vt 0.000000 0.000000
vt 0.000000 0.000000
vt 0.000000 0.000000
vt 0.000000 0.000000
vt 0.000000 0.000000
vt 0.000000 0.000000
vt 0.000000 0.000000
vt 0.000000 0.000000
vt 0.000000 0.000000
vt 0.000000 0.000000
vt 0.000000 0.000000
vt 0.000000 0.000000
vt 0.000000 0.000000
vt 0.000000 0.000000
vt 0.000000 0.000000
vt 0.000000 0.000000
vt 0.000000 0.000000
vt 0.000000 0.000000
vt 0.000000 0.000000
vt 0.000000 0.000000
vt 0.000000 0.000000
vt 0.000000 0.000000
vt 0.000000 0.000000
vt 0.000000 0.000000
vt 0.000000 0.000000
vt 0.000000 0.000000
vt 0.000000 0.000000
vt 0.000000 0.000000
vt 0.000000 0.000000
vt 0.000000 0.000000
vt 0.000000 0.000000
vt 0.000000 0.000000
vt 0.000000 0.000000
vt 0.000000 0.000000
vt 0.000000 0.000000
vt 0.000000 0.000000
vt 0.000000 0.000000
vt 0.000000 0.000000
vt 0.000000 0.000000
vt 0.000000 0.000000
vt 0.000000 0.000000
vt 0.000000 0.000000
vt 0.000000 0.000000
vt 0.000000 0.000000
vt 0.000000 0.000000
vt 0.000000 0.000000
vt 0.000000 0.000000
vt 0.000000 0.000000
vt 0.000000 0.000000
vt 0.000000 0.000000
vt 0.000000 0.000000
vt 0.000000 0.000000
vt 0.000000 0.000000
vt 0.000000 0.000000
vt 0.000000 0.000000
vt 0.000000 0.000000
vt 0.000000 0.000000
vt 0.000000 0.000000
vt 0.000000 0.000000
vt 0.000000 0.000000
vt 0.000000 0.000000
vt 0.000000 0.000000
vt 0.000000 0.000000
vt 0.000000 0.000000
vt 0.000000 0.000000
vt 0.000000 0.000000
vt 0.000000 0.000000
vt 0.000000 0.000000
vt 0.000000 0.000000
vt 0.000000 0.000000
vt 0.000000 0.000000
vt 0.000000 0.000000
vt 0.000000 0.000000
vt 0.000000 0.000000
vt 0.000000 0.000000
vt 0.000000 0.000000
vt 0.000000 0.000000
vt 0.000000 0.000000
vt 0.000000 0.000000
vt 0.000000 0.000000
vt 0.000000 0.000000
vt 0.172764 0.418088
vt 0.172844 0.415575
vt 0.173370 0.416821
vt 0.173143 0.419600
vt 0.172620 0.432603
vt 0.172534 0.434710
vt 0.172465 0.437002
vt 0.172610 0.440560
vt 0.172953 0.437135
vt 0.173125 0.436466
vt 0.173404 0.436404
vt 0.172620 0.435192
vt 0.172285 0.433013
vt 0.172365 0.430644
vt 0.173174 0.409624
vt 0.173374 0.412104
vt 0.173235 0.412614
vt 0.173174 0.412704
vt 0.173150 0.412651
vt 0.173057 0.412816
vt 0.173405 0.414297
vt 0.172774 0.413517
vt 0.177959 0.448275
vt 0.177232 0.445084
vt 0.177297 0.457967
vt 0.177431 0.458804
vt 0.177391 0.460425
vt 0.177507 0.462105
vt 0.177514 0.465173
vt 0.177696 0.462438
vt 0.177128 0.461571
vt 0.177209 0.459911
vt 0.177332 0.457950
vt 0.177959 0.455340
vt 0.177683 0.462681
vt 0.177689 0.462715
vt 0.177645 0.462650
vt 0.177427 0.463342
vt 0.177666 0.462746
vt 0.000000 0.000000
vt 0.000000 0.000000
vt 0.000000 0.000000
vt 0.000000 0.000000
vt 0.000000 0.000000
vt 0.000000 0.000000
vt 0.000000 0.000000
vt 0.000000 0.000000
vt 0.000000 0.000000
vt 0.000000 0.000000
vt 0.000000 0.000000
vt 0.000000 0.000000
vt 0.000000 0.000000
vt 0.000000 0.000000
vt 0.000000 0.000000
vt 0.000000 0.000000
vt 0.000000 0.000000
vt 0.000000 0.000000
vt 0.000000 0.000000
vt 0.000000 0.000000
vt 0.000000 0.000000
vt 0.000000 0.000000
vt 0.000000 0.000000
vt 0.000000 0.000000
vt 0.000000 0.000000
vt 0.000000 0.000000
vt 0.000000 0.000000
vt 0.000000 0.000000
vt 0.000000 0.000000
vt 0.000000 0.000000
vt 0.000000 0.000000
vt 0.000000 0.000000
vt 0.000000 0.000000
vt 0.000000 0.000000
vt 0.000000 0.000000
vt 0.000000 0.000000
vt 0.000000 0.000000
vt 0.000000 0.000000
vt 0.000000 0.000000
vt 0.000000 0.000000
vt 0.000000 0.000000
vt 0.000000 0.000000
vt 0.000000 0.000000
vt 0.000000 0.000000
vt 0.000000 0.000000
vt 0.000000 0.000000
vt 0.000000 0.000000
vt 0.000000 0.000000
vt 0.000000 0.000000
vt 0.000000 0.000000
vt 0.000000 0.000000
vt 0.000000 0.000000
vt 0.000000 0.000000
vt 0.000000 0.000000
vt 0.000000 0.000000
vt 0.000000 0.000000
vt 0.000000 0.000000
vt 0.000000 0.000000
vt 0.000000 0.000000
vt 0.000000 0.000000
vt 0.000000 0.000000
vt 0.000000 0.000000
vt 0.000000 0.000000
vt 0.000000 0.000000
vt 0.000000 0.000000
vt 0.000000 0.000000
vt 0.000000 0.000000
vt 0.000000 0.000000
vt 0.000000 0.000000
vt 0.000000 0.000000
vt 0.000000 0.000000
vt 0.000000 0.000000
vt 0.000000 0.000000
vt 0.000000 0.000000
vt 0.000000 0.000000
vt 0.000000 0.000000
vt 0.000000 0.000000
vt 0.000000 0.000000
vt 0.000000 0.000000
vt 0.000000 0.000000
vt 0.000000 0.000000
vt 0.000000 0.000000
vt 0.000000 0.000000
vt 0.000000 0.000000
vt 0.000000 0.000000
vt 0.000000 0.000000
vt 0.000000 0.000000
vt 0.000000 0.000000
vt 0.000000 0.000000
vt 0.000000 0.000000
vt 0.000000 0.000000
vt 0.000000 0.000000
vt 0.000000 0.000000
vt 0.000000 0.000000
vt 0.000000 0.000000
vt 0.000000 0.000000
vt 0.000000 0.000000
vt 0.000000 0.000000
vt 0.000000 0.000000
vt 0.000000 0.000000
vt 0.000000 0.000000
vt 0.000000 0.000000
vt 0.000000 0.000000
vt 0.000000 0.000000
vt 0.000000 0.000000
vt 0.000000 0.000000
vt 0.000000 0.000000
vt 0.000000 0.000000
vt 0.000000 0.000000
vt 0.000000 0.000000
vt 0.000000 0.000000
vt 0.000000 0.000000
vt 0.000000 0.000000
vt 0.000000 0.000000
vt 0.000000 0.000000
vt 0.000000 0.000000
vt 0.434265 0.507034
vt 0.434265 0.505817
vt 0.436056 0.505817
vt 0.436056 0.507034
vt 0.687671 0.656033
vt 0.687671 0.569336
vt 0.705046 0.535000
vt 0.705045 0.690369
vt 0.725910 0.717315
vt 0.725910 0.508054
vt 0.090685 0.747749
vt 0.061896 0.725659
vt 0.123792 0.644990
vt 0.110001 0.722575
vt 0.867517 0.875432
vt 0.846653 0.848486
vt 0.846653 0.693117
vt 0.867517 0.666171
vt 0.789011 0.145258
vt 0.746774 0.723749
vt 0.746774 0.501621
vt 0.888381 0.881866
vt 0.888381 0.659737
vt 0.580533 0.647066
vt 0.568017 0.665028
vt 0.563980 0.659766
vt 0.580533 0.775226
vt 0.509163 0.741821
vt 0.489847 0.716646
vt 0.518637 0.694557
vt 0.814552 0.190875
vt 0.802036 0.208838
vt 0.797999 0.203576
vt 0.786567 0.024975
vt 0.782790 0.046703
vt 0.962541 0.881866
vt 0.962540 0.659737
vt 0.970833 0.659737
vt 0.970833 0.881866
vt 0.000000 0.678168
vt 0.020590 0.685607
vt 0.016553 0.690869
vt 0.690760 0.285858
vt 0.707313 0.273157
vt 0.711350 0.278418
vt 0.829279 0.814188
vt 0.829279 0.727415
vt 0.456741 0.742048
vt 0.473294 0.729347
vt 0.477331 0.734609
vt 0.123792 0.773151
vt 0.107238 0.760450
vt 0.111275 0.755188
vt 0.341105 0.959602
vt 0.341104 0.737473
vt 0.349397 0.737473
vt 0.349397 0.959602
vt 0.934546 0.881866
vt 0.934546 0.659737
vt 0.421681 0.514714
vt 0.421328 0.509591
vt 0.434506 0.510574
vt 0.429646 0.514599
vt 0.396920 0.530920
vt 0.403950 0.531438
vt 0.402513 0.537981
vt 0.386623 0.536858
vt 0.417176 0.531895
vt 0.430926 0.531930
vt 0.434506 0.536177
vt 0.417166 0.536294
vt 0.394487 0.516724
vt 0.386483 0.511671
vt 0.400438 0.507800
vt 0.402153 0.515901
vt 0.595716 0.276063
vt 0.585023 0.276055
vt 0.585023 0.258487
vt 0.595716 0.258479
vt 0.612030 0.293688
vt 0.612030 0.276104
vt 0.623015 0.276112
vt 0.623015 0.293680
vt 0.585023 0.293708
vt 0.585023 0.276083
vt 0.595942 0.276092
vt 0.595942 0.293700
vt 0.603944 0.258473
vt 0.603944 0.276069
vt 0.612103 0.258467
vt 0.612103 0.276075
vt 0.410083 0.536567
vt 0.410438 0.531778
vt 0.411815 0.515262
vt 0.411117 0.508694
vt 0.603986 0.293694
vt 0.603986 0.276098
vt 0.623021 0.276083
vt 0.623021 0.258459
vt 0.686445 0.314274
vt 0.689181 0.316394
vt 0.690760 0.319769
vt 0.690760 0.323495
vt 0.689181 0.326575
vt 0.686445 0.328182
vt 0.683285 0.327886
vt 0.680550 0.325767
vt 0.678970 0.322391
vt 0.678970 0.318665
vt 0.680550 0.315586
vt 0.683285 0.313979
vt 0.188574 0.757647
vt 0.190153 0.760726
vt 0.190153 0.764452
vt 0.188574 0.767827
vt 0.185838 0.769947
vt 0.182678 0.770243
vt 0.179943 0.768636
vt 0.178363 0.765556
vt 0.178363 0.761830
vt 0.179943 0.758455
vt 0.182678 0.756335
vt 0.185838 0.756039
vt 0.276019 0.757372
vt 0.278755 0.755765
vt 0.281914 0.756061
vt 0.284650 0.758180
vt 0.286230 0.761555
vt 0.286230 0.765282
vt 0.284650 0.768361
vt 0.281914 0.769968
vt 0.278755 0.769672
vt 0.276019 0.767553
vt 0.274440 0.764178
vt 0.274440 0.760451
vt 0.191733 0.757647
vt 0.194469 0.756039
vt 0.197628 0.756335
vt 0.200364 0.758455
vt 0.201944 0.761830
vt 0.201944 0.765556
vt 0.200364 0.768636
vt 0.197628 0.770243
vt 0.194469 0.769947
vt 0.191733 0.767827
vt 0.190153 0.764452
vt 0.190153 0.760726
vt 0.302336 0.756061
vt 0.305495 0.755765
vt 0.308231 0.757372
vt 0.309811 0.760451
vt 0.309811 0.764178
vt 0.308231 0.767553
vt 0.305495 0.769672
vt 0.302336 0.769968
vt 0.299600 0.768361
vt 0.298020 0.765282
vt 0.298020 0.761555
vt 0.299600 0.758180
vt 0.314606 0.757670
vt 0.317342 0.756063
vt 0.320501 0.756359
vt 0.323237 0.758478
vt 0.324816 0.761853
vt 0.324816 0.765580
vt 0.323237 0.768659
vt 0.320501 0.770266
vt 0.317342 0.769970
vt 0.314606 0.767851
vt 0.313026 0.764476
vt 0.313026 0.760749
vt 0.212154 0.757647
vt 0.213734 0.760726
vt 0.213734 0.764452
vt 0.212154 0.767827
vt 0.209418 0.769947
vt 0.206259 0.770243
vt 0.203523 0.768636
vt 0.201944 0.765556
vt 0.201944 0.761830
vt 0.203523 0.758455
vt 0.206259 0.756335
vt 0.209418 0.756039
vt 0.290545 0.769672
vt 0.287810 0.767553
vt 0.286230 0.764178
vt 0.286230 0.760451
vt 0.287810 0.757372
vt 0.290546 0.755765
vt 0.293705 0.756061
vt 0.296441 0.758180
vt 0.298020 0.761555
vt 0.298020 0.765282
vt 0.296441 0.768361
vt 0.293705 0.769968
vt 0.317988 0.742261
vt 0.315019 0.739303
vt 0.320374 0.737473
vt 0.319833 0.741228
vt 0.207432 0.752314
vt 0.210460 0.755411
vt 0.205108 0.756039
vt 0.204678 0.752122
vt 0.206351 0.752287
vt 0.183474 0.751126
vt 0.180364 0.754204
vt 0.178363 0.748783
vt 0.182522 0.749257
vt 0.672933 0.304995
vt 0.673243 0.302293
vt 0.678258 0.299321
vt 0.678258 0.303886
vt 0.318274 0.749622
vt 0.317523 0.754174
vt 0.314099 0.750054
vt 0.316974 0.747000
vt 0.758942 0.691650
vt 0.756293 0.690349
vt 0.759361 0.687431
vt 0.763507 0.690660
vt 0.657127 0.284200
vt 0.656962 0.286799
vt 0.652803 0.286325
vt 0.654107 0.280865
vt 0.662511 0.289856
vt 0.665070 0.288619
vt 0.669873 0.289718
vt 0.665539 0.292953
vt 0.759705 0.717717
vt 0.763747 0.721664
vt 0.760331 0.723698
vt 0.757351 0.719023
vt 0.754425 0.718894
vt 0.755856 0.723749
vt 0.751271 0.721860
vt 0.752022 0.717308
vt 0.666839 0.286301
vt 0.667149 0.283599
vt 0.672164 0.280627
vt 0.672164 0.285192
vt 0.179667 0.743323
vt 0.182687 0.746659
vt 0.202047 0.746659
vt 0.199028 0.743323
vt 0.202569 0.739287
vt 0.203327 0.744049
vt 0.752022 0.698717
vt 0.754425 0.700304
vt 0.755855 0.705158
vt 0.751271 0.703270
vt 0.755185 0.690307
vt 0.753581 0.690323
vt 0.754122 0.686568
vt 0.659757 0.289664
vt 0.661430 0.289828
vt 0.660187 0.293581
vt 0.660756 0.279925
vt 0.658406 0.281591
vt 0.657648 0.276829
vt 0.662262 0.275014
vt 0.326910 0.744841
vt 0.331973 0.746006
vt 0.331973 0.750516
vt 0.327159 0.747601
vt 0.759705 0.699127
vt 0.760907 0.696696
vt 0.765721 0.699612
vt 0.763747 0.703074
vt 0.758942 0.673060
vt 0.756293 0.671758
vt 0.759361 0.668841
vt 0.763507 0.672070
vt 0.754425 0.681713
vt 0.755530 0.681750
vt 0.757350 0.681842
vt 0.760331 0.686517
vt 0.755855 0.686568
vt 0.192709 0.746057
vt 0.197724 0.743086
vt 0.197724 0.747651
vt 0.192399 0.748759
vt 0.665989 0.281170
vt 0.670174 0.277134
vt 0.760658 0.693937
vt 0.765721 0.695101
vt 0.320677 0.751208
vt 0.322107 0.756063
vt 0.209990 0.751078
vt 0.214794 0.752176
vt 0.189242 0.742286
vt 0.192308 0.737545
vt 0.195734 0.739592
vt 0.191549 0.743628
vt 0.201883 0.749257
vt 0.197724 0.748783
vt 0.664008 0.307361
vt 0.665851 0.308358
vt 0.666281 0.312275
vt 0.660898 0.310439
vt 0.750755 0.711923
vt 0.746774 0.712312
vt 0.748767 0.706988
vt 0.751736 0.709947
vt 0.754122 0.705158
vt 0.753581 0.708914
vt 0.183208 0.739287
vt 0.183966 0.744049
vt 0.666850 0.298619
vt 0.664500 0.300285
vt 0.663742 0.295523
vt 0.668356 0.293708
vt 0.672083 0.299864
vt 0.676268 0.295828
vt 0.657914 0.288667
vt 0.654805 0.291745
vt 0.313026 0.744626
vt 0.317007 0.744237
vt 0.750722 0.677505
vt 0.752022 0.680127
vt 0.751271 0.684679
vt 0.747847 0.680559
vt 0.759361 0.706021
vt 0.756293 0.708939
vt 0.755185 0.708898
vt 0.753581 0.671733
vt 0.751736 0.672766
vt 0.748767 0.669808
vt 0.754122 0.667978
vt 0.750755 0.693332
vt 0.750722 0.696096
vt 0.747848 0.699149
vt 0.746774 0.693721
vt 0.207183 0.737473
vt 0.205677 0.742383
vt 0.760658 0.675346
vt 0.765721 0.676511
vt 0.208602 0.742286
vt 0.211669 0.737545
vt 0.215095 0.739592
vt 0.210910 0.743628
vt 0.747848 0.717740
vt 0.750722 0.714686
vt 0.671164 0.307313
vt 0.675967 0.308412
vt 0.188071 0.752314
vt 0.191099 0.755411
vt 0.185747 0.756039
vt 0.185317 0.752122
vt 0.186990 0.752287
vt 0.663221 0.302894
vt 0.660201 0.299559
vt 0.663682 0.279828
vt 0.666748 0.275087
vt 0.759705 0.680537
vt 0.760907 0.678106
vt 0.765721 0.681021
vt 0.763747 0.684484
vt 0.755530 0.718931
vt 0.755185 0.671717
vt 0.217085 0.743086
vt 0.212070 0.746057
vt 0.758942 0.710240
vt 0.763507 0.709251
vt 0.765721 0.713692
vt 0.760658 0.712527
vt 0.750755 0.674742
vt 0.746774 0.675131
vt 0.329999 0.753979
vt 0.325957 0.750031
vt 0.211760 0.748759
vt 0.217085 0.747651
vt 0.661873 0.279861
vt 0.663056 0.305493
vt 0.658897 0.305019
vt 0.751736 0.691356
vt 0.748767 0.688398
vt 0.190630 0.751078
vt 0.195433 0.752176
vt 0.199725 0.754204
vt 0.202834 0.751126
vt 0.187822 0.737473
vt 0.186316 0.742383
vt 0.669776 0.298522
vt 0.672842 0.293781
vt 0.323602 0.751337
vt 0.326583 0.756012
vt 0.321782 0.751245
vt 0.325194 0.742555
vt 0.329759 0.741565
vt 0.757351 0.700432
vt 0.760331 0.705107
vt 0.765721 0.718202
vt 0.760907 0.715287
vt 0.206794 0.742319
vt 0.755530 0.700341
vt 0.187433 0.742319
vt 0.668605 0.308550
vt 0.671633 0.311647
vt 0.667524 0.308522
vt 0.667967 0.298555
vt 0.325613 0.738336
vt 0.322545 0.741253
vt 0.321438 0.741212
vt 0.800190 0.002756
vt 0.803986 0.007179
vt 0.805063 0.075047
vt 0.800190 0.080479
vt 0.811220 0.075148
vt 0.810979 0.081379
vt 0.837228 0.000900
vt 0.832355 0.006332
vt 0.826198 0.006231
vt 0.826439 0.000000
vt 0.849154 0.156626
vt 0.854841 0.163090
vt 0.849154 0.163090
vt 0.843466 0.163090
vt 0.817800 0.000381
vt 0.818104 0.006428
vt 0.810136 0.006710
vt 0.809482 0.000996
vt 0.849154 0.256329
vt 0.843466 0.249865
vt 0.849154 0.249865
vt 0.854841 0.249865
vt 0.392987 0.434219
vt 0.386484 0.439907
vt 0.386484 0.434219
vt 0.386484 0.428532
vt 0.687671 0.850702
vt 0.687671 0.766426
vt 0.676770 0.854844
vt 0.676176 0.762351
vt 0.666975 0.760031
vt 0.657718 0.762537
vt 0.392987 0.365010
vt 0.386484 0.370697
vt 0.386484 0.365010
vt 0.386484 0.359322
vt 0.386484 0.449672
vt 0.445580 0.468459
vt 0.421713 0.467620
vt 0.455692 0.468824
vt 0.445580 0.330770
vt 0.455692 0.330406
vt 0.386484 0.349558
vt 0.421713 0.331609
vt 0.864606 0.163091
vt 0.883391 0.104032
vt 0.882553 0.127899
vt 0.883755 0.093919
vt 0.883391 0.308923
vt 0.883755 0.319036
vt 0.864606 0.249865
vt 0.882553 0.285056
vt 0.815754 0.127899
vt 0.814916 0.104032
vt 0.833701 0.163091
vt 0.814552 0.093920
vt 0.814552 0.319036
vt 0.814916 0.308923
vt 0.815754 0.285056
vt 0.833701 0.249865
vt 0.819314 0.074951
vt 0.819618 0.080998
vt 0.827936 0.080383
vt 0.827282 0.074669
vt 0.833432 0.074200
vt 0.837228 0.078623
vt 0.421712 0.400818
vt 0.445580 0.399979
vt 0.386483 0.418767
vt 0.455692 0.399615
vt 0.455692 0.399615
vt 0.445580 0.399250
vt 0.421712 0.398411
vt 0.386483 0.380462
vt 0.658641 0.854555
vt 0.667696 0.856816
vt 0.849154 0.246686
vt 0.843244 0.246686
vt 0.836420 0.246686
vt 0.855063 0.246686
vt 0.861887 0.246686
vt 0.855063 0.166269
vt 0.861887 0.166269
vt 0.836420 0.166269
vt 0.843244 0.166269
vt 0.849154 0.166269
vt 0.566742 0.697641
vt 0.547426 0.672467
vt 0.033106 0.703570
vt 0.052422 0.678396
vt 0.800761 0.241451
vt 0.781445 0.216277
vt 0.752656 0.238366
vt 0.814552 0.319036
vt 0.723867 0.260456
vt 0.743182 0.285630
vt 0.784887 0.085200
vt 0.785132 0.123796
vt 0.647242 0.850480
vt 0.647119 0.766560
vt 0.788976 0.774046
vt 0.788976 0.800658
vt 0.738818 0.723749
vt 0.788976 0.747434
vt 0.738149 0.824214
vt 0.688157 0.746839
vt 0.687914 0.773594
vt 0.687671 0.800349
vt 0.377392 0.737473
vt 0.377392 0.959602
vt 0.695681 0.432918
vt 0.686821 0.441942
vt 0.675184 0.446878
vt 0.662540 0.446965
vt 0.650817 0.442213
vt 0.641816 0.433317
vt 0.636878 0.421660
vt 0.636798 0.408994
vt 0.641525 0.397253
vt 0.650386 0.388233
vt 0.662028 0.383309
vt 0.674680 0.383236
vt 0.686415 0.387981
vt 0.695425 0.396858
vt 0.700338 0.408514
vt 0.700399 0.421177
vt 0.741944 0.464079
vt 0.717621 0.488431
vt 0.685825 0.501614
vt 0.651411 0.501621
vt 0.619610 0.488449
vt 0.595274 0.464117
vt 0.582094 0.432313
vt 0.582080 0.397897
vt 0.595244 0.366077
vt 0.619593 0.341724
vt 0.651403 0.328555
vt 0.685814 0.328559
vt 0.717617 0.341742
vt 0.741944 0.366099
vt 0.755092 0.397897
vt 0.755092 0.432279
vn 0.0355 -0.9994 0.0000
vn 0.2501 -0.9682 0.0000
vn 0.2508 -0.9680 0.0000
vn -0.4831 -0.8756 0.0000
vn 0.2508 0.9680 0.0000
vn 0.2501 0.9682 0.0000
vn 0.0355 0.9994 0.0000
vn 0.2510 0.9680 0.0000
vn 0.2503 0.9682 0.0000
vn 0.2337 0.9723 0.0000
vn 0.2336 0.9723 0.0000
vn 0.0360 0.9994 0.0000
vn 1.0000 -0.0000 0.0000
vn 0.9967 -0.0314 -0.0753
vn 0.9967 0.0314 -0.0753
vn 0.9967 0.0314 0.0753
vn 1.0000 0.0010 -0.0000
vn 0.9967 -0.0314 0.0753
vn 0.5803 0.7568 -0.3008
vn 0.5853 0.7499 -0.3084
vn 0.4674 0.8724 -0.1430
vn -0.9587 -0.1072 0.2633
vn -0.9937 0.0685 0.0883
vn -0.9894 -0.0557 0.1344
vn 1.0000 0.0019 -0.0000
vn 0.9899 0.0546 -0.1310
vn -0.5657 0.8087 0.1608
vn -0.5551 0.8185 0.1477
vn -0.2350 0.9718 0.0180
vn -0.2350 -0.9718 0.0180
vn -0.5551 -0.8185 0.1477
vn -0.5657 -0.8087 0.1608
vn -1.0000 0.0019 0.0000
vn -0.9899 0.0546 0.1310
vn -0.9894 0.0559 0.1342
vn 0.2353 0.9718 -0.0180
vn -0.2353 0.9718 -0.0180
vn -0.9908 -0.0737 -0.1132
vn -0.9907 -0.0743 -0.1142
vn -0.9632 -0.1451 -0.2264
vn 0.9632 0.1451 0.2264
vn 0.9971 -0.0134 0.0755
vn 0.9908 0.0737 0.1132
vn 0.6675 -0.5925 0.4510
vn 0.5853 -0.7499 0.3084
vn 0.5803 -0.7568 0.3008
vn -0.2353 -0.9718 -0.0180
vn 0.2353 -0.9718 -0.0180
vn 0.5659 -0.8086 -0.1608
vn 0.5553 -0.8184 -0.1477
vn 0.6479 -0.7118 -0.2712
vn 0.9908 -0.0737 0.1132
vn 0.9907 -0.0743 0.1142
vn 0.9632 -0.1451 0.2264
vn -0.9894 -0.0559 -0.1342
vn -0.9938 0.0683 -0.0882
vn -0.9588 -0.1077 -0.2629
vn -0.5803 -0.7568 0.3009
vn -0.5853 -0.7498 0.3086
vn -0.6675 -0.5923 0.4512
vn -0.9588 0.1077 0.2629
vn 0.9588 -0.1077 -0.2629
vn 0.9938 0.0683 -0.0882
vn -0.6479 -0.7118 0.2712
vn -0.5803 0.7568 0.3008
vn -0.5853 0.7499 0.3084
vn -0.4674 0.8724 0.1430
vn -0.9908 0.0737 0.1132
vn -0.9971 -0.0134 0.0755
vn -0.9632 0.1451 0.2264
vn 0.4674 0.8724 0.1430
vn 0.5853 0.7499 0.3084
vn 0.5803 0.7568 0.3008
vn 0.5657 0.8087 0.1608
vn 0.5551 0.8185 0.1477
vn 0.6479 0.7118 0.2712
vn -0.6675 0.5925 0.4510
vn -0.5659 -0.8086 -0.1608
vn -0.5553 -0.8184 -0.1477
vn 0.6479 0.7118 -0.2712
vn 0.5553 0.8184 -0.1477
vn 0.5659 0.8086 -0.1608
vn 0.6675 0.5925 0.4510
vn 0.6675 0.5925 -0.4510
vn 0.9938 0.0683 0.0882
vn 0.9588 -0.1077 0.2629
vn 1.0000 0.0023 -0.0000
vn 0.9961 -0.0878 -0.0000
vn 0.9971 -0.0134 -0.0755
vn 0.9908 0.0737 -0.1132
vn -0.4674 -0.8724 0.1430
vn -0.5803 0.7568 -0.3008
vn -0.5853 0.7499 -0.3084
vn -0.6675 0.5925 -0.4510
vn -0.6675 -0.5925 -0.4510
vn -0.5853 -0.7499 -0.3084
vn -0.5803 -0.7568 -0.3008
vn 0.4674 -0.8724 0.1430
vn 0.5803 -0.7568 -0.3008
vn 0.5853 -0.7499 -0.3084
vn 0.6675 -0.5925 -0.4510
vn -0.5553 0.8184 -0.1477
vn -0.5659 0.8086 -0.1608
vn -0.6479 -0.7118 -0.2712
vn 1.0000 -0.0023 0.0000
vn -0.9632 0.1451 -0.2264
vn -0.9971 -0.0134 -0.0755
vn -0.9908 0.0737 -0.1132
vn 0.6479 -0.7118 0.2712
vn 0.5551 -0.8185 0.1477
vn 0.5657 -0.8087 0.1608
vn 0.2350 -0.9718 0.0180
vn 0.9632 -0.1451 -0.2264
vn 0.9907 -0.0743 -0.1142
vn 0.9908 -0.0737 -0.1132
vn -0.6479 0.7118 0.2712
vn 0.2350 0.9718 0.0180
vn -1.0000 -0.0023 -0.0000
vn -0.9632 -0.1451 0.2264
vn -0.9907 -0.0743 0.1142
vn -0.9908 -0.0737 0.1132
vn 0.9632 0.1451 -0.2264
vn -0.9588 0.1077 -0.2629
vn -0.9899 0.0546 -0.1310
vn -0.9894 0.0559 -0.1342
vn -1.0000 0.0023 0.0000
vn -0.9961 -0.0878 0.0000
vn -0.4674 -0.8724 -0.1430
vn -0.6479 0.7118 -0.2712
vn 0.9588 0.1077 -0.2629
vn 1.0000 -0.0010 0.0000
vn 0.9881 0.1539 0.0000
vn -0.4674 0.8724 -0.1430
vn 0.4674 -0.8724 -0.1430
vn 0.9588 0.1077 0.2629
vn 0.9899 0.0546 0.1310
vn -1.0000 -0.0019 0.0000
vn -0.9881 0.1539 0.0000
vn -0.2510 -0.9680 0.0000
vn -0.2503 -0.9682 0.0000
vn -0.2337 -0.9723 0.0000
vn -0.2336 -0.9723 0.0000
vn -0.0360 0.9994 0.0000
vn -0.0355 0.9994 0.0000
vn 0.4831 0.8756 0.0000
vn -0.2333 0.9724 0.0000
vn -0.1551 0.9879 0.0000
vn 0.1551 0.9879 0.0000
vn 0.2333 0.9724 0.0000
vn -0.2501 0.9682 0.0000
vn -0.2508 0.9680 0.0000
vn -0.4831 0.8756 0.0000
vn 0.2333 -0.9724 0.0000
vn 0.1551 -0.9879 0.0000
vn -0.1551 -0.9879 0.0000
vn -0.2333 -0.9724 0.0000
vn 0.0747 0.2043 0.9761
vn 0.1099 0.2619 0.9588
vn 0.0805 0.3053 0.9489
vn 0.0696 0.2372 0.9690
vn -0.0000 0.2727 -0.9621
vn 0.0103 0.2754 -0.9613
vn 0.0083 0.2749 -0.9614
vn -0.0207 0.2772 0.9606
vn -0.0092 0.2968 0.9549
vn -0.0805 0.3053 0.9489
vn -0.0696 0.2372 0.9690
vn -0.0322 0.2336 0.9718
vn -0.9548 -0.2972 0.0000
vn -0.9608 -0.2774 0.0000
vn -0.0004 0.3866 0.9223
vn -0.0091 0.3988 0.9170
vn -0.0062 0.3947 0.9188
vn -0.0060 0.3944 0.9189
vn -0.0058 0.1947 0.9808
vn -0.0029 0.0797 0.9968
vn -0.0118 0.4025 0.9153
vn -0.0115 0.3392 0.9407
vn 0.0084 0.4053 0.9141
vn 0.0071 0.4005 0.9163
vn 0.0056 0.3951 0.9186
vn 0.0055 0.3948 0.9188
vn 0.0063 0.1942 0.9809
vn 0.0087 0.3416 0.9398
vn 0.0028 0.3845 0.9231
vn 0.0034 0.0793 0.9968
vn 0.0082 0.9148 0.4038
vn 0.0079 0.9188 0.3947
vn 0.0080 0.9176 0.3973
vn 0.0076 0.9216 0.3880
vn -0.0076 0.9216 0.3880
vn -0.0079 0.9188 0.3947
vn -0.0080 0.9176 0.3973
vn -0.0082 0.9148 0.4038
vn 0.0004 -0.3865 0.9223
vn 0.0092 -0.3988 0.9170
vn 0.0062 -0.3947 0.9188
vn 0.0060 -0.3944 0.9189
vn 0.0058 -0.1947 0.9808
vn 0.0029 -0.0797 0.9968
vn 0.0118 -0.4025 0.9153
vn 0.0116 -0.3392 0.9407
vn -0.0084 -0.4053 0.9141
vn -0.0071 -0.4005 0.9163
vn -0.0056 -0.3951 0.9186
vn -0.0055 -0.3948 0.9188
vn -0.0063 -0.1942 0.9809
vn -0.0087 -0.3416 0.9398
vn -0.0028 -0.3845 0.9231
vn -0.0034 -0.0793 0.9968
vn -0.0050 -0.9751 0.2218
vn -0.0046 -0.9795 0.2015
vn -0.0080 -0.9176 0.3973
vn -0.0082 -0.9148 0.4038
vn -0.0041 -0.9840 0.1784
vn -0.0076 -0.9216 0.3880
vn 0.0041 -0.9840 0.1784
vn 0.0046 -0.9795 0.2015
vn 0.0080 -0.9176 0.3973
vn 0.0076 -0.9216 0.3880
vn 0.0050 -0.9751 0.2218
vn 0.0082 -0.9148 0.4038
vn -0.0004 -0.3866 -0.9223
vn -0.0092 -0.3988 -0.9170
vn -0.0062 -0.3947 -0.9188
vn -0.0060 -0.3944 -0.9189
vn -0.0058 -0.1947 -0.9808
vn -0.0029 -0.0797 -0.9968
vn -0.0118 -0.4025 -0.9153
vn -0.0116 -0.3392 -0.9407
vn 0.0084 -0.4053 -0.9141
vn 0.0071 -0.4005 -0.9163
vn 0.0056 -0.3951 -0.9186
vn 0.0055 -0.3948 -0.9188
vn 0.0063 -0.1942 -0.9809
vn 0.0087 -0.3416 -0.9398
vn 0.0028 -0.3845 -0.9231
vn 0.0034 -0.0792 -0.9968
vn 0.0050 -0.9751 -0.2218
vn 0.0046 -0.9795 -0.2015
vn 0.0080 -0.9176 -0.3973
vn 0.0082 -0.9148 -0.4038
vn 0.0041 -0.9840 -0.1784
vn 0.0076 -0.9216 -0.3880
vn -0.0041 -0.9840 -0.1784
vn -0.0046 -0.9795 -0.2015
vn -0.0080 -0.9176 -0.3973
vn -0.0076 -0.9216 -0.3880
vn -0.0050 -0.9751 -0.2218
vn -0.0082 -0.9148 -0.4038
vn 0.0004 0.3866 -0.9223
vn 0.0092 0.3988 -0.9170
vn 0.0062 0.3947 -0.9188
vn 0.0060 0.3944 -0.9189
vn 0.0058 0.1947 -0.9808
vn 0.0029 0.0797 -0.9968
vn 0.0118 0.4025 -0.9153
vn 0.0116 0.3392 -0.9407
vn -0.0084 0.4053 -0.9141
vn -0.0071 0.4005 -0.9163
vn -0.0056 0.3951 -0.9186
vn -0.0055 0.3948 -0.9188
vn -0.0063 0.1942 -0.9809
vn -0.0087 0.3416 -0.9398
vn -0.0028 0.3845 -0.9231
vn -0.0034 0.0792 -0.9968
vn -0.0082 0.9148 -0.4038
vn -0.0079 0.9188 -0.3947
vn -0.0080 0.9176 -0.3973
vn -0.0076 0.9216 -0.3880
vn 0.0076 0.9216 -0.3880
vn 0.0079 0.9188 -0.3947
vn 0.0080 0.9176 -0.3973
vn 0.0082 0.9148 -0.4038
vn -0.2510 0.9680 0.0000
vn -0.2503 0.9682 0.0000
vn 0.2336 -0.9723 0.0000
vn 0.2337 -0.9723 0.0000
vn 0.2503 -0.9682 0.0000
vn 0.2510 -0.9680 0.0000
vn -0.2501 -0.9682 0.0000
vn -0.2508 -0.9680 0.0000
vn -0.0010 -1.0000 -0.0000
vn -0.0011 -1.0000 -0.0000
vn 0.0011 -1.0000 -0.0000
vn 0.0010 -1.0000 0.0000
vn 0.4831 -0.8756 0.0000
vn -0.0360 -0.9994 0.0000
vn -0.0355 -0.9994 0.0000
vn -0.2337 0.9723 0.0000
vn -0.2336 0.9723 0.0000
vn 0.0360 -0.9994 0.0000
vn -0.0007 1.0000 0.0000
vn 0.0918 0.9958 -0.0000
vn 0.0927 0.9957 -0.0000
vn 0.9520 0.3060 0.0000
vn 0.9231 0.3845 0.0000
vn 0.9266 0.3760 0.0000
vn -0.9520 0.3060 0.0000
vn -0.9231 0.3845 0.0000
vn -0.9266 0.3760 0.0000
vn 0.0015 -0.0000 1.0000
vn 0.0000 0.0000 1.0000
vn 0.0446 0.1764 0.9833
vn 0.0322 0.2336 0.9718
vn 0.0124 0.1689 0.9855
vn 0.0172 0.1602 0.9869
vn 0.0000 0.2727 0.9621
vn 0.0083 0.2749 0.9614
vn 0.0103 0.2754 0.9613
vn -0.0172 0.1602 0.9869
vn -0.0124 0.1689 0.9855
vn -0.0446 0.1764 0.9833
vn -0.1099 0.2619 0.9588
vn -0.0747 0.2043 0.9761
vn 0.0172 0.1602 -0.9869
vn 0.0124 0.1689 -0.9855
vn 0.0322 0.2336 -0.9718
vn 0.0696 0.2372 -0.9690
vn 0.0446 0.1764 -0.9833
vn -0.0747 0.2043 -0.9761
vn -0.1099 0.2619 -0.9588
vn -0.0805 0.3053 -0.9489
vn -0.0696 0.2372 -0.9690
vn 0.0747 0.2043 -0.9761
vn 0.0651 0.1884 -0.9799
vn 0.0651 0.1884 0.9799
vn 0.0207 0.2772 -0.9606
vn 0.0092 0.2968 -0.9549
vn 0.0805 0.3053 -0.9489
vn -0.0446 0.1764 -0.9833
vn -0.0322 0.2336 -0.9718
vn -0.0124 0.1689 -0.9855
vn -0.0172 0.1602 -0.9869
vn -0.0000 -1.0000 0.0000
vn 0.0910 -0.9959 0.0000
vn 0.0928 -0.9957 0.0000
vn -0.0651 0.1884 0.9799
vn -0.0092 0.2968 -0.9549
vn -0.0207 0.2772 -0.9606
vn 0.9548 -0.2972 -0.0000
vn 0.9608 -0.2774 -0.0000
vn -0.0651 0.1884 -0.9799
vn -1.0000 0.0008 -0.0000
vn 0.0092 0.2968 0.9549
vn 0.0207 0.2772 0.9606
vn -0.0148 0.2494 -0.9683
vn 0.0018 0.1878 -0.9822
vn -0.0148 0.2494 0.9683
vn 0.0018 0.1878 0.9822
vn 0.0148 0.2494 -0.9683
vn -0.0018 0.1878 -0.9822
vn 0.0148 0.2494 0.9683
vn -0.0018 0.1878 0.9822
vn 0.8093 0.5874 -0.0000
vn 0.8176 0.5758 -0.0000
vn 0.6048 0.7964 -0.0000
vn 0.6128 0.7902 -0.0000
vn 0.3385 0.9410 -0.0000
vn 0.3442 0.9389 0.0000
vn -0.8093 0.5874 0.0000
vn -0.8176 0.5758 0.0000
vn -0.6048 0.7964 0.0000
vn -0.6128 0.7902 0.0000
vn -0.3385 0.9410 0.0000
vn -0.3442 0.9389 0.0000
vn -0.0921 0.9958 0.0000
vn -0.0928 0.9957 -0.0001
vn -0.0910 -0.9959 0.0000
vn -0.3382 -0.9411 0.0000
vn -0.3496 -0.9369 0.0000
vn -0.0928 -0.9957 0.0000
vn -0.6175 -0.7866 0.0000
vn -0.6338 -0.7735 0.0000
vn -0.8339 -0.5520 0.0000
vn -0.8499 -0.5270 0.0000
vn 0.3382 -0.9411 0.0000
vn 0.3496 -0.9369 0.0000
vn 0.6175 -0.7866 -0.0000
vn 0.6338 -0.7735 -0.0000
vn 0.8339 -0.5520 -0.0000
vn 0.8499 -0.5269 -0.0000
vn 0.1099 0.2619 -0.9588
vn 0.0168 0.2771 0.9607
vn -0.0168 0.2771 -0.9607
vn -0.0103 0.2754 -0.9613
vn -0.0083 0.2749 -0.9614
vn 0.0000 1.0000 0.0000
vn -0.0083 0.2749 0.9614
vn -0.0103 0.2754 0.9613
vn -0.0168 0.2771 0.9607
vn 0.0168 0.2771 -0.9607
vn -0.1962 -0.7867 -0.5853
vn -0.0000 -0.8023 -0.5969
vn -0.5304 -0.8477 0.0000
vn -0.3805 -0.9248 0.0000
vn -0.1962 -0.7867 0.5853
vn -0.0000 -0.8023 0.5969
vn 0.1962 -0.7867 -0.5853
vn 0.3805 -0.9248 -0.0000
vn 0.5304 -0.8477 -0.0000
vn 0.1962 -0.7867 0.5853
vn -0.0918 -0.9958 0.0000
vn -0.0926 -0.9957 0.0000
vn 0.8499 -0.5270 -0.0000
vn 0.8410 -0.5410 -0.0000
vn 0.9574 -0.2887 -0.0000
vn 0.9600 -0.2800 -0.0000
vn 0.8479 -0.5301 -0.0000
vn 0.6247 -0.7808 -0.0000
vn 0.6318 -0.7751 -0.0000
vn 0.3433 -0.9392 -0.0000
vn 0.3482 -0.9374 0.0000
vn 0.0918 -0.9958 0.0000
vn 0.0926 -0.9957 0.0000
vn -0.8410 -0.5410 0.0000
vn -0.9574 -0.2887 0.0000
vn -0.9600 -0.2800 0.0000
vn -0.8479 -0.5301 0.0000
vn -0.6247 -0.7808 0.0000
vn -0.6318 -0.7751 0.0000
vn -0.3433 -0.9392 0.0000
vn -0.3482 -0.9374 0.0000
vn 0.9960 -0.0890 -0.0000
vn 0.9959 -0.0905 0.0000
vn -0.9960 -0.0890 0.0000
vn -0.9959 -0.0905 0.0000
vn -0.9121 0.0460 -0.4075
vn -0.9647 -0.1180 -0.2353
vn -0.9286 -0.2306 -0.2908
vn -0.8635 -0.0279 -0.5036
vn -0.7681 0.4940 -0.4075
vn -0.8401 0.2700 -0.4705
vn -0.7745 0.2489 -0.5815
vn -0.6855 0.5257 -0.5036
vn -0.9647 -0.1180 0.2353
vn -0.9121 0.0460 0.4075
vn -0.8635 -0.0279 0.5036
vn -0.9286 -0.2306 0.2908
vn -0.7681 0.4940 0.4075
vn -0.7154 0.6579 0.2353
vn -0.6204 0.7284 0.2908
vn -0.6855 0.5257 0.5036
vn -0.7154 0.6579 -0.2353
vn -0.6204 0.7284 -0.2908
vn -0.9840 -0.1780 -0.0000
vn -0.9524 -0.3048 -0.0000
vn -0.8401 0.2700 0.4705
vn -0.7745 0.2489 0.5815
vn -0.6961 0.7179 -0.0000
vn -0.5966 0.8026 -0.0000
vn -0.9381 0.1005 -0.3314
vn -0.9810 -0.0328 -0.1913
vn -0.8211 0.4648 -0.3314
vn -0.8796 0.2827 -0.3826
vn -0.9810 -0.0328 0.1913
vn -0.9381 0.1005 0.3314
vn -0.8211 0.4648 0.3314
vn -0.7782 0.5982 0.1913
vn -0.7782 0.5982 -0.1913
vn -0.9967 -0.0816 0.0000
vn -0.8796 0.2827 0.3826
vn -0.7625 0.6470 -0.0000
vn -0.9610 0.1835 0.2067
vn -0.9147 0.0508 0.4009
vn -0.9665 -0.1105 0.2315
vn -0.9878 0.1004 0.1193
vn -0.0701 0.9975 0.0000
vn -0.1082 0.8791 0.4641
vn -0.8613 0.4939 -0.1193
vn -0.7212 0.6529 -0.2315
vn -0.7022 0.7120 0.0000
vn -0.8515 0.5243 0.0000
vn -0.4961 -0.3281 0.8039
vn -0.6001 -0.6515 0.4641
vn -0.1082 0.8791 -0.4641
vn -0.8880 0.4107 -0.2067
vn -0.7731 0.4916 -0.4009
vn -0.3541 0.1138 0.9283
vn -0.2121 0.5557 -0.8039
vn -0.9245 0.2971 -0.2386
vn -0.8439 0.2712 -0.4629
vn -0.3541 0.1138 -0.9283
vn -0.9610 0.1835 -0.2067
vn -0.9147 0.0508 -0.4009
vn -0.9855 -0.1695 0.0000
vn -0.9976 0.0700 0.0000
vn 0.9863 -0.1282 -0.1038
vn 0.9948 -0.1017 -0.0000
vn 0.8995 -0.3981 -0.1798
vn 0.9313 -0.2993 -0.2076
vn 0.8763 -0.4704 0.1038
vn 0.8678 -0.4969 -0.0000
vn 0.9863 -0.1282 0.1038
vn 0.9631 -0.2005 -0.1797
vn 0.8763 -0.4704 -0.1038
vn 0.9631 -0.2005 0.1797
vn 0.9313 -0.2993 0.2076
vn 0.8995 -0.3981 0.1798
vn -0.6381 -0.7699 -0.0000
vn -0.7212 0.6529 0.2315
vn -0.8613 0.4939 0.1193
vn -0.2121 0.5557 0.8039
vn -0.8880 0.4107 0.2067
vn -0.7731 0.4916 0.4009
vn -0.8439 0.2712 0.4629
vn -0.9245 0.2971 0.2386
vn -0.6001 -0.6515 -0.4641
vn -0.9665 -0.1105 -0.2315
vn -0.9878 0.1004 -0.1193
vn -0.4961 -0.3281 -0.8039
vn 0.0586 0.8704 -0.4888
vn 0.2650 0.8245 -0.5000
vn 0.2163 0.6732 -0.7071
vn -0.0509 0.5298 -0.8466
vn 0.0986 0.9951 0.0000
vn 0.2955 0.9196 -0.2588
vn 0.0586 0.8704 0.4888
vn 0.2650 0.8245 0.5000
vn 0.2955 0.9196 0.2588
vn -0.0509 0.5298 0.8466
vn 0.2163 0.6732 0.7071
vn -0.2005 0.0644 0.9776
vn 0.0792 0.2464 0.9659
vn -0.3500 -0.4009 0.8466
vn -0.0792 -0.2464 0.9659
vn -0.4595 -0.7416 0.4888
vn -0.2650 -0.8245 0.5000
vn -0.2164 -0.6732 0.7071
vn -0.4996 -0.8663 0.0000
vn -0.2955 -0.9196 0.2588
vn -0.4595 -0.7416 -0.4888
vn -0.2650 -0.8245 -0.5000
vn -0.2955 -0.9196 -0.2588
vn -0.3500 -0.4009 -0.8466
vn -0.2164 -0.6732 -0.7071
vn -0.2005 0.0644 -0.9776
vn 0.0000 0.0000 -1.0000
vn -0.0792 -0.2464 -0.9659
vn 0.0792 0.2464 -0.9659
vn -0.9602 0.2733 0.0583
vn -0.9499 0.3053 0.0673
vn -0.2663 0.5609 -0.7838
vn -0.4048 0.1301 -0.9051
vn -0.9677 0.2498 0.0336
vn -0.1650 0.8763 -0.4526
vn -0.9705 0.2412 -0.0000
vn -0.1279 0.9918 0.0000
vn -0.9677 0.2498 -0.0336
vn -0.1650 0.8763 0.4526
vn -0.9602 0.2733 -0.0583
vn -0.2663 0.5609 0.7838
vn -0.9499 0.3053 -0.0673
vn -0.4048 0.1301 0.9051
vn -0.9396 0.3373 -0.0583
vn -0.5433 -0.3007 0.7838
vn -0.9321 0.3607 -0.0336
vn -0.6446 -0.6161 0.4526
vn -0.9293 0.3693 0.0000
vn -0.6817 -0.7316 0.0000
vn -0.9321 0.3608 0.0336
vn -0.6446 -0.6162 -0.4526
vn -0.9396 0.3373 0.0583
vn -0.5433 -0.3008 -0.7838
vn 0.0011 1.0000 0.0004
vn -0.0928 0.9957 0.0001
vn 0.0008 1.0000 0.0004
vn 0.0006 1.0000 0.0003
vn 0.0007 1.0000 0.0000
vn 0.0006 1.0000 -0.0003
vn 0.0008 1.0000 -0.0004
vn 0.0011 1.0000 -0.0004
vn 0.0016 1.0000 0.0000
vn 0.0008 1.0000 -0.0000
vn 1.0000 -0.0008 0.0000
vn 0.0015 -0.0000 -1.0000
vn 0.0029 -0.0000 1.0000
vn 0.0029 -0.0000 -1.0000
vn 0.0035 0.0029 1.0000
vn 0.0083 0.0088 0.9999
vn 0.0096 -0.0089 0.9999
vn 0.0083 -0.0088 0.9999
vn -0.0035 -0.0029 1.0000
vn -0.0083 -0.0088 0.9999
vn 0.0035 -0.0029 1.0000
vn -0.0096 -0.0089 0.9999
vn 0.0096 0.0089 0.9999
vn -0.0096 0.0089 0.9999
vn -0.0083 0.0088 0.9999
vn -0.0035 0.0029 1.0000
vn -0.0035 0.0029 -1.0000
vn -0.0083 0.0088 -0.9999
vn -0.0096 0.0089 -0.9999
vn 0.0096 0.0089 -0.9999
vn 0.0083 0.0088 -0.9999
vn 0.0035 0.0029 -1.0000
vn 0.0035 -0.0029 -1.0000
vn 0.0083 -0.0088 -0.9999
vn 0.0096 -0.0089 -0.9999
vn -0.0096 -0.0089 -0.9999
vn -0.0083 -0.0088 -0.9999
vn -0.0035 -0.0029 -1.0000
vn 0.0012 0.0026 -1.0000
vn 0.0009 0.0025 -1.0000
vn 0.0074 0.0000 -1.0000
vn -0.0074 0.0000 -1.0000
vn -0.0009 0.0025 -1.0000
vn -0.0012 0.0026 -1.0000
vn 0.0012 -0.0026 1.0000
vn 0.0009 -0.0025 1.0000
vn 0.0074 -0.0000 1.0000
vn -0.0074 -0.0000 1.0000
vn -0.0009 -0.0025 1.0000
vn -0.0012 -0.0026 1.0000
vn 0.0009 0.0025 1.0000
vn 0.0012 0.0026 1.0000
vn -0.0012 0.0026 1.0000
vn -0.0009 0.0025 1.0000
vn 0.0009 -0.0025 -1.0000
vn 0.0012 -0.0026 -1.0000
vn -0.0012 -0.0026 -1.0000
vn -0.0009 -0.0025 -1.0000
vn 0.0000 -0.1951 -0.9808
vn 0.0000 -0.5556 -0.8315
vn 0.0000 -0.6094 -0.7929
vn 0.0000 -0.1298 -0.9915
vn -0.0000 -0.8315 -0.5556
vn -0.0000 -0.7929 -0.6094
vn -0.0000 -0.9808 -0.1951
vn -0.0000 -0.9915 -0.1298
vn -0.0000 -0.9808 0.1951
vn -0.0000 -0.9915 0.1298
vn -0.0000 -0.8315 0.5556
vn -0.0000 -0.7929 0.6094
vn 0.0000 -0.5556 0.8315
vn 0.0000 -0.6094 0.7929
vn 0.0000 -0.1951 0.9808
vn 0.0000 -0.1298 0.9915
vn -0.0000 0.1951 0.9808
vn -0.0000 0.1298 0.9915
vn -0.0000 0.5556 0.8315
vn -0.0000 0.6094 0.7929
vn -0.0000 0.8315 0.5556
vn -0.0000 0.7929 0.6094
vn -0.0000 0.9808 0.1951
vn -0.0000 0.9915 0.1298
vn 0.0000 0.9808 -0.1951
vn 0.0000 0.9915 -0.1298
vn -0.0000 0.8315 -0.5556
vn -0.0000 0.7929 -0.6094
vn -0.0000 0.5556 -0.8315
vn -0.0000 0.6094 -0.7929
vn -0.0000 0.1951 -0.9808
vn -0.0000 0.1298 -0.9915
vn 0.6149 0.7886 -0.0000
vn 0.7942 0.5983 -0.1067
vn 0.6224 0.7677 -0.1527
vn 0.6224 -0.1527 -0.7677
vn 0.7660 -0.3401 -0.5455
vn 0.6224 -0.4349 -0.6508
vn -0.7572 0.5431 -0.3629
vn -0.7572 0.3629 -0.5431
vn 0.6224 -0.4349 0.6508
vn 0.6224 -0.6508 0.4349
vn 0.7640 -0.5406 0.3524
vn 0.7660 -0.3401 0.5455
vn 0.6224 0.4349 0.6508
vn 0.7626 0.3451 0.5471
vn 0.7640 0.5406 0.3524
vn 0.6224 0.6508 0.4349
vn 0.6224 0.1527 -0.7677
vn 0.6224 0.4349 -0.6508
vn 0.7626 0.3451 -0.5471
vn 0.7937 0.1077 -0.5987
vn 0.6149 -0.7886 -0.0000
vn 0.6224 -0.7677 -0.1527
vn 0.7942 -0.5983 -0.1067
vn 0.6224 -0.1527 0.7677
vn 0.7937 0.1077 0.5987
vn 0.6224 0.1527 0.7677
vn 0.6224 0.6508 -0.4349
vn 0.7640 0.5406 -0.3524
vn 0.6224 -0.6508 -0.4349
vn 0.7640 -0.5406 -0.3524
vn 0.6224 0.7677 0.1527
vn 0.7942 0.5983 0.1067
vn 0.6224 -0.7677 0.1527
vn 0.7942 -0.5983 0.1067
vn -1.0000 0.0000 0.0000
vn 0.0000 -0.7071 0.7071
vn 0.0000 0.7071 0.7071
vn 0.0000 0.7071 -0.7071
vn 0.0000 -0.7071 -0.7071
vn -0.2257 -0.8100 -0.5412
vn -0.2257 -0.9555 -0.1901
vn -0.7572 -0.5431 0.3629
vn -0.7572 -0.3629 0.5431
vn -0.7572 0.1274 -0.6406
vn -0.7572 -0.1274 0.6406
vn -0.7572 -0.1274 -0.6406
vn -0.7572 0.1274 0.6406
vn -0.7572 0.3629 0.5431
vn -0.7572 -0.3629 -0.5431
vn -0.7572 0.5431 0.3629
vn -0.7572 -0.5431 -0.3629
vn -0.7572 0.6406 0.1274
vn -0.7572 -0.6406 -0.1274
vn -0.7572 0.6406 -0.1274
vn -0.7572 -0.6406 0.1274
vn -0.2257 0.9555 0.1901
vn -0.2257 0.9555 -0.1901
vn -0.2257 -0.9555 0.1901
vn -0.2257 0.8100 -0.5412
vn -0.2257 -0.8100 0.5412
vn -0.2257 0.5412 -0.8100
vn -0.2257 -0.5412 0.8100
vn -0.2257 0.1901 -0.9555
vn -0.2257 -0.1901 0.9555
vn -0.2257 -0.1901 -0.9555
vn -0.2257 0.1901 0.9555
vn -0.2257 0.5412 0.8100
vn -0.2257 -0.5412 -0.8100
vn -0.2257 0.8100 0.5412
vn 0.0001 0.0005 1.0000
vn 0.0002 0.0005 1.0000
vn 0.0002 -0.0000 1.0000
vn -0.0001 0.0005 1.0000
vn -0.0002 0.0000 1.0000
vn -0.0002 0.0005 1.0000
vn -0.0001 -0.0005 1.0000
vn -0.0002 -0.0005 1.0000
vn 0.0001 -0.0005 1.0000
vn 0.0002 -0.0005 1.0000
vn 0.9167 0.3820 -0.1174
vn 0.8795 0.3366 -0.3365
vn 0.9463 0.3232 -0.0000
vn 0.9167 0.3820 0.1174
vn 0.8795 0.3366 0.3365
vn 0.9062 0.1715 0.3865
vn 0.9357 0.0504 0.3491
vn 0.9369 -0.0453 0.3466
vn 0.9416 -0.0241 0.3357
vn 0.9132 -0.1526 0.3778
vn 0.8795 -0.3366 0.3365
vn 0.9167 -0.3820 0.1174
vn 0.9463 -0.3232 -0.0000
vn 0.9167 -0.3820 -0.1174
vn 0.8795 -0.3366 -0.3365
vn 0.9132 -0.1526 -0.3778
vn 0.9369 -0.0453 -0.3466
vn 0.9416 -0.0241 -0.3357
vn 0.9357 0.0504 -0.3491
vn 0.9062 0.1715 -0.3865
vn -0.0001 0.0005 -1.0000
vn -0.0002 0.0005 -1.0000
vn -0.0002 0.0000 -1.0000
vn -0.0001 -0.0005 -1.0000
vn -0.0002 -0.0005 -1.0000
vn 0.0001 -0.0005 -1.0000
vn 0.0002 -0.0005 -1.0000
vn 0.0002 -0.0000 -1.0000
vn 0.0001 0.0005 -1.0000
vn 0.0002 0.0005 -1.0000
vn 0.7534 -0.6575 0.0000
vn -0.7133 -0.7008 0.0000
vn 0.9811 0.1933 0.0000
vn -0.9828 -0.1846 0.0000
vn 0.7025 0.7117 0.0000
vn 0.1586 0.9873 0.0000
vn 0.8393 -0.5436 0.0000
vn -0.2615 0.9652 0.0000
vn -0.8404 0.5420 0.0000
vn 0.3850 0.9229 0.0000
vn -0.1204 0.9927 0.0000
vn 0.8046 -0.5938 0.0000
vn 0.3668 0.9303 0.0000
vn -0.4684 -0.8835 0.0000
vn -0.1198 -0.9928 0.0000
vn -0.5017 0.8650 0.0000
vn -0.6037 0.7972 0.0000
vn 0.3195 -0.9476 0.0000
vn 0.3657 -0.9307 0.0000
vn -0.7724 0.6352 0.0000
vn -0.5958 -0.8031 0.0000
vn 0.7850 -0.6194 0.0000
vn 0.7956 0.6058 0.0000
vn 0.9786 -0.2056 0.0000
vn 0.7899 -0.6132 0.0000
vn -0.9258 0.3780 0.0000
vn -0.9252 -0.3795 0.0000
vn 0.1331 0.9911 0.0000
vn 0.9921 -0.1253 0.0000
vn -0.3897 0.9209 0.0000
vn 0.9921 0.1257 0.0000
vn 0.6120 0.7909 0.0000
vn -0.9921 0.1256 0.0000
vn -0.7909 0.6119 0.0000
vn -0.9922 -0.1247 0.0000
vn 0.9209 0.3897 0.0000
vn 0.9252 0.3796 0.0000
vn -0.9911 0.1331 0.0000
vn 0.9284 -0.3715 0.0000
vn 0.9911 -0.1331 0.0000
vn -0.7896 0.6137 0.0000
vn -0.9210 -0.3897 0.0000
vn 0.5984 0.8012 0.0000
vn 0.7909 -0.6119 0.0000
vn -0.7991 -0.6013 0.0000
vn -0.6119 -0.7909 0.0000
vn -0.3661 0.9306 0.0000
vn 0.3897 -0.9209 0.0000
vn 0.1209 0.9927 0.0000
vn -0.1331 -0.9911 0.0000
vn 0.6081 -0.7939 0.0000
vn -0.3758 -0.9267 0.0000
vn 0.1209 -0.9927 0.0000
vn 0.1434 0.9897 0.0000
vn -0.2385 0.9711 0.0000
vn -0.0265 0.9996 0.0000
vn -0.1879 0.9822 0.0000
vn 0.5662 0.8243 0.0000
vn -0.5965 0.8026 0.0000
vn 0.2689 0.9632 0.0000
vn 0.8267 0.5627 0.0000
vn 0.4753 0.8798 0.0000
vn -0.5645 0.8254 0.0000
vn 0.6158 -0.7879 0.0000
vn 0.7649 0.6441 0.0000
vn 0.1705 -0.9854 0.0000
vn 0.6441 -0.7650 0.0000
vn -0.2788 -0.9603 0.0000
vn 0.7829 0.6221 0.0000
vn -0.7797 -0.6262 0.0000
vn -0.6071 0.7946 0.0000
vn 0.1655 -0.9862 0.0000
vn -0.1492 -0.9888 0.0000
vn 0.9797 0.2004 0.0000
vn 0.2670 -0.9637 0.0000
vn -0.9828 -0.1845 0.0000
vn -0.3910 -0.9204 0.0000
vn -0.8020 -0.5973 0.0000
vn -0.6777 -0.7353 0.0000
vn 0.5907 -0.8069 0.0000
vn -0.0273 0.9996 0.0000
vn 0.4050 0.9143 0.0000
vn 0.7479 0.6638 0.0000
vn -0.5197 0.8543 0.0000
vn 0.9809 0.1947 0.0000
vn -0.9826 -0.1856 0.0000
vn 0.5798 -0.8148 0.0000
vn -0.9761 -0.2171 -0.0000
vn 0.1180 -0.9930 0.0000
vn -0.2888 -0.9574 0.0000
vn -0.8031 -0.5958 0.0000
vn 0.9670 0.2546 0.0000
vn -0.9965 -0.0841 0.0000
vn -0.4037 0.9149 0.0000
vn 0.4145 -0.9101 0.0000
vn -0.7800 0.6258 0.0000
vn 0.8195 -0.5731 0.0000
vn 0.9996 0.0274 0.0000
vn -0.9837 0.1799 0.0000
vn 0.8678 0.4969 0.0000
vn 0.9896 0.1438 0.0000
vn 0.5954 0.8034 0.0000
vn -0.5401 0.8416 0.0000
vn 0.7859 0.6183 0.0000
vn -0.4548 0.8906 0.0000
vn 0.2288 0.9735 0.0000
vn 0.2384 0.9712 0.0000
vn -1.0000 0.0043 0.0000
vn -0.1618 0.9868 0.0000
vn -0.9301 -0.3674 0.0000
vn -0.8747 -0.4847 0.0000
vn -0.5687 -0.8225 0.0000
vn 0.4554 -0.8903 0.0000
vn 0.9998 -0.0185 0.0000
vn -0.4455 -0.8953 0.0000
vn 0.4480 -0.8940 0.0000
vn 0.0127 -0.9999 0.0000
vn -0.0223 -0.9998 0.0000
vn 0.1451 0.9894 0.0000
vn 0.5107 0.8597 0.0000
vn 0.7935 0.6086 0.0000
vn -0.7416 0.6708 0.0000
vn -0.7534 -0.6575 0.0000
vn 0.7133 -0.7009 0.0000
vn -0.9812 0.1932 -0.0000
vn 0.9828 -0.1846 0.0000
vn -0.7025 0.7117 0.0000
vn -0.1586 0.9873 0.0000
vn -0.8393 -0.5436 0.0000
vn 0.2615 0.9652 0.0000
vn 0.8404 0.5420 0.0000
vn -0.3850 0.9229 -0.0000
vn 0.1204 0.9927 0.0000
vn -0.8046 -0.5938 0.0000
vn -0.3668 0.9303 0.0000
vn 0.4684 -0.8835 0.0000
vn 0.1198 -0.9928 0.0000
vn 0.5017 0.8650 0.0000
vn 0.6037 0.7972 0.0000
vn -0.3195 -0.9476 0.0000
vn -0.3657 -0.9307 0.0000
vn 0.7724 0.6352 -0.0000
vn 0.5958 -0.8032 0.0000
vn -0.7850 -0.6194 0.0000
vn -0.7956 0.6058 0.0000
vn -0.9786 -0.2055 0.0000
vn -0.7899 -0.6132 0.0000
vn 0.9258 0.3780 0.0000
vn 0.9252 -0.3795 0.0000
vn -0.1331 0.9911 0.0000
vn -0.9921 -0.1253 0.0000
vn 0.3897 0.9209 0.0000
vn -0.9921 0.1257 0.0000
vn -0.6119 0.7909 0.0000
vn 0.9921 0.1256 -0.0000
vn 0.7909 0.6119 0.0000
vn 0.9922 -0.1247 0.0000
vn -0.9210 0.3897 0.0000
vn -0.9252 0.3796 0.0000
vn 0.9911 0.1331 0.0000
vn -0.9284 -0.3715 0.0000
vn -0.9911 -0.1331 0.0000
vn 0.7896 0.6137 -0.0000
vn 0.9209 -0.3897 0.0000
vn -0.5984 0.8012 0.0000
vn -0.7909 -0.6119 0.0000
vn 0.7991 -0.6013 0.0000
vn 0.6119 -0.7909 0.0000
vn 0.3661 0.9306 0.0000
vn -0.3897 -0.9209 0.0000
vn -0.1209 0.9927 0.0000
vn 0.1331 -0.9911 0.0000
vn -0.6081 -0.7939 0.0000
vn 0.3758 -0.9267 0.0000
vn -0.1209 -0.9927 0.0000
vn -0.1434 0.9897 0.0000
vn 0.2385 0.9711 0.0000
vn 0.0265 0.9996 0.0000
vn 0.1879 0.9822 0.0000
vn -0.5662 0.8243 0.0000
vn 0.5965 0.8026 0.0000
vn -0.2689 0.9632 0.0000
vn -0.8267 0.5627 -0.0000
vn -0.4753 0.8798 0.0000
vn 0.5645 0.8254 -0.0000
vn -0.6158 -0.7879 0.0000
vn -0.7650 0.6441 0.0000
vn -0.1705 -0.9854 0.0000
vn -0.6441 -0.7650 0.0000
vn 0.2788 -0.9603 0.0000
vn -0.7829 0.6221 -0.0000
vn 0.7797 -0.6262 0.0000
vn 0.6071 0.7946 -0.0000
vn -0.1655 -0.9862 0.0000
vn 0.1492 -0.9888 0.0000
vn -0.9797 0.2004 -0.0000
vn -0.2670 -0.9637 0.0000
vn 0.3910 -0.9204 0.0000
vn 0.8020 -0.5973 0.0000
vn 0.6777 -0.7353 0.0000
vn -0.5907 -0.8069 0.0000
vn 0.0273 0.9996 0.0000
vn -0.4050 0.9143 -0.0000
vn -0.7479 0.6638 -0.0000
vn 0.5197 0.8544 -0.0000
vn -0.9809 0.1947 0.0000
vn 0.9826 -0.1856 0.0000
vn -0.5798 -0.8148 0.0000
vn 0.9761 -0.2171 0.0000
vn -0.1180 -0.9930 0.0000
vn 0.2888 -0.9574 0.0000
vn 0.8031 -0.5958 0.0000
vn -0.9670 0.2546 0.0000
vn 0.9965 -0.0841 0.0000
vn 0.4037 0.9149 -0.0000
vn -0.4145 -0.9101 0.0000
vn 0.7800 0.6258 -0.0000
vn -0.8195 -0.5731 0.0000
vn -0.9996 0.0274 0.0000
vn 0.9837 0.1798 0.0000
vn -0.8678 0.4969 0.0000
vn -0.9896 0.1437 0.0000
vn -0.5955 0.8034 0.0000
vn 0.5401 0.8416 0.0000
vn -0.7858 0.6184 0.0000
vn 0.4548 0.8906 0.0000
vn -0.2288 0.9735 0.0000
vn -0.2384 0.9712 0.0000
vn 1.0000 0.0043 0.0000
vn 0.1618 0.9868 0.0000
vn 0.9301 -0.3674 0.0000
vn 0.8747 -0.4847 0.0000
vn 0.5687 -0.8225 0.0000
vn -0.4554 -0.8903 0.0000
vn -0.9998 -0.0185 0.0000
vn 0.4455 -0.8953 0.0000
vn -0.4480 -0.8941 0.0000
vn -0.0127 -0.9999 0.0000
vn 0.0223 -0.9998 0.0000
vn -0.1451 0.9894 0.0000
vn -0.5108 0.8597 0.0000
vn -0.7935 0.6086 -0.0000
vn 0.7416 0.6708 0.0000
vn 0.0000 -0.3252 0.9456
vn -0.0000 -0.9847 -0.1745
vn -0.0000 -0.9239 -0.3827
vn 0.0000 0.3253 -0.9456
vn 0.0000 0.3827 -0.9239
vn 0.0000 0.0801 -0.9968
vn 0.0000 -0.3827 -0.9239
vn 0.0000 -0.3253 -0.9456
vn 0.0000 -0.3827 0.9239
vn 0.0000 0.3827 0.9239
vn 0.0000 0.3252 0.9456
vn -0.0000 0.9239 -0.3827
vn 0.0000 0.9847 -0.1745
vn 0.0000 0.9847 0.1745
vn 0.0000 0.9239 0.3827
vn 0.0000 -0.0801 0.9968
vn -0.0000 -0.9847 0.1745
vn -0.0000 -0.9239 0.3827
vn -0.0000 -0.0801 -0.9968
vn -0.0008 -0.0000 -1.0000
vn -0.0008 0.0000 1.0000
vn 0.2117 0.9773 -0.0000
vn 0.2327 0.9725 0.0000
vn 0.9985 0.0552 -0.0000
vn -0.0004 -1.0000 0.0000
vn -0.9992 0.0392 0.0000
vn 0.1599 0.9871 -0.0000
vn 0.1071 0.9942 -0.0000
vn 0.0850 0.9964 -0.0000
vn 0.0000 0.5119 0.8591
vn 0.0000 -0.5119 0.8591
vn 0.0000 0.5119 -0.8591
vn 0.0000 -0.5119 -0.8591
vn -0.0020 0.9906 -0.1366
vn -0.0000 0.9906 -0.1366
vn -0.5254 0.8429 -0.1163
vn -0.4424 0.8884 -0.1225
vn 0.6853 -0.7215 0.0995
vn 0.5254 -0.8429 0.1163
vn 0.4357 -0.8917 0.1230
vn -0.0012 0.9906 -0.1366
vn -0.4373 0.8909 -0.1229
vn -0.6852 -0.7215 -0.0995
vn -0.5169 -0.8480 -0.1170
vn -0.4236 -0.8973 -0.1238
vn 0.9618 0.2713 -0.0374
vn 0.9618 0.2713 0.0374
vn 0.6853 -0.7215 -0.0995
vn 0.4373 -0.8909 -0.1229
vn 0.5254 -0.8429 -0.1163
vn -0.9618 -0.2713 -0.0374
vn -0.0002 0.9906 -0.1366
vn 0.4236 0.8973 -0.1238
vn 0.5172 0.8479 -0.1170
vn -0.6853 0.7215 0.0995
vn -0.5169 0.8480 0.1170
vn -0.4236 0.8973 0.1238
vn -0.6853 0.7215 -0.0995
vn -0.9618 -0.2713 0.0374
vn 0.6853 0.7215 0.0995
vn 0.4424 0.8884 0.1225
vn 0.5254 0.8429 0.1163
vn -0.4357 -0.8917 -0.1230
vn -0.6853 -0.7215 -0.0995
vn -0.5254 -0.8429 -0.1163
vn -0.6853 -0.7215 0.0995
vn -0.4236 -0.8973 0.1238
vn -0.5155 -0.8489 0.1171
vn 0.0002 -0.9906 -0.1366
vn 0.5155 -0.8489 -0.1171
vn 0.4236 -0.8973 -0.1238
vn -0.0000 -0.9906 -0.1366
vn 0.9618 -0.2713 -0.0374
vn -0.5172 0.8479 0.1170
vn 0.5169 -0.8480 0.1170
vn 0.4236 -0.8973 0.1238
vn -0.0021 0.9906 0.1366
vn 0.0000 0.9906 0.1366
vn 0.9618 -0.2713 0.0374
vn -0.5137 -0.8499 0.1172
vn -0.0000 -0.9906 0.1366
vn 0.0021 -0.9906 0.1366
vn -0.4373 -0.8909 0.1229
vn -0.5254 -0.8429 0.1163
vn 0.0012 0.9906 0.1366
vn -0.4357 0.8917 0.1230
vn -0.5254 0.8429 0.1163
vn 0.4344 -0.8923 0.1231
vn -0.0020 -0.9906 0.1366
vn -0.4424 -0.8884 0.1225
vn -0.9618 0.2713 -0.0374
vn -0.0021 -0.9906 -0.1366
vn 0.0012 -0.9906 -0.1366
vn 0.6853 0.7215 -0.0995
vn 0.5254 0.8429 -0.1163
vn 0.4344 0.8923 -0.1231
vn -0.6852 -0.7215 0.0995
vn 0.4424 -0.8884 -0.1225
vn 0.0020 -0.9906 -0.1366
vn -0.4344 0.8923 0.1231
vn -0.5137 0.8499 -0.1172
vn -0.4236 0.8973 -0.1238
vn 0.0021 0.9906 -0.1366
vn 0.4357 0.8917 -0.1230
vn 0.5137 0.8499 0.1172
vn 0.4236 0.8973 0.1238
vn 0.0002 0.9906 0.1366
vn 0.5155 0.8489 0.1171
vn 0.6852 0.7215 -0.0995
vn 0.5169 0.8480 -0.1170
vn -0.4344 -0.8923 -0.1231
vn -0.0002 -0.9906 0.1366
vn -0.9618 0.2713 0.0374
vn 0.4373 0.8909 0.1229
vn 0.0020 0.9906 0.1366
vn -0.0012 -0.9906 0.1366
vn 0.5137 -0.8499 -0.1172
vn 0.5172 -0.8479 0.1170
vn -0.5172 -0.8479 -0.1169
vn -0.6852 0.7215 -0.0995
vn -0.5155 0.8489 -0.1171
vn -0.0001 0.0000 1.0000
vn -0.0004 -0.0003 1.0000
vn -0.0060 0.0000 1.0000
vn -0.0004 0.0003 1.0000
vn 0.0001 0.0000 1.0000
vn 0.0004 0.0003 1.0000
vn 0.0060 -0.0000 1.0000
vn 0.0004 -0.0003 1.0000
vn -0.0001 -0.0000 -1.0000
vn -0.0005 0.0011 -1.0000
vn -0.0117 0.0000 -0.9999
vn -0.0005 -0.0011 -1.0000
vn 0.0001 0.0000 -1.0000
vn 0.0005 -0.0011 -1.0000
vn 0.0117 0.0000 -0.9999
vn 0.0005 0.0011 -1.0000
vn 0.0032 0.0029 -1.0000
vn 0.0041 0.0005 -1.0000
vn 0.0043 0.0001 -1.0000
vn -0.0041 0.0005 -1.0000
vn -0.0043 0.0001 -1.0000
vn -0.0032 0.0029 -1.0000
vn 0.0017 -0.0014 1.0000
vn 0.0041 -0.0005 1.0000
vn 0.0032 -0.0029 1.0000
vn 0.0043 -0.0001 1.0000
vn -0.0041 -0.0005 1.0000
vn -0.0043 -0.0001 1.0000
vn -0.0017 -0.0014 1.0000
vn -0.0032 -0.0029 1.0000
vn 0.0032 0.0029 1.0000
vn 0.0041 0.0005 1.0000
vn 0.0017 0.0014 1.0000
vn 0.0043 0.0001 1.0000
vn -0.0043 0.0001 1.0000
vn -0.0041 0.0005 1.0000
vn -0.0032 0.0029 1.0000
vn -0.0017 0.0014 1.0000
vn 0.0032 -0.0029 -1.0000
vn 0.0041 -0.0005 -1.0000
vn 0.0043 -0.0001 -1.0000
vn -0.0043 -0.0001 -1.0000
vn -0.0041 -0.0005 -1.0000
vn -0.0032 -0.0029 -1.0000
vn 0.0003 -0.0004 1.0000
vn 0.0003 0.0004 1.0000
vn -0.0003 0.0004 1.0000
vn -0.0003 -0.0004 1.0000
vn 0.0000 0.0801 0.9968
vn -0.9246 0.0743 0.3737
vn -0.9246 0.2117 0.3168
vn -0.9246 0.3168 0.2117
vn -0.9246 0.3737 0.0743
vn -0.9246 0.3737 -0.0743
vn -0.9246 0.3168 -0.2117
vn -0.9246 0.2117 -0.3168
vn -0.9246 0.0743 -0.3737
vn -0.9246 -0.0743 -0.3737
vn -0.9246 -0.2117 -0.3168
vn -0.9246 -0.3168 -0.2117
vn -0.9246 -0.3737 -0.0743
vn -0.9246 -0.3737 0.0743
vn -0.9246 -0.3168 0.2117
vn -0.9246 -0.2117 0.3168
vn -0.9246 -0.0743 0.3737
usemtl Elfeneri
s 1
f 150/1/1 709/2/1 723/3/2 149/4/3
f 26/5/4 702/6/4 716/7/4 126/8/4
f 144/9/5 722/10/6 703/11/7 142/12/7
f 123/13/8 711/14/9 879/15/10 675/16/11
f 142/12/7 703/11/7 721/17/12 141/18/12
f 37/19/13 8/20/13 930/21/13 931/22/13
f 1751/23/13 1747/24/13 935/25/13 937/26/13
f 938/27/13 936/28/13 1/29/13 33/30/13
f 10/31/13 37/19/13 931/22/13 934/32/13
f 8/20/13 9/33/13 42/34/14 930/21/13
f 940/35/13 938/27/13 33/30/13 5/36/13
f 1750/37/13 1751/23/13 937/26/13 939/38/13
f 12/39/13 10/31/13 934/32/13 11/40/15
f 64/41/16 940/35/13 5/36/13 6/42/13
f 1701/43/17 1749/44/13 940/35/13 64/41/16
f 936/28/13 2/45/18 3/46/13 1/29/13
f 60/47/19 658/48/20 20/49/21 94/50/21
f 82/51/22 35/52/22 39/53/23 893/54/24
f 1701/55/17 1705/56/25 77/57/26 11/58/15
f 50/59/27 661/60/28 100/61/29 95/62/29
f 96/63/30 101/64/30 660/65/31 61/66/32
f 1752/67/33 1708/68/33 14/69/34 895/70/35
f 91/71/36 23/72/36 24/73/37 90/74/37
f 65/75/38 133/76/39 122/77/40 71/78/40
f 44/79/41 157/80/41 110/81/42 43/82/43
f 81/83/44 55/84/44 645/85/45 84/86/46
f 89/87/47 25/88/47 22/89/48 92/90/48
f 73/91/49 654/92/50 130/93/51 68/94/51
f 53/95/52 145/96/53 136/97/54 59/98/54
f 898/99/55 28/100/56 154/101/57 45/102/57
f 92/90/48 22/89/48 654/92/50 73/91/49
f 87/103/58 650/104/59 35/52/60 82/51/60
f 895/105/35 14/106/34 4/107/61 69/108/61
f 46/109/62 151/110/62 27/111/63 42/112/14
f 61/66/32 660/65/31 143/113/64 56/114/64
f 72/115/65 652/116/66 21/117/67 93/118/67
f 41/119/68 106/120/69 148/121/70 47/122/70
f 88/123/71 672/124/71 651/125/72 75/126/73
f 49/127/74 666/128/75 157/80/76 44/79/76
f 69/108/77 4/107/77 652/116/66 72/115/65
f 74/129/78 643/130/79 25/88/47 89/87/47
f 83/131/80 112/132/80 647/133/81 86/134/82
f 86/134/82 647/133/81 23/72/36 91/71/36
f 75/126/73 651/125/72 125/135/83 70/136/83
f 57/137/84 31/138/84 658/48/20 60/47/19
f 2/139/18 67/140/85 55/84/86 81/83/86
f 258/141/87 223/142/88 109/143/89 76/144/90
f 93/118/91 21/117/91 650/104/59 87/103/58
f 63/145/92 657/146/93 30/147/94 58/148/94
f 45/102/95 154/101/95 664/149/96 48/150/97
f 84/86/46 645/85/45 672/124/98 88/123/98
f 51/151/99 663/152/100 151/110/101 46/109/101
f 90/74/37 24/73/37 649/153/102 85/154/103
f 71/78/104 122/77/104 643/130/79 74/129/78
f 1707/155/105 1712/156/105 145/157/53 53/158/52
f 80/159/106 119/160/106 105/161/107 79/162/108
f 59/98/109 136/97/109 655/163/110 62/164/111
f 97/165/112 102/166/112 101/64/30 96/63/30
f 68/94/113 130/93/113 134/167/114 66/168/115
f 47/122/116 148/121/116 661/60/28 50/59/27
f 95/62/29 100/61/29 103/169/117 98/170/117
f 1706/171/118 1709/172/118 133/173/39 65/174/38
f 98/170/117 103/169/117 666/128/75 49/127/74
f 56/114/119 143/113/119 146/175/120 54/176/121
f 62/164/111 655/163/110 102/166/112 97/165/112
f 76/177/90 109/178/89 112/132/122 83/131/122
f 58/148/123 30/147/123 52/179/124 18/180/125
f 221/181/126 225/182/127 106/183/69 41/184/68
f 48/150/97 664/149/96 104/185/128 99/186/128
f 85/154/103 649/153/102 119/160/129 80/159/129
f 11/187/15 77/188/26 31/138/130 57/137/130
f 1702/189/131 1703/190/132 67/191/85 2/45/18
f 99/186/133 104/185/133 657/146/93 63/145/92
f 94/50/134 20/49/134 663/152/100 51/151/99
f 70/136/135 125/135/135 29/192/136 64/193/16
f 1746/194/137 1704/195/138 28/196/56 898/197/55
f 113/198/139 713/199/140 875/200/141 674/201/142
f 139/202/143 720/203/143 704/204/144 138/205/144
f 673/206/145 680/207/145 715/208/145 115/209/145
f 670/210/146 692/211/147 686/212/148 667/213/149
f 138/205/144 704/204/144 719/214/150 137/215/151
f 117/216/152 712/217/152 702/6/152 26/5/152
f 677/218/153 693/219/154 691/220/155 678/221/156
f 167/222/157 184/223/158 187/224/158 186/225/158 185/226/158 183/227/159 166/228/160
f 237/229/161 234/230/161 235/231/162 389/232/163 228/233/161 239/234/161
f 217/235/164 387/236/165 189/237/166 171/238/167 216/239/168
f 225/182/127 268/240/169 194/241/170 106/183/69
f 112/242/171 111/243/172 620/244/173 615/245/171 597/246/171 598/247/171 575/248/171 576/249/171 577/250/171 600/251/174 648/252/175 647/253/176
f 111/243/172 35/254/177 650/255/178 648/252/175 600/256/174 601/257/177 604/258/177 622/259/177 623/260/177 624/261/177 619/262/177 620/244/173
f 55/263/179 116/264/180 537/265/181 524/266/179 523/267/179 525/268/179 541/269/179 544/270/179 563/271/179 564/272/182 646/273/183 645/274/184
f 116/264/180 119/275/185 649/276/186 646/273/183 564/272/182 565/277/185 568/278/185 558/279/185 559/280/185 539/281/185 538/282/185 537/265/181
f 109/283/187 40/284/188 111/243/189 112/242/187
f 40/284/188 39/285/190 35/254/190 111/243/189
f 67/286/191 36/287/192 116/264/193 55/263/191
f 36/287/192 105/288/194 119/275/194 116/264/193
f 122/77/195 121/289/196 540/290/197 535/291/195 536/292/195 556/293/195 557/294/195 567/295/195 560/296/195 561/297/198 644/298/199 643/130/200
f 121/289/196 125/299/201 651/300/202 644/298/199 561/297/198 562/301/201 543/302/201 542/303/201 521/304/201 517/305/201 516/306/201 540/290/197
f 4/307/203 127/308/204 617/309/205 616/310/203 618/311/203 621/312/203 603/313/203 602/314/203 584/315/203 583/316/206 653/317/207 652/318/208
f 127/308/204 130/93/209 654/92/210 653/317/207 583/316/206 572/319/209 571/320/209 570/321/209 582/322/209 596/323/209 599/324/209 617/309/205
f 133/76/211 132/325/212 121/289/213 122/77/214
f 132/325/212 29/326/215 125/299/216 121/289/213
f 14/327/217 32/328/218 127/308/219 4/307/220
f 32/328/218 134/167/221 130/93/222 127/308/219
f 136/97/223 135/329/224 610/330/225 594/331/223 592/332/223 593/333/223 574/334/223 569/335/223 573/336/223 585/337/226 656/338/227 655/163/228
f 135/329/224 30/339/229 657/340/230 656/338/227 585/337/226 581/341/229 586/342/229 588/343/229 607/344/229 606/345/229 611/346/229 610/330/225
f 31/347/231 140/348/232 533/349/233 515/350/231 514/351/231 513/352/231 522/353/231 526/354/231 545/355/231 548/356/234 659/357/235 658/358/236
f 140/348/232 143/113/237 660/65/238 659/357/235 548/356/234 547/359/237 546/360/237 553/361/237 552/362/237 532/363/237 529/364/237 533/349/233
f 145/96/239 7/365/240 135/329/241 136/97/242
f 7/365/240 52/366/243 30/339/244 135/329/241
f 77/367/245 78/368/246 140/348/247 31/347/248
f 78/368/246 146/175/249 143/113/250 140/348/247
f 148/369/251 147/370/252 531/371/253 530/372/251 534/373/251 555/374/251 554/375/251 566/376/251 551/377/251 550/378/254 662/379/255 661/380/256
f 147/370/252 151/381/257 663/382/258 662/379/255 550/378/254 549/383/257 528/384/257 527/385/257 519/386/257 518/387/257 520/388/257 531/371/253
f 154/101/259 153/389/260 613/390/261 612/391/259 609/392/259 608/393/259 605/394/259 587/395/259 589/396/259 590/397/262 665/398/263 664/149/264
f 153/389/260 157/399/265 666/400/266 665/398/263 590/397/262 579/401/265 578/402/265 580/403/265 591/404/265 595/405/265 614/406/265 613/390/261
f 106/407/267 107/408/268 147/370/269 148/369/267
f 107/408/268 27/409/270 151/381/270 147/370/269
f 28/100/271 108/410/272 153/389/273 154/101/271
f 108/410/272 110/411/274 157/399/274 153/389/273
f 131/412/275 718/413/276 708/414/144 129/415/144
f 671/416/277 876/417/278 714/418/279 120/419/280
f 678/221/156 691/220/155 726/420/281 158/421/282
f 129/415/144 708/414/144 717/422/143 128/423/143
f 1709/172/283 1710/424/284 132/425/212 133/173/211
f 1710/424/284 1705/426/284 29/427/215 132/425/212
f 1708/428/285 1711/429/285 32/430/218 14/431/217
f 1711/429/285 1712/432/286 134/433/221 32/430/218
f 137/215/151 719/214/150 692/211/147 670/210/146
f 155/434/145 725/435/145 682/436/145 669/437/145
f 126/8/12 716/7/12 707/438/7 124/439/7
f 669/437/287 682/436/287 720/203/287 139/202/287
f 668/440/152 695/441/152 724/442/152 152/443/152
f 115/209/288 715/208/288 706/444/289 114/445/289
f 141/18/4 721/17/4 695/441/4 668/440/4
f 149/4/3 723/3/2 693/219/154 677/218/153
f 120/419/280 714/418/279 705/446/1 118/447/1
f 667/213/149 686/212/148 722/10/6 144/9/5
f 674/201/142 875/200/141 876/417/278 671/416/277
f 114/445/289 706/444/289 713/199/140 113/198/139
f 158/421/282 726/420/281 710/448/289 156/449/289
f 675/16/11 879/15/10 873/450/290 676/451/291
f 118/447/1 705/446/1 712/217/292 117/216/292
f 156/449/289 710/448/289 725/435/288 155/434/288
f 1713/452/293 1720/453/294 174/454/295 162/455/293
f 1714/456/296 1716/457/297 184/458/298 167/459/296
f 1715/460/299 1721/461/300 179/462/301 170/463/299
f 388/464/302 391/465/302 395/466/303 229/467/303
f 36/468/304 166/228/160 203/469/305 200/470/306 105/471/307
f 231/472/308 390/473/309 247/474/310 245/475/308 250/476/308 251/477/308
f 109/478/311 215/479/312 216/239/168 171/238/167 40/480/313
f 171/238/167 189/237/166 192/481/314 191/482/314 190/483/314 188/484/314 172/485/315
f 106/486/316 194/487/317 195/488/318 165/489/319 107/490/320
f 170/491/321 179/492/322 182/493/322 181/494/322 180/495/322 178/496/323 169/497/324
f 107/490/320 165/489/319 168/498/325 27/499/326
f 67/500/327 167/222/157 166/228/160 36/468/304
f 1703/501/132 1714/456/296 167/459/296 67/502/85
f 196/503/328 162/504/329 174/505/330 165/489/319 195/488/318
f 108/506/331 169/497/324 210/507/332 207/508/333 110/509/334
f 287/510/335 270/511/336 208/512/337 233/513/335
f 1704/514/138 1715/460/299 170/463/299 28/515/56
f 40/480/313 171/238/167 172/485/315 39/516/338
f 169/497/324 178/496/323 164/517/339 209/518/340 210/507/332
f 223/142/88 278/519/341 215/520/342 109/143/89
f 28/521/343 170/491/321 169/497/324 108/506/331
f 1730/522/344 1733/523/344 396/524/344 232/525/344
f 166/228/160 183/227/159 163/526/345 202/527/346 203/469/305
f 193/528/347 196/503/328 195/488/318 194/487/317 199/529/348 198/530/348 197/531/348
f 200/470/306 203/469/305 202/527/346 201/532/349 206/533/350 205/534/350 204/535/350
f 207/508/333 210/507/332 209/518/340 208/536/351 213/537/352 212/538/352 211/539/352
f 214/540/353 217/235/164 216/239/168 215/479/312 220/541/354 219/542/354 218/543/354
f 1716/457/297 1717/544/355 187/545/356 184/458/298
f 1717/544/355 1718/546/357 186/547/358 187/545/356
f 1718/546/357 1719/548/359 185/549/360 186/547/358
f 1719/548/359 1720/550/294 183/551/295 185/549/360
f 1721/461/300 1722/552/361 182/553/362 179/462/301
f 1722/552/361 1723/554/363 181/555/364 182/553/362
f 1723/554/363 1724/556/365 180/557/366 181/555/364
f 1724/556/365 1725/558/367 178/559/368 180/557/366
f 260/560/369 261/561/370 206/562/371 201/563/372
f 261/561/370 263/564/373 205/565/374 206/562/371
f 263/564/373 265/566/375 204/567/376 205/565/374
f 265/566/375 267/568/169 200/569/170 204/567/376
f 270/511/336 271/570/377 213/571/378 208/512/337
f 271/570/377 273/572/379 212/573/380 213/571/378
f 273/572/379 275/574/381 211/575/382 212/573/380
f 275/574/381 277/576/341 207/577/342 211/575/382
f 165/489/319 174/505/330 177/578/383 176/579/383 175/580/383 173/581/383 168/498/325
f 390/473/309 387/236/165 217/235/164 214/540/353 246/582/384 247/474/310
f 193/528/347 242/583/385 243/584/386 227/585/387 162/504/329 196/503/328
f 241/586/161 238/587/161 239/234/161 228/233/161 227/585/387 243/584/386
f 1713/588/293 1726/589/388 230/590/388 163/591/293
f 1726/589/388 1727/592/388 231/593/388 230/590/388
f 1727/592/388 1728/594/388 390/595/388 231/593/388
f 230/596/389 231/472/308 251/477/308 249/597/308 254/598/308 255/599/390
f 163/526/345 230/596/389 255/599/390 253/600/391 201/532/349 202/527/346
f 283/601/335 290/602/335 234/603/335 237/604/335
f 279/605/335 286/606/335 238/607/335 241/608/335
f 259/609/369 282/610/335 242/611/335 193/612/372
f 233/613/392 235/231/162 236/614/161
f 236/614/161 235/231/162 234/230/161
f 237/229/161 239/234/161 240/615/161
f 240/615/161 239/234/161 238/587/161
f 241/586/161 243/584/386 244/616/161
f 244/616/161 243/584/386 242/583/385
f 245/475/308 247/474/310 248/617/308
f 248/617/308 247/474/310 246/582/384
f 249/597/308 251/477/308 252/618/308
f 252/618/308 251/477/308 250/476/308
f 253/600/391 255/599/390 256/619/308
f 256/619/308 255/599/390 254/598/308
f 241/608/393 244/620/394 630/621/394 628/622/393 279/605/393
f 1767/623/395 1775/624/396 626/625/396 280/626/395
f 237/604/393 240/627/394 636/628/394 634/629/393 283/601/393
f 1769/630/395 1778/631/396 632/632/396 284/633/395
f 233/513/393 236/634/394 642/635/394 640/636/393 287/510/393
f 1771/637/395 1781/638/396 638/639/396 288/640/395
f 233/613/392 208/536/351 209/518/340 164/517/339 389/232/163 235/231/162
f 288/641/397 638/642/397 639/643/398 248/644/398 246/645/397
f 236/634/394 234/603/399 290/602/399 641/646/399 642/635/394
f 1779/647/400 1772/648/401 289/649/401 637/650/400
f 637/651/402 289/652/402 245/653/402 248/644/398 639/643/398
f 284/654/397 632/655/397 633/656/398 252/657/398 250/658/397
f 240/627/394 238/607/399 286/606/399 635/659/399 636/628/394
f 1776/660/400 1770/661/401 285/662/401 631/663/400
f 631/664/402 285/665/402 249/666/402 252/657/398 633/656/398
f 280/667/397 626/668/397 627/669/398 256/670/398 254/671/397
f 244/620/394 242/611/399 282/610/399 629/672/399 630/621/394
f 1773/673/400 1768/674/401 281/675/401 625/676/400
f 201/563/372 253/677/335 281/678/335 260/560/369
f 1753/679/403 1768/680/335 282/610/335 259/609/404
f 254/671/335 249/666/335 285/665/335 280/667/335
f 1767/681/335 1770/682/335 286/606/335 279/605/335
f 250/658/335 245/653/335 289/652/335 284/654/335
f 1769/683/335 1772/684/335 290/602/335 283/601/335
f 220/685/405 215/520/342 278/519/341 276/686/381
f 1765/687/406 1766/688/407 277/576/408 275/574/409
f 219/689/380 220/685/405 276/686/381 274/690/379
f 1764/691/410 1765/687/406 275/574/409 273/572/411
f 218/692/378 219/689/380 274/690/379 272/693/377
f 1763/694/412 1764/691/410 273/572/411 271/570/413
f 214/695/337 218/692/378 272/693/377 269/696/336
f 1762/697/414 1763/694/412 271/570/413 270/511/415
f 199/698/376 194/241/170 268/240/169 266/699/375
f 1755/700/416 1761/701/417 267/568/418 265/566/419
f 198/702/374 199/698/376 266/699/375 264/703/373
f 1759/704/420 1755/700/416 265/566/419 263/564/421
f 197/705/371 198/702/374 264/703/373 262/706/370
f 1758/707/422 1759/704/420 263/564/421 261/561/423
f 193/612/372 197/705/371 262/706/370 259/609/369
f 1753/708/403 1758/707/422 261/561/423 260/560/404
f 110/709/42 207/577/342 277/576/341 224/710/88
f 1757/711/424 1766/712/407 278/519/408 223/142/425
f 246/645/335 214/695/337 269/696/336 288/641/335
f 1771/713/335 1762/697/414 270/511/415 287/510/335
f 105/714/107 200/569/170 267/568/169 226/715/127
f 1754/716/426 1761/717/417 268/240/418 225/182/427
f 79/718/108 105/714/107 226/715/127 222/719/126
f 1756/720/126 1754/716/426 225/182/427 221/181/126
f 43/721/43 110/709/42 224/710/88 257/722/87
f 1760/723/87 1757/711/424 223/142/425 258/141/87
f 302/724/428 301/725/429 313/726/430 314/727/431
f 291/728/432 292/729/433 304/730/434 303/731/435
f 299/732/436 298/733/437 310/734/438 311/735/439
f 296/736/440 295/737/441 307/738/442 308/739/443
f 292/729/433 302/724/428 314/727/431 304/730/434
f 293/740/444 291/728/432 303/731/435 305/741/445
f 300/742/446 299/732/436 311/735/439 312/743/447
f 297/744/448 296/736/440 308/739/443 309/745/449
f 294/746/450 293/740/444 305/741/445 306/747/451
f 301/725/429 300/742/446 312/743/447 313/726/430
f 298/733/437 297/744/448 309/745/449 310/734/438
f 295/737/441 294/746/450 306/747/451 307/738/442
f 303/731/299 304/730/299 314/727/299 313/726/299 312/743/299 311/735/299 310/734/299 309/745/299 308/739/299 307/738/299 306/747/299 305/741/299
f 301/725/429 302/724/428 326/748/452 325/749/453
f 292/729/433 291/728/432 315/750/454 316/751/455
f 298/733/437 299/732/436 323/752/456 322/753/457
f 295/737/441 296/736/440 320/754/458 319/755/459
f 302/724/428 292/729/433 316/751/455 326/748/452
f 291/728/432 293/740/444 317/756/460 315/750/454
f 299/732/436 300/742/446 324/757/461 323/752/456
f 296/736/440 297/744/448 321/758/462 320/754/458
f 293/740/444 294/746/450 318/759/463 317/756/460
f 300/742/446 301/725/429 325/749/453 324/757/461
f 297/744/448 298/733/437 322/753/457 321/758/462
f 294/746/450 295/737/441 319/755/459 318/759/463
f 352/760/464 315/761/465 317/762/466 358/763/467
f 324/764/468 336/765/468 337/766/469 325/767/469
f 376/768/470 323/769/471 324/770/472 379/771/473
f 315/772/474 327/773/474 329/774/475 317/775/475
f 323/776/476 335/777/476 336/765/468 324/764/468
f 373/778/477 322/779/478 323/769/471 376/768/470
f 316/780/479 328/781/479 327/773/474 315/772/474
f 322/782/480 334/783/480 335/777/476 323/776/476
f 370/784/481 321/785/482 322/779/478 373/778/477
f 321/786/483 333/787/483 334/783/480 322/782/480
f 367/788/484 320/789/485 321/785/482 370/784/481
f 358/763/467 317/762/466 318/790/486 361/791/487
f 335/777/488 347/792/488 348/793/489 336/765/489
f 332/794/490 344/795/490 345/796/491 333/787/491
f 329/774/492 341/797/492 342/798/493 330/799/493
f 336/765/489 348/793/489 349/800/494 337/766/494
f 333/787/491 345/796/491 346/801/495 334/783/495
f 330/799/493 342/798/493 343/802/496 331/803/496
f 337/766/494 349/800/494 350/804/497 338/805/497
f 328/781/498 340/806/498 339/807/499 327/773/499
f 334/783/495 346/801/495 347/792/488 335/777/488
f 331/803/496 343/802/496 344/795/490 332/794/490
f 338/805/497 350/804/497 340/806/498 328/781/498
f 327/773/499 339/807/499 341/797/492 329/774/492
f 317/775/475 329/774/475 330/799/500 318/808/500
f 379/771/473 324/770/472 325/809/501 382/810/502
f 325/767/469 337/766/469 338/805/503 326/811/503
f 385/812/504 326/813/505 316/814/506 354/815/507
f 318/808/500 330/799/500 331/803/508 319/816/508
f 382/810/502 325/809/501 326/813/505 385/812/504
f 326/811/503 338/805/503 328/781/479 316/780/479
f 361/791/487 318/790/486 319/817/509 364/818/510
f 319/816/508 331/803/508 332/794/511 320/819/511
f 364/818/510 319/817/509 320/789/485 367/788/484
f 320/819/511 332/794/511 333/787/483 321/786/483
f 357/820/512 341/797/513 339/807/514 351/821/515
f 360/822/516 342/798/517 341/797/513 357/820/512
f 363/823/518 343/802/519 342/798/520 360/822/516
f 366/824/521 344/795/522 343/802/519 363/823/518
f 369/825/523 345/796/524 344/795/524 366/824/521
f 372/826/525 346/801/526 345/796/526 369/825/523
f 375/827/527 347/792/528 346/801/529 372/826/525
f 378/828/530 348/793/531 347/792/528 375/827/527
f 381/829/532 349/800/533 348/793/534 378/828/530
f 384/830/535 350/804/536 349/800/533 381/829/532
f 355/831/537 340/806/538 350/804/539 384/830/535
f 351/821/515 339/807/540 340/806/538 355/831/537
f 352/760/464 353/832/541 356/833/542 354/815/507
f 353/834/543 351/821/515 355/831/537 356/835/544
f 358/763/467 359/836/545 353/832/541 352/760/464
f 359/837/546 357/820/512 351/821/515 353/834/543
f 361/791/487 362/838/547 359/836/545 358/763/467
f 362/839/548 360/822/516 357/820/512 359/837/546
f 364/818/510 365/840/549 362/838/547 361/791/487
f 365/841/550 363/823/518 360/822/516 362/839/548
f 367/788/484 368/842/551 365/840/549 364/818/510
f 368/843/552 366/824/521 363/823/518 365/841/550
f 370/784/481 371/844/553 368/842/551 367/788/484
f 371/845/554 369/825/523 366/824/521 368/843/552
f 373/778/477 374/846/555 371/844/553 370/784/481
f 374/847/556 372/826/525 369/825/523 371/845/554
f 376/768/470 377/848/557 374/846/555 373/778/477
f 377/849/558 375/827/527 372/826/525 374/847/556
f 379/771/473 380/850/559 377/848/557 376/768/470
f 380/851/560 378/828/530 375/827/527 377/849/558
f 382/810/502 383/852/561 380/850/559 379/771/473
f 383/853/562 381/829/532 378/828/530 380/851/560
f 385/812/504 386/854/563 383/852/561 382/810/502
f 386/855/564 384/830/535 381/829/532 383/853/562
f 354/815/507 356/833/542 386/854/563 385/812/504
f 356/835/544 355/831/537 384/830/535 386/855/564
f 354/815/507 316/814/506 315/761/465 352/760/464
f 160/856/565 189/857/566 387/858/567 159/859/568
f 1729/860/569 1725/861/367 189/862/566 160/863/565
f 388/864/570 164/865/571 178/866/368 161/867/572
f 229/868/388 389/869/388 164/865/571 388/864/570
f 159/859/568 387/858/567 390/870/388 232/871/388
f 1730/872/388 1728/873/388 389/874/388 229/875/388
f 1732/876/573 1731/877/574 391/878/574 394/879/573
f 1733/880/388 1731/881/574 392/882/574 396/883/388
f 1729/884/575 1732/885/575 394/886/575 161/887/575
f 232/888/538 396/889/538 392/890/576 159/891/576
f 161/892/577 394/893/577 391/465/302 388/464/302
f 159/891/576 392/890/576 393/894/578 160/895/578
f 1773/896/400 1774/897/335 630/898/335 629/899/400
f 1774/897/335 1775/900/396 628/901/396 630/898/335
f 1776/902/400 1777/903/335 636/904/335 635/905/400
f 1777/903/335 1778/906/396 634/907/396 636/904/335
f 1779/908/400 1780/909/335 642/910/335 641/911/400
f 1780/909/335 1781/912/396 640/913/396 642/910/335
f 625/914/402 281/678/402 253/677/402 256/670/398 627/669/398
f 123/915/579 643/130/200 644/298/199 124/916/580
f 117/917/581 645/274/184 646/273/183 118/918/582
f 113/919/583 647/253/176 648/252/175 114/920/584
f 118/918/582 646/273/183 649/276/186 120/921/585
f 114/920/584 648/252/175 650/255/178 115/922/586
f 124/916/580 644/298/199 651/300/202 126/923/587
f 128/924/588 652/318/208 653/317/207 129/925/589
f 129/925/589 653/317/207 654/92/210 131/926/590
f 137/927/591 655/163/228 656/338/227 138/928/592
f 138/928/592 656/338/227 657/340/230 139/929/593
f 141/930/594 658/931/236 659/932/235 142/933/595
f 142/933/595 659/932/235 660/934/238 144/935/596
f 149/936/597 661/937/256 662/938/255 150/939/598
f 150/939/598 662/938/255 663/940/258 152/941/599
f 155/942/600 664/943/264 665/944/263 156/945/601
f 156/945/601 665/944/263 666/946/266 158/947/602
f 144/935/596 660/934/238 101/948/603 667/949/604
f 668/950/605 20/951/605 658/931/236 141/930/594
f 139/929/593 657/340/230 104/952/606 669/953/606
f 670/954/607 102/955/608 655/163/228 137/927/591
f 120/921/585 649/276/186 24/956/609 671/957/610
f 26/958/611 672/959/611 645/274/184 117/917/581
f 115/922/586 650/255/178 21/960/612 673/961/612
f 674/962/613 23/963/614 647/253/176 113/919/583
f 675/964/615 25/88/616 643/130/200 123/915/579
f 126/923/587 651/300/202 672/959/611 26/958/611
f 673/961/612 21/960/612 652/318/208 128/924/588
f 131/926/590 654/92/210 22/89/617 676/965/618
f 676/965/618 22/89/617 25/88/616 675/964/615
f 671/957/610 24/956/609 23/963/614 674/962/613
f 677/966/619 100/967/620 661/937/256 149/936/597
f 152/941/599 663/940/258 20/951/605 668/950/605
f 669/953/606 104/952/606 664/943/264 155/942/600
f 158/947/602 666/946/266 103/968/621 678/969/622
f 678/969/622 103/968/621 100/967/620 677/966/619
f 667/949/604 101/948/603 102/955/608 670/954/607
f 128/423/287 717/422/287 680/207/287 673/206/287
f 152/443/292 724/442/292 709/2/1 150/1/1
f 124/439/7 707/438/7 711/14/9 123/13/8
f 676/451/291 873/450/290 718/413/276 131/412/275
f 728/970/623 730/971/624 776/972/625 775/973/626
f 730/971/624 732/974/627 777/975/628 776/972/625
f 732/974/627 734/976/629 778/977/630 777/975/628
f 1735/978/335 736/979/631 779/980/632 1734/981/335
f 736/979/631 738/982/633 780/983/634 779/980/632
f 738/982/633 740/984/635 781/985/636 780/983/634
f 740/984/635 742/986/637 782/987/638 781/985/636
f 742/986/637 744/988/639 783/989/640 782/987/638
f 744/988/639 746/990/641 784/991/642 783/989/640
f 746/990/641 748/992/643 785/993/644 784/991/642
f 748/992/643 750/994/645 786/995/646 785/993/644
f 1737/996/388 752/997/647 787/998/648 1736/999/388
f 752/997/647 754/1000/649 788/1001/650 787/998/648
f 754/1000/649 756/1002/651 789/1003/652 788/1001/650
f 756/1002/651 758/1004/653 790/1005/654 789/1003/652
f 1737/1006/655 1739/1007/655 771/1008/656 752/1009/657
f 728/1010/658 759/1011/658 760/1012/659 730/1013/660
f 918/1014/661 919/1015/662 845/1016/662 844/1017/661
f 740/1018/663 738/1019/664 764/1020/665 765/1021/666
f 746/1022/667 768/1023/668 769/1024/669 748/1025/670
f 758/1026/671 756/1027/672 773/1028/673 774/1029/674
f 1735/1030/675 734/1031/676 762/1032/677 1738/1033/675
f 742/1034/678 766/1035/678 767/1036/679 744/1037/680
f 754/1038/681 752/1009/657 771/1008/656 772/1039/682
f 732/1040/683 730/1013/660 760/1012/659 761/1041/684
f 750/1042/685 748/1025/670 769/1024/669 770/1043/686
f 746/1022/667 744/1037/680 767/1036/679 768/1023/668
f 742/1034/678 740/1018/663 765/1021/666 766/1035/678
f 728/1010/658 758/1026/671 774/1029/674 759/1011/658
f 738/1019/664 736/1044/687 763/1045/688 764/1020/665
f 756/1027/672 754/1038/681 772/1039/682 773/1028/673
f 734/1031/676 732/1040/683 761/1041/684 762/1032/677
f 790/1005/654 758/1004/653 728/970/623 775/973/626
f 824/1046/689 823/1047/689 775/1048/689 776/1049/689
f 789/1050/627 837/1051/627 820/1052/627 804/1053/627
f 826/1054/689 825/1055/689 777/1056/689 778/1057/689
f 787/1058/623 835/1059/623 818/1060/623 802/1061/623
f 828/1062/689 827/1063/689 779/1064/689 780/1065/689
f 823/1066/303 838/1067/303 821/1068/303 822/1069/303
f 830/1070/689 829/1071/689 781/1072/689 782/1073/689
f 1736/1074/388 787/1075/648 802/1076/388 1743/1077/388
f 832/1078/689 831/1079/689 783/1080/689 784/1081/689
f 785/1082/651 833/1083/651 816/1084/651 800/1085/651
f 834/1086/689 833/1087/689 785/1088/689 786/1089/689
f 837/1090/690 836/1091/690 819/1092/690 820/1093/690
f 836/1094/689 835/1095/689 787/1096/689 788/1097/689
f 784/1098/642 785/1099/644 800/1100/691 799/1101/691
f 838/1102/689 837/1103/689 789/1104/689 790/1105/689
f 779/1106/639 827/1107/639 810/1108/639 794/1109/639
f 824/1110/649 776/1111/649 791/1112/649 807/1113/649
f 826/1114/653 778/1115/653 793/1116/653 809/1117/653
f 828/1118/624 780/1119/624 795/1120/624 811/1121/624
f 830/1122/629 782/1123/629 797/1124/629 813/1125/629
f 832/1126/633 784/1127/633 799/1128/633 815/1129/633
f 834/1130/637 786/1131/637 801/1132/637 817/1133/637
f 836/1134/641 788/1135/641 803/1136/641 819/1137/641
f 838/1138/645 790/1139/645 805/1140/645 821/1141/645
f 1740/1142/388 826/1143/388 809/1144/388 1744/1145/388
f 788/1146/650 789/1147/652 804/1148/692 803/1149/692
f 777/1150/635 825/1151/635 808/1152/635 792/1153/635
f 829/1154/692 828/1155/692 811/1156/692 812/1157/692
f 790/1158/654 775/1159/626 806/1160/538 805/1161/538
f 825/1162/691 824/1163/691 807/1164/691 808/1165/691
f 775/1166/631 823/1167/631 822/1168/631 806/1169/631
f 831/1170/538 830/1171/538 813/1172/538 814/1173/538
f 1734/1174/335 779/1175/632 794/1176/335 1742/1177/335
f 780/1178/634 781/1179/636 796/1180/690 795/1181/690
f 833/1182/693 832/1183/693 815/1184/693 816/1185/693
f 781/1186/643 829/1187/643 812/1188/643 796/1189/643
f 782/1190/638 783/1191/640 798/1192/303 797/1193/303
f 1741/1194/335 834/1195/335 817/1196/335 1745/1197/335
f 783/1198/647 831/1199/647 814/1200/647 798/1201/647
f 1744/1202/689 809/1203/689 793/1204/689 1742/1205/689
f 822/1206/689 821/1207/689 805/1208/689 806/1209/689
f 808/1210/689 807/1211/689 791/1212/689 792/1213/689
f 812/1214/689 811/1215/689 795/1216/689 796/1217/689
f 814/1218/689 813/1219/689 797/1220/689 798/1221/689
f 816/1222/689 815/1223/689 799/1224/689 800/1225/689
f 1745/1226/689 817/1227/689 801/1228/689 1743/1229/689
f 776/1230/625 777/1231/628 792/1232/693 791/1233/693
f 914/1234/689 913/1235/689 823/1047/689 824/1046/689
f 915/1236/689 914/1234/689 824/1046/689 825/1055/689
f 916/1237/689 915/1236/689 825/1055/689 826/1054/689
f 917/1238/689 916/1237/689 826/1054/689 1740/1239/689 827/1063/689
f 918/1240/689 917/1238/689 827/1063/689 828/1062/689
f 919/1241/689 918/1240/689 828/1062/689 829/1071/689
f 920/1242/689 919/1241/689 829/1071/689 830/1070/689
f 921/1243/689 920/1242/689 830/1070/689 831/1079/689
f 922/1244/689 921/1243/689 831/1079/689 832/1078/689
f 923/1245/689 922/1244/689 832/1078/689 833/1087/689
f 924/1246/689 923/1245/689 833/1087/689 834/1086/689
f 925/1247/689 924/1246/689 834/1086/689 1741/1248/689 835/1095/689
f 926/1249/689 925/1247/689 835/1095/689 836/1094/689
f 927/1250/689 926/1249/689 836/1094/689 837/1103/689
f 928/1251/689 927/1250/689 837/1103/689 838/1102/689
f 913/1235/689 928/1251/689 838/1102/689 823/1047/689
f 849/1252/694 850/1253/695 866/1254/695 865/1255/694
f 926/1256/696 927/1257/697 853/1258/697 852/1259/696
f 919/1015/662 920/1260/698 846/1261/698 845/1016/662
f 927/1257/697 928/1262/699 854/1263/699 853/1258/697
f 920/1260/698 921/1264/700 847/1265/700 846/1261/698
f 913/1266/701 914/1267/702 840/1268/702 839/1269/701
f 928/1262/699 913/1266/701 839/1269/701 854/1263/699
f 921/1264/700 922/1270/703 848/1271/703 847/1265/700
f 914/1267/702 915/1272/704 841/1273/704 840/1268/702
f 922/1270/703 923/1274/705 849/1252/705 848/1271/703
f 915/1272/704 916/1275/706 842/1276/706 841/1273/704
f 923/1274/705 924/1277/707 850/1253/707 849/1252/705
f 916/1275/706 917/1278/708 843/1279/708 842/1276/706
f 924/1277/707 925/1280/709 851/1281/709 850/1253/707
f 917/1278/708 918/1014/661 844/1017/661 843/1279/708
f 925/1280/709 926/1256/696 852/1259/696 851/1281/709
f 855/1282/689 856/1283/689 857/1284/689 858/1285/689 859/1286/689 860/1287/689 861/1288/689 862/1289/689 863/1290/689 864/1291/689 865/1255/689 866/1254/689 867/1292/689 868/1293/689 869/1294/689 870/1295/689
f 842/1276/710 843/1279/711 859/1286/711 858/1285/710
f 850/1253/695 851/1281/712 867/1292/712 866/1254/695
f 843/1279/711 844/1017/713 860/1287/713 859/1286/711
f 851/1281/712 852/1259/714 868/1293/714 867/1292/712
f 844/1017/713 845/1016/715 861/1288/715 860/1287/713
f 852/1259/714 853/1258/716 869/1294/716 868/1293/714
f 845/1016/715 846/1261/717 862/1289/717 861/1288/715
f 853/1258/716 854/1263/718 870/1295/718 869/1294/716
f 846/1261/717 847/1265/719 863/1290/719 862/1289/717
f 839/1269/720 840/1268/721 856/1283/721 855/1282/720
f 854/1263/718 839/1269/720 855/1282/720 870/1295/718
f 847/1265/719 848/1271/722 864/1291/722 863/1290/719
f 840/1268/721 841/1273/723 857/1284/723 856/1283/721
f 848/1271/722 849/1252/694 865/1255/694 864/1291/722
f 841/1273/723 842/1276/710 858/1285/710 857/1284/723
f 820/1296/689 819/1297/689 803/1298/689 804/1299/689
f 884/1300/724 890/1301/725 883/1302/726 881/1303/303
f 886/1304/727 885/1305/303 887/1306/728 891/1307/729
f 888/1308/730 892/1309/731 887/1306/728 885/1305/303
f 882/1310/732 881/1303/303 883/1302/726 889/1311/733
f 888/1308/730 885/1305/303 881/1303/303 882/1310/732
f 885/1305/303 886/1304/727 884/1300/724 881/1303/303
f 772/1039/682 771/1008/656 898/1312/734 15/1313/735
f 1739/1314/736 770/1043/686 893/1315/737 1746/1316/736
f 770/1043/686 769/1024/669 894/1317/738 893/1315/737
f 769/1024/669 768/1023/668 16/1318/739 894/1317/738
f 768/1023/668 767/1036/679 899/1319/740 16/1318/739
f 767/1036/679 766/1035/741 34/1320/742 899/1319/740
f 766/1035/741 765/1021/666 17/1321/743 34/1320/742
f 765/1021/666 764/1020/665 896/1322/744 17/1321/743
f 764/1020/665 763/1045/688 895/1323/745 896/1322/744
f 1738/1033/746 762/1032/677 18/1324/747 1752/1325/746
f 762/1032/677 761/1041/684 897/1326/748 18/1324/747
f 761/1041/684 760/1012/659 19/1327/749 897/1326/748
f 760/1012/659 759/1011/750 38/1328/751 19/1327/749
f 759/1011/750 774/1029/674 900/1329/752 38/1328/751
f 774/1029/674 773/1028/673 13/1330/753 900/1329/752
f 773/1028/673 772/1039/682 15/1313/735 13/1330/753
f 911/1331/754 905/1332/755 906/1333/756 903/1334/538
f 904/1335/757 903/1334/538 906/1333/756 912/1336/758
f 909/1337/759 902/1338/760 901/1339/761 910/1340/538
f 908/1341/762 910/1340/538 901/1339/761 907/1342/763
f 911/1331/754 903/1334/538 910/1340/538 908/1341/762
f 903/1334/538 904/1335/757 909/1337/759 910/1340/538
f 1748/1343/13 1702/189/131 2/45/18 936/28/13
f 930/21/13 42/34/14 1702/1344/131 1748/1345/13
f 763/1045/688 1738/1346/746 1752/1347/746 895/1323/745
f 771/1008/656 1739/1007/736 1746/1348/736 898/1312/734
f 818/1349/689 1745/1350/689 1743/1351/689 802/1352/689
f 810/1353/689 1744/1354/689 1742/1355/689 794/1356/689
f 835/1357/335 1741/1358/335 1745/1359/335 818/1360/335
f 778/1361/630 1734/1362/335 1742/1363/335 793/1364/335
f 827/1365/388 1740/1366/388 1744/1367/388 810/1368/388
f 786/1369/646 1736/1370/388 1743/1371/388 801/1372/388
f 736/1044/687 1735/1373/675 1738/1346/675 763/1045/688
f 750/1042/685 770/1043/686 1739/1314/655 1737/1374/655
f 750/994/645 1737/1375/388 1736/999/388 786/995/646
f 734/976/629 1735/1376/335 1734/981/335 778/977/630
f 160/1377/575 393/1378/575 1732/1379/575 1729/1380/575
f 395/1381/388 391/878/574 1731/877/574 1733/880/388
f 393/1382/573 392/882/574 1731/881/574 1732/1383/573
f 232/1384/388 390/595/388 1728/594/388 1730/1385/388
f 161/1386/572 178/559/368 1725/558/367 1729/1387/569
f 228/1388/388 389/874/388 1728/873/388 1727/1389/388
f 227/1390/388 228/1388/388 1727/1389/388 1726/1391/388
f 162/455/293 227/1390/388 1726/1391/388 1713/452/293
f 192/1392/366 189/862/566 1725/861/367 1724/1393/365
f 191/1394/364 192/1392/366 1724/1393/365 1723/1395/363
f 190/1396/362 191/1394/364 1723/1395/363 1722/1397/361
f 188/1398/301 190/1396/362 1722/1397/361 1721/1399/300
f 177/1400/360 174/454/295 1720/453/294 1719/1401/359
f 176/1402/358 177/1400/360 1719/1401/359 1718/1403/357
f 175/1404/356 176/1402/358 1718/1403/357 1717/1405/355
f 173/1406/298 175/1404/356 1717/1405/355 1716/1407/297
f 229/1408/344 395/1409/344 1733/1410/344 1730/1411/344
f 39/1412/23 172/1413/299 1715/1414/299 1704/1415/138
f 27/1416/63 168/1417/296 1714/1418/296 1703/1419/132
f 172/1413/299 188/1398/301 1721/1399/300 1715/1414/299
f 168/1417/296 173/1406/298 1716/1407/297 1714/1418/296
f 163/591/293 183/551/295 1720/550/294 1713/588/293
f 7/1420/240 145/157/239 1712/156/286 1711/1421/285
f 52/1422/243 7/1420/240 1711/1421/285 1708/1423/285
f 78/1424/246 77/1425/245 1705/1426/284 1710/1427/284
f 146/1428/249 78/1424/246 1710/1427/284 1709/1429/283
f 893/1430/24 39/1431/23 1704/1432/138 1746/1433/137
f 42/34/14 27/1434/63 1703/1435/132 1702/1344/131
f 54/1436/121 146/1428/120 1709/1429/118 1706/1437/118
f 66/1438/115 134/433/114 1712/432/105 1707/1439/105
f 18/1440/125 52/1441/124 1708/1442/33 1752/1443/33
f 64/1444/16 29/1445/136 1705/1446/25 1701/1447/17
f 11/40/15 934/32/13 1749/1448/13 1701/1449/17
f 933/1450/13 932/1451/13 1751/23/13 1750/37/13
f 932/1451/13 929/1452/13 1747/24/13 1751/23/13
f 639/1453/335 638/639/396 1781/638/396 1780/1454/335
f 637/650/400 639/1453/335 1780/1454/335 1779/647/400
f 633/1455/335 632/632/396 1778/631/396 1777/1456/335
f 631/663/400 633/1455/335 1777/1456/335 1776/660/400
f 627/1457/335 626/625/396 1775/624/396 1774/1458/335
f 625/676/400 627/1457/335 1774/1458/335 1773/673/400
f 257/722/87 224/710/425 1757/1459/424 1760/1460/87
f 222/719/126 226/715/427 1754/1461/426 1756/1462/126
f 226/715/427 267/568/418 1761/701/417 1754/1461/426
f 288/641/335 269/696/415 1762/1463/414 1771/1464/335
f 224/710/425 277/576/408 1766/688/407 1757/1459/424
f 259/609/404 262/706/423 1758/1465/422 1753/679/403
f 262/706/423 264/703/421 1759/1466/420 1758/1465/422
f 264/703/421 266/699/419 1755/1467/416 1759/1466/420
f 266/699/419 268/240/418 1761/717/417 1755/1467/416
f 269/696/415 272/693/413 1763/1468/412 1762/1463/414
f 272/693/413 274/690/411 1764/1469/410 1763/1468/412
f 274/690/411 276/686/409 1765/1470/406 1764/1469/410
f 276/686/409 278/519/408 1766/712/407 1765/1470/406
f 284/654/335 289/652/335 1772/1471/335 1769/1472/335
f 280/667/335 285/665/335 1770/1473/335 1767/1474/335
f 260/560/404 281/678/335 1768/1475/335 1753/708/403
f 629/899/400 282/1476/401 1768/1477/401 1773/896/400
f 635/905/400 286/1478/401 1770/1479/401 1776/902/400
f 641/911/400 290/1480/401 1772/1481/401 1779/908/400
f 287/1482/395 640/913/396 1781/912/396 1771/1483/395
f 283/1484/395 634/907/396 1778/906/396 1769/1485/395
f 279/1486/395 628/901/396 1775/900/396 1767/1487/395
usemtl Kirmizi
s off
f 951/1488/538 953/1489/538 955/1490/538 957/1491/538 958/1492/538 956/1493/538 954/1494/538 952/1495/538
f 941/1496/538 943/1497/538 944/1498/538 942/1499/538
f 945/1500/538 947/1501/538 948/1502/538 950/1503/538 949/1504/538 946/1505/538
f 984/1506/538 990/1507/538 992/1508/538 998/1509/538 1001/1510/538 1000/1511/538 999/1512/538 996/1513/538 995/1514/538 991/1515/538 994/1516/538 993/1517/538 997/1518/538 987/1519/538 986/1520/538 988/1521/538 989/1522/538 985/1523/538 983/1524/538
f 1012/1525/538 1013/1526/538 1026/1527/538 1029/1528/538 1030/1529/538 1023/1530/538 1024/1531/538 1038/1532/538 1037/1533/538 1034/1534/538 1032/1535/538 1014/1536/538 1011/1537/538 1005/1538/538
f 1002/1539/538 1004/1540/538 1005/1538/538 1011/1537/538 1010/1541/538 1009/1542/538 1008/1543/538 1007/1544/538 1006/1545/538 1003/1546/538
f 1510/1547/303 1508/1548/303 1507/1549/303 1509/1550/303
f 1500/1551/303 1498/1552/303 1496/1553/303 1494/1554/303 1493/1555/303 1495/1556/303 1497/1557/303 1499/1558/303
f 1015/1559/538 1018/1560/538 1020/1561/538 1021/1562/538 1025/1563/538 1027/1564/538 1035/1565/538 1033/1566/538 1022/1567/538 1019/1568/538 1017/1569/538 1014/1570/538
f 1016/1571/538 1032/1572/538 1036/1573/538 1035/1565/538 1027/1564/538 1031/1574/538 1028/1575/538
f 1039/1576/538 1041/1577/538 1042/1578/538 1045/1579/538 1043/1580/538 1044/1581/538 1046/1582/538 1048/1583/538 1054/1584/538 1057/1585/538 1056/1586/538 1055/1587/538 1052/1588/538 1051/1589/538 1047/1590/538 1050/1591/538 1049/1592/538 1053/1593/538 1040/1594/538
f 1059/1595/538 1065/1596/538 1066/1597/538 1067/1598/538 1069/1599/538 1070/1600/538 1071/1601/538 1072/1602/538 1062/1603/538 1061/1604/538 1063/1605/538 1064/1606/538 1068/1607/538 1060/1608/538 1058/1609/538
f 1085/1610/538 1087/1611/538 1088/1612/538 1086/1613/538
f 1074/1614/538 1076/1615/538 1078/1616/538 1080/1617/538 1082/1618/538 1084/1619/538 1083/1620/538 1081/1621/538 1079/1622/538 1077/1623/538 1075/1624/538 1073/1625/538
f 1090/1626/538 1098/1627/538 1102/1628/538 1092/1629/538 1089/1630/538 1097/1631/538 1099/1632/538 1113/1633/538 1116/1634/538 1118/1635/538 1115/1636/538 1109/1637/538 1105/1638/538 1103/1639/538 1106/1640/538 1110/1641/538 1112/1642/538 1117/1643/538 1114/1644/538 1108/1645/538 1107/1646/538 1104/1647/538 1101/1648/538 1100/1649/538 1111/1650/538 1094/1651/538 1093/1652/538 1095/1653/538 1096/1654/538 1091/1655/538
f 1119/1656/538 1122/1657/538 1123/1658/538 1121/1659/538 1124/1660/538 1126/1661/538 1127/1662/538 1125/1663/538 1128/1664/538 1129/1665/538 1130/1666/538 1120/1667/538
f 963/1668/538 959/1669/538 961/1670/538 966/1671/538
f 966/1671/538 961/1670/538 967/1672/538 970/1673/538
f 970/1673/538 967/1672/538 972/1674/538 973/1675/538
f 973/1675/538 972/1674/538 976/1676/538 977/1677/538
f 977/1677/538 976/1676/538 981/1678/538 980/1679/538
f 980/1679/538 981/1678/538 982/1680/538 978/1681/538
f 978/1681/538 982/1680/538 979/1682/538 975/1683/538
f 975/1683/538 979/1682/538 974/1684/538 971/1685/538
f 971/1685/538 974/1684/538 969/1686/538 968/1687/538
f 968/1687/538 969/1686/538 964/1688/538 965/1689/538
f 965/1689/538 964/1688/538 960/1690/538 962/1691/538
f 962/1691/538 960/1690/538 959/1669/538 963/1668/538
f 1521/1692/303 1522/1693/303 1524/1694/303 1526/1695/303 1528/1696/303 1527/1697/303 1525/1698/303 1523/1699/303
f 1511/1700/303 1512/1701/303 1514/1702/303 1513/1703/303
f 1515/1704/303 1516/1705/303 1519/1706/303 1520/1707/303 1518/1708/303 1517/1709/303
f 1554/1710/303 1553/1711/303 1555/1712/303 1559/1713/303 1558/1714/303 1556/1715/303 1557/1716/303 1567/1717/303 1563/1718/303 1564/1719/303 1561/1720/303 1565/1721/303 1566/1722/303 1569/1723/303 1570/1724/303 1571/1725/303 1568/1726/303 1562/1727/303 1560/1728/303
f 1582/1729/303 1575/1730/303 1581/1731/303 1584/1732/303 1602/1733/303 1604/1734/303 1607/1735/303 1608/1736/303 1594/1737/303 1593/1738/303 1600/1739/303 1599/1740/303 1596/1741/303 1583/1742/303
f 1572/1743/303 1573/1744/303 1576/1745/303 1577/1746/303 1578/1747/303 1579/1748/303 1580/1749/303 1581/1731/303 1575/1730/303 1574/1750/303
f 1585/1751/303 1584/1752/303 1587/1753/303 1589/1754/303 1592/1755/303 1603/1756/303 1605/1757/303 1597/1758/303 1595/1759/303 1591/1760/303 1590/1761/303 1588/1762/303
f 1586/1763/303 1598/1764/303 1601/1765/303 1597/1758/303 1605/1757/303 1606/1766/303 1602/1767/303
f 1609/1768/303 1610/1769/303 1623/1770/303 1619/1771/303 1620/1772/303 1617/1773/303 1621/1774/303 1622/1775/303 1625/1776/303 1626/1777/303 1627/1778/303 1624/1779/303 1618/1780/303 1616/1781/303 1614/1782/303 1613/1783/303 1615/1784/303 1612/1785/303 1611/1786/303
f 1629/1787/303 1628/1788/303 1630/1789/303 1638/1790/303 1634/1791/303 1633/1792/303 1631/1793/303 1632/1794/303 1642/1795/303 1641/1796/303 1640/1797/303 1639/1798/303 1637/1799/303 1636/1800/303 1635/1801/303
f 1655/1802/303 1656/1803/303 1658/1804/303 1657/1805/303
f 1644/1806/303 1643/1807/303 1645/1808/303 1647/1809/303 1649/1810/303 1651/1811/303 1653/1812/303 1654/1813/303 1652/1814/303 1650/1815/303 1648/1816/303 1646/1817/303
f 1660/1818/303 1661/1819/303 1666/1820/303 1665/1821/303 1663/1822/303 1664/1823/303 1681/1824/303 1670/1825/303 1671/1826/303 1674/1827/303 1677/1828/303 1678/1829/303 1684/1830/303 1687/1831/303 1682/1832/303 1680/1833/303 1676/1834/303 1673/1835/303 1675/1836/303 1679/1837/303 1685/1838/303 1688/1839/303 1686/1840/303 1683/1841/303 1669/1842/303 1667/1843/303 1659/1844/303 1662/1845/303 1672/1846/303 1668/1847/303
f 1689/1848/303 1690/1849/303 1700/1850/303 1699/1851/303 1698/1852/303 1695/1853/303 1697/1854/303 1696/1855/303 1694/1856/303 1691/1857/303 1693/1858/303 1692/1859/303
f 1533/1860/303 1536/1861/303 1531/1862/303 1529/1863/303
f 1536/1861/303 1540/1864/303 1537/1865/303 1531/1862/303
f 1540/1864/303 1543/1866/303 1542/1867/303 1537/1865/303
f 1543/1866/303 1547/1868/303 1546/1869/303 1542/1867/303
f 1547/1868/303 1550/1870/303 1551/1871/303 1546/1869/303
f 1550/1870/303 1548/1872/303 1552/1873/303 1551/1871/303
f 1548/1872/303 1545/1874/303 1549/1875/303 1552/1873/303
f 1545/1874/303 1541/1876/303 1544/1877/303 1549/1875/303
f 1541/1876/303 1538/1878/303 1539/1879/303 1544/1877/303
f 1538/1878/303 1535/1880/303 1534/1881/303 1539/1879/303
f 1535/1880/303 1532/1882/303 1530/1883/303 1534/1881/303
f 1532/1882/303 1533/1860/303 1529/1863/303 1530/1883/303
f 1040/1594/335 1053/1593/335 1623/1770/335 1610/1769/335
f 947/1501/764 1517/1709/764 1518/1708/764 948/1502/764
f 1053/1593/13 1049/1592/13 1619/1771/13 1623/1770/13
f 949/1504/765 1519/1706/765 1516/1705/765 946/1505/765
f 1054/1584/766 1048/1583/766 1618/1780/766 1624/1779/766
f 950/1503/335 1520/1707/335 1519/1706/335 949/1504/335
f 1052/1588/767 1055/1587/767 1625/1776/767 1622/1775/767
f 948/1502/768 1518/1708/768 1520/1707/768 950/1503/768
f 1055/1587/689 1056/1586/689 1626/1777/689 1625/1776/689
f 951/1488/689 952/1495/689 1522/1693/689 1521/1692/689
f 1056/1586/335 1057/1585/335 1627/1778/335 1626/1777/335
f 953/1489/388 951/1488/388 1521/1692/388 1523/1699/388
f 1057/1585/13 1054/1584/13 1624/1779/13 1627/1778/13
f 952/1495/335 954/1494/335 1524/1694/335 1522/1693/335
f 1058/1609/769 1628/1788/769 1629/1787/769 1059/1595/769
f 955/1490/770 953/1489/770 1523/1699/770 1525/1698/770
f 1060/1608/771 1630/1789/771 1628/1788/771 1058/1609/771
f 954/1494/772 956/1493/772 1526/1695/772 1524/1694/772
f 1062/1603/689 1632/1794/689 1631/1793/689 1061/1604/689
f 957/1491/388 955/1490/388 1525/1698/388 1527/1697/388
f 1061/1604/388 1631/1793/388 1633/1792/388 1063/1605/388
f 956/1493/335 958/1492/335 1528/1696/335 1526/1695/335
f 1063/1605/13 1633/1792/13 1634/1791/13 1064/1606/13
f 958/1492/13 957/1491/13 1527/1697/13 1528/1696/13
f 1059/1595/773 1629/1787/773 1635/1801/773 1065/1596/773
f 959/1669/774 960/1690/774 1530/1883/774 1529/1863/774
f 1065/1596/775 1635/1801/775 1636/1800/775 1066/1597/775
f 961/1670/776 959/1669/776 1529/1863/776 1531/1862/776
f 1066/1597/777 1636/1800/777 1637/1799/777 1067/1598/777
f 962/1691/778 963/1668/778 1533/1860/778 1532/1882/778
f 1068/1607/779 1638/1790/779 1630/1789/779 1060/1608/779
f 960/1690/780 964/1688/780 1534/1881/780 1530/1883/780
f 1067/1598/781 1637/1799/781 1639/1798/781 1069/1599/781
f 965/1689/782 962/1691/782 1532/1882/782 1535/1880/782
f 1064/1606/783 1634/1791/783 1638/1790/783 1068/1607/783
f 963/1668/784 966/1671/784 1536/1861/784 1533/1860/784
f 1069/1599/785 1639/1798/785 1640/1797/785 1070/1600/785
f 967/1672/786 961/1670/786 1531/1862/786 1537/1865/786
f 1070/1600/787 1640/1797/787 1641/1796/787 1071/1601/787
f 968/1687/788 965/1689/788 1535/1880/788 1538/1878/788
f 1072/1602/335 1642/1795/335 1632/1794/335 1062/1603/335
f 964/1688/789 969/1686/789 1539/1879/789 1534/1881/789
f 1071/1601/13 1641/1796/13 1642/1795/13 1072/1602/13
f 966/1671/790 970/1673/790 1540/1864/790 1536/1861/790
f 1074/1614/791 1073/1625/791 1643/1807/791 1644/1806/791
f 971/1685/792 968/1687/792 1538/1878/792 1541/1876/792
f 1073/1625/793 1075/1624/793 1645/1808/793 1643/1807/793
f 972/1674/794 967/1672/794 1537/1865/794 1542/1867/794
f 1076/1615/795 1074/1614/795 1644/1806/795 1646/1817/795
f 970/1673/796 973/1675/796 1543/1866/796 1540/1864/796
f 1075/1624/797 1077/1623/797 1647/1809/797 1645/1808/797
f 969/1686/798 974/1684/798 1544/1877/798 1539/1879/798
f 1078/1616/799 1076/1615/799 1646/1817/799 1648/1816/799
f 975/1683/800 971/1685/800 1541/1876/800 1545/1874/800
f 1077/1623/801 1079/1622/801 1649/1810/801 1647/1809/801
f 976/1676/802 972/1674/802 1542/1867/802 1546/1869/802
f 1080/1617/803 1078/1616/803 1648/1816/803 1650/1815/803
f 973/1675/804 977/1677/804 1547/1868/804 1543/1866/804
f 1079/1622/805 1081/1621/805 1651/1811/805 1649/1810/805
f 978/1681/806 975/1683/806 1545/1874/806 1548/1872/806
f 1082/1618/807 1080/1617/807 1650/1815/807 1652/1814/807
f 974/1684/808 979/1682/808 1549/1875/808 1544/1877/808
f 1081/1621/809 1083/1620/809 1653/1812/809 1651/1811/809
f 977/1677/810 980/1679/810 1550/1870/810 1547/1868/810
f 1084/1619/811 1082/1618/811 1652/1814/811 1654/1813/811
f 980/1679/812 978/1681/812 1548/1872/812 1550/1870/812
f 1083/1620/813 1084/1619/813 1654/1813/813 1653/1812/813
f 981/1678/814 976/1676/814 1546/1869/814 1551/1871/814
f 1086/1613/689 1656/1803/689 1655/1802/689 1085/1610/689
f 979/1682/815 982/1680/815 1552/1873/815 1549/1875/815
f 1085/1610/388 1655/1802/388 1657/1805/388 1087/1611/388
f 982/1680/816 981/1678/816 1551/1871/816 1552/1873/816
f 1088/1612/335 1658/1804/335 1656/1803/335 1086/1613/335
f 983/1524/817 1553/1711/817 1554/1710/817 984/1506/817
f 1087/1611/13 1657/1805/13 1658/1804/13 1088/1612/13
f 985/1523/818 1555/1712/818 1553/1711/818 983/1524/818
f 1091/1655/819 1661/1819/819 1660/1818/819 1090/1626/819
f 987/1519/689 1557/1716/689 1556/1715/689 986/1520/689
f 1092/1629/820 1662/1845/820 1659/1844/820 1089/1630/820
f 986/1520/388 1556/1715/388 1558/1714/388 988/1521/388
f 1094/1651/689 1664/1823/689 1663/1822/689 1093/1652/689
f 988/1521/13 1558/1714/13 1559/1713/13 989/1522/13
f 1093/1652/388 1663/1822/388 1665/1821/388 1095/1653/388
f 984/1506/821 1554/1710/821 1560/1728/821 990/1507/821
f 1095/1653/13 1665/1821/13 1666/1820/13 1096/1654/13
f 989/1522/822 1559/1713/822 1555/1712/822 985/1523/822
f 1089/1630/823 1659/1844/823 1667/1843/823 1097/1631/823
f 990/1507/824 1560/1728/824 1562/1727/824 992/1508/824
f 1090/1626/825 1660/1818/825 1668/1847/825 1098/1627/825
f 1096/1654/826 1666/1820/826 1661/1819/826 1091/1655/826
f 994/1516/827 1564/1719/827 1563/1718/827 993/1517/827
f 1097/1631/828 1667/1843/828 1669/1842/828 1099/1632/828
f 991/1515/829 1561/1720/829 1564/1719/829 994/1516/829
f 1101/1648/830 1671/1826/830 1670/1825/830 1100/1649/830
f 995/1514/831 1565/1721/831 1561/1720/831 991/1515/831
f 1098/1627/832 1668/1847/832 1672/1846/832 1102/1628/832
f 996/1513/833 1566/1722/833 1565/1721/833 995/1514/833
f 1102/1628/834 1672/1846/834 1662/1845/834 1092/1629/834
f 997/1518/335 1567/1717/335 1557/1716/335 987/1519/335
f 1104/1647/835 1674/1827/835 1671/1826/835 1101/1648/835
f 993/1517/13 1563/1718/13 1567/1717/13 997/1518/13
f 1105/1638/836 1675/1836/836 1673/1835/836 1103/1639/836
f 992/1508/837 1562/1727/837 1568/1726/837 998/1509/837
f 1103/1639/838 1673/1835/838 1676/1834/838 1106/1640/838
f 999/1512/839 1569/1723/839 1566/1722/839 996/1513/839
f 1107/1646/840 1677/1828/840 1674/1827/840 1104/1647/840
f 1000/1511/689 1570/1724/689 1569/1723/689 999/1512/689
f 1108/1645/841 1678/1829/841 1677/1828/841 1107/1646/841
f 1001/1510/335 1571/1725/335 1570/1724/335 1000/1511/335
f 1109/1637/842 1679/1837/842 1675/1836/842 1105/1638/842
f 998/1509/13 1568/1726/13 1571/1725/13 1001/1510/13
f 1106/1640/843 1676/1834/843 1680/1833/843 1110/1641/843
f 1003/1546/844 1573/1744/844 1572/1743/844 1002/1539/844
f 1111/1650/335 1681/1824/335 1664/1823/335 1094/1651/335
f 1002/1539/845 1572/1743/845 1574/1750/845 1004/1540/845
f 1100/1649/13 1670/1825/13 1681/1824/13 1111/1650/13
f 1004/1540/846 1574/1750/846 1575/1730/846 1005/1538/846
f 1110/1641/13 1680/1833/13 1682/1832/13 1112/1642/13
f 1006/1545/847 1576/1745/847 1573/1744/847 1003/1546/847
f 1099/1632/848 1669/1842/848 1683/1841/848 1113/1633/848
f 1007/1544/689 1577/1746/689 1576/1745/689 1006/1545/689
f 1114/1644/849 1684/1830/849 1678/1829/849 1108/1645/849
f 1008/1543/850 1578/1747/850 1577/1746/850 1007/1544/850
f 1115/1636/851 1685/1838/851 1679/1837/851 1109/1637/851
f 1009/1542/852 1579/1748/852 1578/1747/852 1008/1543/852
f 1113/1633/13 1683/1841/13 1686/1840/13 1116/1634/13
f 1010/1541/853 1580/1749/853 1579/1748/853 1009/1542/853
f 1117/1643/689 1687/1831/689 1684/1830/689 1114/1644/689
f 1011/1537/854 1581/1731/854 1580/1749/854 1010/1541/854
f 1112/1642/335 1682/1832/335 1687/1831/335 1117/1643/335
f 1005/1538/855 1575/1730/855 1582/1729/855 1012/1525/855
f 1118/1635/689 1688/1839/689 1685/1838/689 1115/1636/689
f 1012/1525/13 1582/1729/13 1583/1742/13 1013/1526/13
f 1116/1634/335 1686/1840/335 1688/1839/335 1118/1635/335
f 1014/1536/856 1584/1732/856 1581/1731/856 1011/1537/856
f 1120/1667/689 1690/1849/689 1689/1848/689 1119/1656/689
f 1016/1884/13 1015/1885/13 1585/1886/13 1586/1887/13
f 1119/1656/388 1689/1848/388 1692/1859/388 1122/1657/388
f 1017/1569/857 1587/1753/857 1584/1752/857 1014/1570/857
f 1123/1658/335 1693/1858/335 1691/1857/335 1121/1659/335
f 1015/1559/858 1585/1751/858 1588/1762/858 1018/1560/858
f 1122/1657/13 1692/1859/13 1693/1858/13 1123/1658/13
f 1019/1568/859 1589/1754/859 1587/1753/859 1017/1569/859
f 1121/1659/13 1691/1857/13 1694/1856/13 1124/1660/13
f 1018/1560/860 1588/1762/860 1590/1761/860 1020/1561/860
f 1124/1660/388 1694/1856/388 1696/1855/388 1126/1661/388
f 1020/1561/861 1590/1761/861 1591/1760/861 1021/1562/861
f 1127/1662/335 1697/1854/335 1695/1853/335 1125/1663/335
f 1022/1567/862 1592/1755/862 1589/1754/862 1019/1568/862
f 1126/1661/13 1696/1855/13 1697/1854/13 1127/1662/13
f 1023/1530/13 1593/1738/13 1594/1737/13 1024/1531/13
f 1125/1663/13 1695/1853/13 1698/1852/13 1128/1664/13
f 1021/1562/863 1591/1760/863 1595/1759/863 1025/1563/863
f 1128/1664/388 1698/1852/388 1699/1851/388 1129/1665/388
f 1013/1526/864 1583/1742/864 1596/1741/864 1026/1527/864
f 1130/1666/335 1700/1850/335 1690/1849/335 1120/1667/335
f 1025/1563/865 1595/1759/865 1597/1758/865 1027/1564/865
f 1129/1665/13 1699/1851/13 1700/1850/13 1130/1666/13
f 1028/1575/866 1598/1764/866 1586/1763/866 1016/1571/866
f 1026/1527/867 1596/1741/867 1599/1740/867 1029/1528/867
f 1030/1529/868 1600/1739/868 1593/1738/868 1023/1530/868
f 1029/1528/869 1599/1740/869 1600/1739/869 1030/1529/869
f 1027/1564/870 1597/1758/870 1601/1765/870 1031/1574/870
f 1032/1535/871 1602/1733/871 1584/1732/871 1014/1536/871
f 1031/1574/872 1601/1765/872 1598/1764/872 1028/1575/872
f 1033/1566/873 1603/1756/873 1592/1755/873 1022/1567/873
f 1034/1534/874 1604/1734/874 1602/1733/874 1032/1535/874
f 1014/1570/13 1584/1752/13 1585/1751/13 1015/1559/13
f 1035/1565/875 1605/1757/875 1603/1756/875 1033/1566/875
f 1032/1572/876 1602/1767/876 1606/1766/876 1036/1573/876
f 1016/1571/877 1586/1763/877 1602/1767/877 1032/1572/877
f 1037/1533/878 1607/1735/878 1604/1734/878 1034/1534/878
f 1045/1579/822 1042/1578/822 1612/1785/822 1615/1784/822
f 1024/1531/879 1594/1737/879 1608/1736/879 1038/1532/879
f 1036/1573/880 1606/1766/880 1605/1757/880 1035/1565/880
f 1038/1532/881 1608/1736/881 1607/1735/881 1037/1533/881
f 1039/1576/689 1040/1594/689 1610/1769/689 1609/1768/689
f 1041/1577/388 1039/1576/388 1609/1768/388 1611/1786/388
f 1042/1578/13 1041/1577/13 1611/1786/13 1612/1785/13
f 1044/1581/882 1043/1580/882 1613/1783/882 1614/1782/882
f 1043/1580/818 1045/1579/818 1615/1784/818 1613/1783/818
f 1046/1582/883 1044/1581/883 1614/1782/883 1616/1781/883
f 942/1499/689 1512/1701/689 1511/1700/689 941/1496/689
f 1048/1583/884 1046/1582/884 1616/1781/884 1618/1780/884
f 941/1496/388 1511/1700/388 1513/1703/388 943/1497/388
f 1049/1592/827 1050/1591/827 1620/1772/827 1619/1771/827
f 944/1498/335 1514/1702/335 1512/1701/335 942/1499/335
f 1050/1591/829 1047/1590/829 1617/1773/829 1620/1772/829
f 943/1497/13 1513/1703/13 1514/1702/13 944/1498/13
f 1047/1590/831 1051/1589/831 1621/1774/831 1617/1773/831
f 946/1505/885 1516/1705/885 1515/1704/885 945/1500/885
f 1051/1589/833 1052/1588/833 1622/1775/833 1621/1774/833
f 945/1500/388 1515/1704/388 1517/1709/388 947/1501/388
f 1506/1888/303 1504/1889/303 1503/1890/303 1501/1891/303 1502/1892/303 1505/1893/303
f 1467/1894/303 1461/1895/303 1459/1896/303 1453/1897/303 1450/1898/303 1451/1899/303 1452/1900/303 1455/1901/303 1456/1902/303 1460/1903/303 1457/1904/303 1458/1905/303 1454/1906/303 1464/1907/303 1465/1908/303 1463/1909/303 1462/1910/303 1466/1911/303 1468/1912/303
f 1439/1913/303 1438/1914/303 1425/1915/303 1422/1916/303 1421/1917/303 1428/1918/303 1427/1919/303 1413/1920/303 1414/1921/303 1417/1922/303 1419/1923/303 1437/1924/303 1440/1925/303 1446/1926/303
f 1449/1927/303 1447/1928/303 1446/1926/303 1440/1925/303 1441/1929/303 1442/1930/303 1443/1931/303 1444/1932/303 1445/1933/303 1448/1934/303
f 1436/1935/303 1433/1936/303 1431/1937/303 1430/1938/303 1426/1939/303 1424/1940/303 1416/1941/303 1418/1942/303 1429/1943/303 1432/1944/303 1434/1945/303 1437/1946/303
f 1435/1947/303 1419/1948/303 1415/1949/303 1416/1941/303 1424/1940/303 1420/1950/303 1423/1951/303
f 1412/1952/303 1410/1953/303 1409/1954/303 1406/1955/303 1408/1956/303 1407/1957/303 1405/1958/303 1403/1959/303 1397/1960/303 1394/1961/303 1395/1962/303 1396/1963/303 1399/1964/303 1400/1965/303 1404/1966/303 1401/1967/303 1402/1968/303 1398/1969/303 1411/1970/303
f 1392/1971/303 1386/1972/303 1385/1973/303 1384/1974/303 1382/1975/303 1381/1976/303 1380/1977/303 1379/1978/303 1389/1979/303 1390/1980/303 1388/1981/303 1387/1982/303 1383/1983/303 1391/1984/303 1393/1985/303
f 1366/1986/303 1364/1987/303 1363/1988/303 1365/1989/303
f 1377/1990/303 1375/1991/303 1373/1992/303 1371/1993/303 1369/1994/303 1367/1995/303 1368/1996/303 1370/1997/303 1372/1998/303 1374/1999/303 1376/2000/303 1378/2001/303
f 1361/2002/303 1353/2003/303 1349/2004/303 1359/2005/303 1362/2006/303 1354/2007/303 1352/2008/303 1338/2009/303 1335/2010/303 1333/2011/303 1336/2012/303 1342/2013/303 1346/2014/303 1348/2015/303 1345/2016/303 1341/2017/303 1339/2018/303 1334/2019/303 1337/2020/303 1343/2021/303 1344/2022/303 1347/2023/303 1350/2024/303 1351/2025/303 1340/2026/303 1357/2027/303 1358/2028/303 1356/2029/303 1355/2030/303 1360/2031/303
f 1332/2032/303 1329/2033/303 1328/2034/303 1330/2035/303 1327/2036/303 1325/2037/303 1324/2038/303 1326/2039/303 1323/2040/303 1322/2041/303 1321/2042/303 1331/2043/303
f 1488/2044/303 1492/2045/303 1490/2046/303 1485/2047/303
f 1485/2047/303 1490/2046/303 1484/2048/303 1481/2049/303
f 1481/2049/303 1484/2048/303 1479/2050/303 1478/2051/303
f 1478/2051/303 1479/2050/303 1475/2052/303 1474/2053/303
f 1474/2053/303 1475/2052/303 1470/2054/303 1471/2055/303
f 1471/2055/303 1470/2054/303 1469/2056/303 1473/2057/303
f 1473/2057/303 1469/2056/303 1472/2058/303 1476/2059/303
f 1476/2059/303 1472/2058/303 1477/2060/303 1480/2061/303
f 1480/2061/303 1477/2060/303 1482/2062/303 1483/2063/303
f 1483/2063/303 1482/2062/303 1487/2064/303 1486/2065/303
f 1486/2065/303 1487/2064/303 1491/2066/303 1489/2067/303
f 1489/2067/303 1491/2066/303 1492/2045/303 1488/2044/303
f 1310/2068/538 1309/2069/538 1307/2070/538 1305/2071/538 1303/2072/538 1304/2073/538 1306/2074/538 1308/2075/538
f 1320/2076/538 1319/2077/538 1317/2078/538 1318/2079/538
f 1316/2080/538 1315/2081/538 1312/2082/538 1311/2083/538 1313/2084/538 1314/2085/538
f 1277/2086/538 1278/2087/538 1276/2088/538 1272/2089/538 1273/2090/538 1275/2091/538 1274/2092/538 1264/2093/538 1268/2094/538 1267/2095/538 1270/2096/538 1266/2097/538 1265/2098/538 1262/2099/538 1261/2100/538 1260/2101/538 1263/2102/538 1269/2103/538 1271/2104/538
f 1249/2105/538 1256/2106/538 1250/2107/538 1247/2108/538 1229/2109/538 1227/2110/538 1224/2111/538 1223/2112/538 1237/2113/538 1238/2114/538 1231/2115/538 1232/2116/538 1235/2117/538 1248/2118/538
f 1259/2119/538 1258/2120/538 1255/2121/538 1254/2122/538 1253/2123/538 1252/2124/538 1251/2125/538 1250/2107/538 1256/2106/538 1257/2126/538
f 1246/2127/538 1247/2128/538 1244/2129/538 1242/2130/538 1239/2131/538 1228/2132/538 1226/2133/538 1234/2134/538 1236/2135/538 1240/2136/538 1241/2137/538 1243/2138/538
f 1245/2139/538 1233/2140/538 1230/2141/538 1234/2134/538 1226/2133/538 1225/2142/538 1229/2143/538
f 1222/2144/538 1221/2145/538 1208/2146/538 1212/2147/538 1211/2148/538 1214/2149/538 1210/2150/538 1209/2151/538 1206/2152/538 1205/2153/538 1204/2154/538 1207/2155/538 1213/2156/538 1215/2157/538 1217/2158/538 1218/2159/538 1216/2160/538 1219/2161/538 1220/2162/538
f 1202/2163/538 1203/2164/538 1201/2165/538 1193/2166/538 1197/2167/538 1198/2168/538 1200/2169/538 1199/2170/538 1189/2171/538 1190/2172/538 1191/2173/538 1192/2174/538 1194/2175/538 1195/2176/538 1196/2177/538
f 1176/2178/538 1175/2179/538 1173/2180/538 1174/2181/538
f 1187/2182/538 1188/2183/538 1186/2184/538 1184/2185/538 1182/2186/538 1180/2187/538 1178/2188/538 1177/2189/538 1179/2190/538 1181/2191/538 1183/2192/538 1185/2193/538
f 1171/2194/538 1170/2195/538 1165/2196/538 1166/2197/538 1168/2198/538 1167/2199/538 1150/2200/538 1161/2201/538 1160/2202/538 1157/2203/538 1154/2204/538 1153/2205/538 1147/2206/538 1144/2207/538 1149/2208/538 1151/2209/538 1155/2210/538 1158/2211/538 1156/2212/538 1152/2213/538 1146/2214/538 1143/2215/538 1145/2216/538 1148/2217/538 1162/2218/538 1164/2219/538 1172/2220/538 1169/2221/538 1159/2222/538 1163/2223/538
f 1142/2224/538 1141/2225/538 1131/2226/538 1132/2227/538 1133/2228/538 1136/2229/538 1134/2230/538 1135/2231/538 1137/2232/538 1140/2233/538 1138/2234/538 1139/2235/538
f 1298/2236/538 1295/2237/538 1300/2238/538 1302/2239/538
f 1295/2237/538 1291/2240/538 1294/2241/538 1300/2238/538
f 1291/2240/538 1288/2242/538 1289/2243/538 1294/2241/538
f 1288/2242/538 1284/2244/538 1285/2245/538 1289/2243/538
f 1284/2244/538 1281/2246/538 1280/2247/538 1285/2245/538
f 1281/2246/538 1283/2248/538 1279/2249/538 1280/2247/538
f 1283/2248/538 1286/2250/538 1282/2251/538 1279/2249/538
f 1286/2250/538 1290/2252/538 1287/2253/538 1282/2251/538
f 1290/2252/538 1293/2254/538 1292/2255/538 1287/2253/538
f 1293/2254/538 1296/2256/538 1297/2257/538 1292/2255/538
f 1296/2256/538 1299/2258/538 1301/2259/538 1297/2257/538
f 1299/2258/538 1298/2236/538 1302/2239/538 1301/2259/538
f 1411/1970/335 1398/1969/335 1208/2146/335 1221/2145/335
f 1504/1889/886 1314/2085/886 1313/2084/886 1503/1890/886
f 1398/1969/689 1402/1968/689 1212/2147/689 1208/2146/689
f 1502/1892/887 1312/2082/887 1315/2081/887 1505/1893/887
f 1397/1960/888 1403/1959/888 1213/2156/888 1207/2155/888
f 1501/1891/335 1311/2083/335 1312/2082/335 1502/1892/335
f 1399/1964/889 1396/1963/889 1206/2152/889 1209/2151/889
f 1503/1890/890 1313/2084/890 1311/2083/890 1501/1891/890
f 1396/1963/13 1395/1962/13 1205/2153/13 1206/2152/13
f 1500/1551/13 1499/1558/13 1309/2069/13 1310/2068/13
f 1395/1962/335 1394/1961/335 1204/2154/335 1205/2153/335
f 1498/1552/388 1500/1551/388 1310/2068/388 1308/2075/388
f 1394/1961/689 1397/1960/689 1207/2155/689 1204/2154/689
f 1499/1558/335 1497/1557/335 1307/2070/335 1309/2069/335
f 1393/1985/891 1203/2164/891 1202/2163/891 1392/1971/891
f 1496/1553/892 1498/1552/892 1308/2075/892 1306/2074/892
f 1391/1984/893 1201/2165/893 1203/2164/893 1393/1985/893
f 1497/1557/894 1495/1556/894 1305/2071/894 1307/2070/894
f 1389/1979/13 1199/2170/13 1200/2169/13 1390/1980/13
f 1494/1554/388 1496/1553/388 1306/2074/388 1304/2073/388
f 1390/1980/388 1200/2169/388 1198/2168/388 1388/1981/388
f 1495/1556/335 1493/1555/335 1303/2072/335 1305/2071/335
f 1388/1981/689 1198/2168/689 1197/2167/689 1387/1982/689
f 1493/1555/689 1494/1554/689 1304/2073/689 1303/2072/689
f 1392/1971/895 1202/2163/895 1196/2177/895 1386/1972/895
f 1492/2045/896 1491/2066/896 1301/2259/896 1302/2239/896
f 1386/1972/897 1196/2177/897 1195/2176/897 1385/1973/897
f 1490/2046/898 1492/2045/898 1302/2239/898 1300/2238/898
f 1385/1973/899 1195/2176/899 1194/2175/899 1384/1974/899
f 1489/2067/900 1488/2044/900 1298/2236/900 1299/2258/900
f 1383/1983/901 1193/2166/901 1201/2165/901 1391/1984/901
f 1491/2066/902 1487/2064/902 1297/2257/902 1301/2259/902
f 1384/1974/903 1194/2175/903 1192/2174/903 1382/1975/903
f 1486/2065/904 1489/2067/904 1299/2258/904 1296/2256/904
f 1387/1982/905 1197/2167/905 1193/2166/905 1383/1983/905
f 1488/2044/906 1485/2047/906 1295/2237/906 1298/2236/906
f 1382/1975/907 1192/2174/907 1191/2173/907 1381/1976/907
f 1484/2048/908 1490/2046/908 1300/2238/908 1294/2241/908
f 1381/1976/909 1191/2173/909 1190/2172/909 1380/1977/909
f 1483/2063/910 1486/2065/910 1296/2256/910 1293/2254/910
f 1379/1978/335 1189/2171/335 1199/2170/335 1389/1979/335
f 1487/2064/911 1482/2062/911 1292/2255/911 1297/2257/911
f 1380/1977/689 1190/2172/689 1189/2171/689 1379/1978/689
f 1485/2047/912 1481/2049/912 1291/2240/912 1295/2237/912
f 1377/1990/913 1378/2001/913 1188/2183/913 1187/2182/913
f 1480/2061/914 1483/2063/914 1293/2254/914 1290/2252/914
f 1378/2001/915 1376/2000/915 1186/2184/915 1188/2183/915
f 1479/2050/916 1484/2048/916 1294/2241/916 1289/2243/916
f 1375/1991/917 1377/1990/917 1187/2182/917 1185/2193/917
f 1481/2049/918 1478/2051/918 1288/2242/918 1291/2240/918
f 1376/2000/919 1374/1999/919 1184/2185/919 1186/2184/919
f 1482/2062/920 1477/2060/920 1287/2253/920 1292/2255/920
f 1373/1992/921 1375/1991/921 1185/2193/921 1183/2192/921
f 1476/2059/922 1480/2061/922 1290/2252/922 1286/2250/922
f 1374/1999/923 1372/1998/923 1182/2186/923 1184/2185/923
f 1475/2052/924 1479/2050/924 1289/2243/924 1285/2245/924
f 1371/1993/925 1373/1992/925 1183/2192/925 1181/2191/925
f 1478/2051/926 1474/2053/926 1284/2244/926 1288/2242/926
f 1372/1998/927 1370/1997/927 1180/2187/927 1182/2186/927
f 1473/2057/928 1476/2059/928 1286/2250/928 1283/2248/928
f 1369/1994/929 1371/1993/929 1181/2191/929 1179/2190/929
f 1477/2060/930 1472/2058/930 1282/2251/930 1287/2253/930
f 1370/1997/931 1368/1996/931 1178/2188/931 1180/2187/931
f 1474/2053/932 1471/2055/932 1281/2246/932 1284/2244/932
f 1367/1995/933 1369/1994/933 1179/2190/933 1177/2189/933
f 1471/2055/934 1473/2057/934 1283/2248/934 1281/2246/934
f 1368/1996/935 1367/1995/935 1177/2189/935 1178/2188/935
f 1470/2054/936 1475/2052/936 1285/2245/936 1280/2247/936
f 1365/1989/13 1175/2179/13 1176/2178/13 1366/1986/13
f 1472/2058/937 1469/2056/937 1279/2249/937 1282/2251/937
f 1366/1986/388 1176/2178/388 1174/2181/388 1364/1987/388
f 1469/2056/938 1470/2054/938 1280/2247/938 1279/2249/938
f 1363/1988/335 1173/2180/335 1175/2179/335 1365/1989/335
f 1468/1912/939 1278/2087/939 1277/2086/939 1467/1894/939
f 1364/1987/689 1174/2181/689 1173/2180/689 1363/1988/689
f 1466/1911/940 1276/2088/940 1278/2087/940 1468/1912/940
f 1360/2031/941 1170/2195/941 1171/2194/941 1361/2002/941
f 1464/1907/13 1274/2092/13 1275/2091/13 1465/1908/13
f 1359/2005/942 1169/2221/942 1172/2220/942 1362/2006/942
f 1465/1908/388 1275/2091/388 1273/2090/388 1463/1909/388
f 1357/2027/13 1167/2199/13 1168/2198/13 1358/2028/13
f 1463/1909/689 1273/2090/689 1272/2089/689 1462/1910/689
f 1358/2028/388 1168/2198/388 1166/2197/388 1356/2029/388
f 1467/1894/943 1277/2086/943 1271/2104/943 1461/1895/943
f 1356/2029/689 1166/2197/689 1165/2196/689 1355/2030/689
f 1462/1910/944 1272/2089/944 1276/2088/944 1466/1911/944
f 1362/2006/945 1172/2220/945 1164/2219/945 1354/2007/945
f 1461/1895/946 1271/2104/946 1269/2103/946 1459/1896/946
f 1361/2002/947 1171/2194/947 1163/2223/947 1353/2003/947
f 1355/2030/948 1165/2196/948 1170/2195/948 1360/2031/948
f 1457/1904/949 1267/2095/949 1268/2094/949 1458/1905/949
f 1354/2007/950 1164/2219/950 1162/2218/950 1352/2008/950
f 1460/1903/951 1270/2096/951 1267/2095/951 1457/1904/951
f 1350/2024/952 1160/2202/952 1161/2201/952 1351/2025/952
f 1456/1902/953 1266/2097/953 1270/2096/953 1460/1903/953
f 1353/2003/954 1163/2223/954 1159/2222/954 1349/2004/954
f 1455/1901/955 1265/2098/955 1266/2097/955 1456/1902/955
f 1349/2004/956 1159/2222/956 1169/2221/956 1359/2005/956
f 1454/1906/335 1264/2093/335 1274/2092/335 1464/1907/335
f 1347/2023/957 1157/2203/957 1160/2202/957 1350/2024/957
f 1458/1905/689 1268/2094/689 1264/2093/689 1454/1906/689
f 1346/2014/958 1156/2212/958 1158/2211/958 1348/2015/958
f 1459/1896/959 1269/2103/959 1263/2102/959 1453/1897/959
f 1348/2015/960 1158/2211/960 1155/2210/960 1345/2016/960
f 1452/1900/889 1262/2099/889 1265/2098/889 1455/1901/889
f 1344/2022/961 1154/2204/961 1157/2203/961 1347/2023/961
f 1451/1899/13 1261/2100/13 1262/2099/13 1452/1900/13
f 1343/2021/962 1153/2205/962 1154/2204/962 1344/2022/962
f 1450/1898/335 1260/2101/335 1261/2100/335 1451/1899/335
f 1342/2013/963 1152/2213/963 1156/2212/963 1346/2014/963
f 1453/1897/689 1263/2102/689 1260/2101/689 1450/1898/689
f 1345/2016/964 1155/2210/964 1151/2209/964 1341/2017/964
f 1448/1934/965 1258/2120/965 1259/2119/965 1449/1927/965
f 1340/2026/335 1150/2200/335 1167/2199/335 1357/2027/335
f 1449/1927/966 1259/2119/966 1257/2126/966 1447/1928/966
f 1351/2025/689 1161/2201/689 1150/2200/689 1340/2026/689
f 1447/1928/967 1257/2126/967 1256/2106/967 1446/1926/967
f 1341/2017/689 1151/2209/689 1149/2208/689 1339/2018/689
f 1445/1933/968 1255/2121/968 1258/2120/968 1448/1934/968
f 1352/2008/969 1162/2218/969 1148/2217/969 1338/2009/969
f 1444/1932/13 1254/2122/13 1255/2121/13 1445/1933/13
f 1337/2020/970 1147/2206/970 1153/2205/970 1343/2021/970
f 1443/1931/971 1253/2123/971 1254/2122/971 1444/1932/971
f 1336/2012/972 1146/2214/972 1152/2213/972 1342/2013/972
f 1442/1930/973 1252/2124/973 1253/2123/973 1443/1931/973
f 1338/2009/689 1148/2217/689 1145/2216/689 1335/2010/689
f 1441/1929/974 1251/2125/974 1252/2124/974 1442/1930/974
f 1334/2019/13 1144/2207/13 1147/2206/13 1337/2020/13
f 1440/1925/975 1250/2107/975 1251/2125/975 1441/1929/975
f 1339/2018/335 1149/2208/335 1144/2207/335 1334/2019/335
f 1446/1926/976 1256/2106/976 1249/2105/976 1439/1913/976
f 1333/2011/13 1143/2215/13 1146/2214/13 1336/2012/13
f 1439/1913/689 1249/2105/689 1248/2118/689 1438/1914/689
f 1335/2010/335 1145/2216/335 1143/2215/335 1333/2011/335
f 1437/1924/977 1247/2108/977 1250/2107/977 1440/1925/977
f 1331/2043/13 1141/2225/13 1142/2224/13 1332/2032/13
f 1435/2260/13 1245/2261/13 1246/2262/13 1436/2263/13
f 1332/2032/388 1142/2224/388 1139/2235/388 1329/2033/388
f 1434/1945/978 1244/2129/978 1247/2128/978 1437/1946/978
f 1328/2034/335 1138/2234/335 1140/2233/335 1330/2035/335
f 1436/1935/979 1246/2127/979 1243/2138/979 1433/1936/979
f 1329/2033/689 1139/2235/689 1138/2234/689 1328/2034/689
f 1432/1944/980 1242/2130/980 1244/2129/980 1434/1945/980
f 1330/2035/689 1140/2233/689 1137/2232/689 1327/2036/689
f 1433/1936/981 1243/2138/981 1241/2137/981 1431/1937/981
f 1327/2036/388 1137/2232/388 1135/2231/388 1325/2037/388
f 1431/1937/982 1241/2137/982 1240/2136/982 1430/1938/982
f 1324/2038/335 1134/2230/335 1136/2229/335 1326/2039/335
f 1429/1943/983 1239/2131/983 1242/2130/983 1432/1944/983
f 1325/2037/689 1135/2231/689 1134/2230/689 1324/2038/689
f 1428/1918/689 1238/2114/689 1237/2113/689 1427/1919/689
f 1326/2039/689 1136/2229/689 1133/2228/689 1323/2040/689
f 1430/1938/984 1240/2136/984 1236/2135/984 1426/1939/984
f 1323/2040/388 1133/2228/388 1132/2227/388 1322/2041/388
f 1438/1914/985 1248/2118/985 1235/2117/985 1425/1915/985
f 1321/2042/335 1131/2226/335 1141/2225/335 1331/2043/335
f 1426/1939/986 1236/2135/986 1234/2134/986 1424/1940/986
f 1322/2041/689 1132/2227/689 1131/2226/689 1321/2042/689
f 1423/1951/987 1233/2140/987 1245/2139/987 1435/1947/987
f 1425/1915/988 1235/2117/988 1232/2116/988 1422/1916/988
f 1421/1917/989 1231/2115/989 1238/2114/989 1428/1918/989
f 1422/1916/990 1232/2116/990 1231/2115/990 1421/1917/990
f 1424/1940/991 1234/2134/991 1230/2141/991 1420/1950/991
f 1419/1923/992 1229/2109/992 1247/2108/992 1437/1924/992
f 1420/1950/993 1230/2141/993 1233/2140/993 1423/1951/993
f 1418/1942/994 1228/2132/994 1239/2131/994 1429/1943/994
f 1417/1922/995 1227/2110/995 1229/2109/995 1419/1923/995
f 1437/1946/689 1247/2128/689 1246/2127/689 1436/1935/689
f 1416/1941/996 1226/2133/996 1228/2132/996 1418/1942/996
f 1419/1948/997 1229/2143/997 1225/2142/997 1415/1949/997
f 1435/1947/998 1245/2139/998 1229/2143/998 1419/1948/998
f 1414/1921/999 1224/2111/999 1227/2110/999 1417/1922/999
f 1406/1955/944 1409/1954/944 1219/2161/944 1216/2160/944
f 1427/1919/1000 1237/2113/1000 1223/2112/1000 1413/1920/1000
f 1415/1949/1001 1225/2142/1001 1226/2133/1001 1416/1941/1001
f 1413/1920/1002 1223/2112/1002 1224/2111/1002 1414/1921/1002
f 1412/1952/13 1411/1970/13 1221/2145/13 1222/2144/13
f 1410/1953/388 1412/1952/388 1222/2144/388 1220/2162/388
f 1409/1954/689 1410/1953/689 1220/2162/689 1219/2161/689
f 1407/1957/1003 1408/1956/1003 1218/2159/1003 1217/2158/1003
f 1408/1956/940 1406/1955/940 1216/2160/940 1218/2159/940
f 1405/1958/1004 1407/1957/1004 1217/2158/1004 1215/2157/1004
f 1509/1550/13 1319/2077/13 1320/2076/13 1510/1547/13
f 1403/1959/1005 1405/1958/1005 1215/2157/1005 1213/2156/1005
f 1510/1547/388 1320/2076/388 1318/2079/388 1508/1548/388
f 1402/1968/949 1401/1967/949 1211/2148/949 1212/2147/949
f 1507/1549/335 1317/2078/335 1319/2077/335 1509/1550/335
f 1401/1967/951 1404/1966/951 1214/2149/951 1211/2148/951
f 1508/1548/689 1318/2079/689 1317/2078/689 1507/1549/689
f 1404/1966/953 1400/1965/953 1210/2150/953 1214/2149/953
f 1505/1893/1006 1315/2081/1006 1316/2080/1006 1506/1888/1006
f 1400/1965/955 1399/1964/955 1209/2151/955 1210/2150/955
f 1506/1888/388 1316/2080/388 1314/2085/388 1504/1889/388
s 1
f 89/87/303 92/90/303 73/91/1007 74/129/1007
f 53/95/1008 59/98/1009 56/114/1009 54/176/1008
f 95/2264/538 98/2265/538 49/2266/1010 50/2267/1010
f 47/2268/1011 50/2267/1010 49/2266/1010 44/2269/1011
f 8/2270/653 37/2271/538 94/2272/538 51/2273/1012
f 59/98/1013 62/164/1014 61/66/1014 56/114/1013
f 71/78/1015 74/129/1007 73/91/1007 68/94/1015
f 83/2274/1016 86/2275/1017 85/2276/1017 80/2277/1016
f 898/99/1018 45/102/1018 15/2278/1018
f 41/2279/1019 47/2268/1018 44/2269/1018 43/2280/1019
f 76/2281/1020 83/2274/1021 80/2277/1021 79/2282/1020
f 2/2283/1021 81/2284/1021 3/2285/1021
f 88/2286/303 75/2287/1022 5/2288/637 33/2289/303
f 65/75/1023 71/78/1024 68/94/1024 66/168/1023
f 895/2290/1024 69/2291/1024 896/2292/1024
f 897/2293/1013 19/2294/623 63/145/1025 58/148/1013
f 1706/1437/335 1707/155/335 53/158/1008 54/1436/1008
f 222/2295/388 258/2296/388 76/2297/1020 79/2298/1020
f 18/180/1009 897/2293/1009 58/148/1009
f 11/2299/1009 57/2300/1009 12/2301/1009
f 893/2302/1021 894/2303/1021 82/2304/1021
f 85/2276/1017 86/2275/1017 91/2305/303 90/2306/303
f 61/66/1014 62/164/1014 97/165/538 96/63/538
f 64/2307/1024 6/2308/1024 70/2309/1024
f 42/2310/1018 9/2311/1018 46/2312/1018
f 41/2313/1019 43/2314/1019 257/2315/388 221/2316/388
f 1756/2317/388 1760/2318/388 258/2296/388 222/2295/388
f 415/2319/1026 409/2320/1026 403/2321/1026 399/2322/1026
f 397/2323/1027 412/2324/1027 406/2325/1027 401/2326/1027
f 411/2327/1027 400/2328/1027 404/2329/1027 405/2330/1027
f 398/2331/1026 402/2332/1026 408/2333/1026 414/2334/1026
f 408/2335/1028 402/2336/1029 401/2337/1029 406/2338/1028
f 399/2322/1030 403/2321/1030 404/2329/1030 400/2328/1030
f 414/2339/1031 412/2340/1031 397/2341/1031 398/2342/1031
f 397/2323/1032 401/2326/1032 402/2332/1032 398/2331/1032
f 399/2343/1031 400/2344/1031 411/2345/1031 415/2346/1031
f 406/2338/1028 407/2347/1033 410/2348/1033 408/2335/1028
f 407/2347/1033 405/2349/1034 409/2350/1034 410/2348/1033
f 405/2330/1027 407/2351/1027 413/2352/1027 411/2327/1027
f 407/2351/1027 406/2325/1027 412/2324/1027 413/2352/1027
f 415/2319/1026 416/2353/1026 410/2354/1026 409/2320/1026
f 416/2353/1026 414/2334/1026 408/2333/1026 410/2354/1026
f 414/2339/1031 416/2355/1031 413/2356/1031 412/2340/1031
f 416/2355/1031 415/2346/1031 411/2345/1031 413/2356/1031
f 403/2357/1035 409/2350/1034 405/2349/1034 404/2358/1035
f 418/2359/1036 419/2360/1036 420/2361/1036 421/2362/1036 422/2363/1036 423/2364/1036 424/2365/1036 425/2366/1036 426/2367/1036 427/2368/1036 428/2369/1036 417/2370/1036
f 430/2371/1036 431/2372/1036 432/2373/1036 433/2374/1036 434/2375/1036 435/2376/1036 436/2377/1036 437/2378/1036 438/2379/1036 439/2380/1036 440/2381/1036 429/2382/1036
f 442/2383/1037 441/2384/1037 452/2385/1037 451/2386/1037 450/2387/1037 449/2388/1037 448/2389/1037 447/2390/1037 446/2391/1037 445/2392/1037 444/2393/1037 443/2394/1037
f 454/2395/1037 453/2396/1037 464/2397/1037 463/2398/1037 462/2399/1037 461/2400/1037 460/2401/1037 459/2402/1037 458/2403/1037 457/2404/1037 456/2405/1037 455/2406/1037
f 466/2407/1038 465/2408/1038 476/2409/1038 475/2410/1038 474/2411/1038 473/2412/1038 472/2413/1038 471/2414/1038 470/2415/1038 469/2416/1038 468/2417/1038 467/2418/1038
f 478/2419/1038 477/2420/1038 488/2421/1038 487/2422/1038 486/2423/1038 485/2424/1038 484/2425/1038 483/2426/1038 482/2427/1038 481/2428/1038 480/2429/1038 479/2430/1038
f 490/2431/1039 491/2432/1039 492/2433/1039 493/2434/1039 494/2435/1039 495/2436/1039 496/2437/1039 497/2438/1039 498/2439/1039 499/2440/1039 500/2441/1039 489/2442/1039
f 502/2443/1039 503/2444/1039 504/2445/1039 505/2446/1039 506/2447/1039 507/2448/1039 508/2449/1039 509/2450/1039 510/2451/1039 511/2452/1039 512/2453/1039 501/2454/1039
f 587/2455/1040 471/2456/1041 472/2457/1042 589/2458/1043
f 560/2459/1044 457/2460/1044 458/2461/1045 562/2462/1046 561/2463/1044
f 528/2464/1047 483/2465/1041 484/2466/1042 527/2467/1048
f 575/2468/1049 598/2469/1050 428/2470/1051 427/2471/1049
f 609/2472/1052 468/2473/1052 469/2474/1052 608/2475/1052
f 568/2476/1053 565/2477/1053 433/2478/1053 432/2479/1053
f 607/2480/1054 588/2481/1055 494/2482/1056 493/2483/1054
f 573/2484/1057 569/2485/1057 498/2486/1057 497/2487/1057
f 596/2488/1058 441/2489/1041 442/2490/1059 599/2491/1060
f 616/2492/1052 443/2493/1052 444/2494/1052 618/2495/1052
f 574/2496/1061 593/2497/1062 500/2498/1063 499/2499/1061
f 527/2467/1048 484/2466/1042 485/2500/1064 519/2501/1064
f 521/2502/1065 461/2503/1065 462/2504/1065 517/2505/1065
f 523/2506/1057 524/2507/1057 439/2508/1057 438/2509/1057
f 565/2477/1066 564/2510/1066 563/2511/1067 434/2512/1068 433/2478/1066
f 581/2513/1069 585/2514/1070 573/2484/1070 497/2487/1070 496/2515/1071
f 611/2516/1053 606/2517/1053 492/2518/1053 491/2519/1053
f 580/2520/1072 475/2521/1072 476/2522/1073 591/2523/1074
f 539/2524/1075 559/2525/1076 430/2526/1077 429/2527/1078
f 546/2528/1079 547/2529/1079 505/2530/1079 504/2531/1079
f 515/2532/1061 533/2533/1061 529/2534/1080 512/2535/1063 511/2536/1061
f 555/2537/1081 478/2538/1082 479/2539/1044 554/2540/1044
f 593/2497/1062 592/2541/1083 489/2542/1084 500/2498/1063
f 559/2525/1076 558/2543/1054 431/2544/1054 430/2526/1077
f 612/2545/1085 467/2546/1085 468/2473/1085 609/2472/1085
f 567/2547/1085 456/2548/1085 457/2460/1085 560/2459/1085
f 530/2549/1086 488/2550/1073 477/2551/1087 534/2552/1088
f 542/2553/1089 460/2554/1090 461/2503/1072 521/2502/1072
f 604/2555/1091 601/2556/1092 424/2557/1093 423/2558/1084
f 603/2559/1094 446/2560/1045 447/2561/1087 602/2562/1095
f 602/2562/1095 447/2561/1087 448/2563/1090 584/2564/1096
f 519/2501/1097 485/2500/1097 486/2565/1097 518/2566/1097
f 619/2567/1079 624/2568/1079 420/2569/1079 419/2570/1079
f 598/2469/1050 597/2571/1098 417/2572/1078 428/2470/1051
f 588/2481/1055 586/2573/1099 495/2574/1078 494/2482/1056
f 608/2475/1100 469/2474/1100 470/2575/1101 605/2576/1102
f 513/2577/1057 514/2578/1057 510/2579/1057 509/2580/1057
f 584/2564/1096 448/2563/1090 449/2581/1103 572/2582/1103 583/2583/1103
f 586/2573/1099 581/2513/1069 496/2515/1071 495/2574/1078
f 545/2584/1104 526/2585/1105 507/2586/1078 506/2587/1056
f 541/2588/1106 525/2589/1061 437/2590/1061 436/2591/1093
f 517/2505/1097 462/2504/1097 463/2592/1097 516/2593/1097
f 553/2594/1053 546/2528/1053 504/2531/1053 503/2595/1053
f 558/2543/1079 568/2476/1079 432/2479/1079 431/2544/1079
f 535/2596/1107 464/2597/1108 453/2598/1041 536/2599/1109
f 618/2495/1085 444/2494/1085 445/2600/1085 621/2601/1085
f 576/2602/1057 575/2468/1057 427/2471/1057 426/2603/1057
f 551/2604/1100 481/2605/1100 482/2606/1101 549/2607/1110 550/2608/1100
f 624/2568/1053 623/2609/1053 421/2610/1053 420/2569/1053
f 592/2541/1083 594/2611/1111 490/2612/1112 489/2542/1084
f 532/2613/1113 552/2614/1114 502/2615/1112 501/2616/1084
f 605/2576/1102 470/2575/1101 471/2456/1041 587/2455/1040
f 599/2491/1060 442/2490/1059 443/2493/1115 616/2492/1115 617/2617/1115
f 547/2529/1054 548/2618/1054 545/2584/1104 506/2587/1056 505/2530/1054
f 536/2599/1109 453/2598/1041 454/2619/1059 556/2620/1116
f 571/2621/1097 450/2622/1097 451/2623/1097 570/2624/1097
f 522/2625/1117 513/2577/1070 509/2580/1070 508/2626/1071
f 591/2523/1074 476/2522/1073 465/2627/1087 595/2628/1118
f 557/2629/1052 455/2630/1052 456/2548/1052 567/2547/1052
f 552/2614/1114 553/2594/1066 503/2595/1066 502/2615/1112
f 569/2485/1119 574/2496/1119 499/2499/1119 498/2486/1119
f 594/2611/1111 610/2631/1066 611/2516/1066 491/2519/1066 490/2612/1112
f 622/2632/1120 604/2555/1091 423/2558/1084 422/2633/1068
f 563/2511/1067 544/2634/1121 435/2635/1084 434/2512/1068
f 566/2636/1052 480/2637/1052 481/2605/1052 551/2604/1052
f 562/2462/1046 458/2461/1045 459/2638/1087 543/2639/1122
f 518/2566/1065 486/2565/1065 487/2640/1065 520/2641/1065
f 597/2571/1098 615/2642/1123 418/2643/1077 417/2572/1078
f 614/2644/1124 466/2645/1082 467/2546/1044 612/2545/1044 613/2646/1044
f 578/2647/1065 474/2648/1065 475/2521/1065 580/2520/1065
f 538/2649/1125 539/2524/1075 429/2527/1078 440/2650/1051
f 606/2517/1079 607/2480/1079 493/2483/1079 492/2518/1079
f 570/2624/1126 451/2623/1126 452/2651/1108 582/2652/1127
f 595/2628/1118 465/2627/1087 466/2645/1082 614/2644/1124
f 514/2578/1119 515/2532/1119 511/2536/1119 510/2579/1119
f 525/2589/1119 523/2506/1119 438/2509/1119 437/2590/1119
f 534/2552/1088 477/2551/1087 478/2538/1082 555/2537/1081
f 516/2593/1064 463/2592/1064 464/2597/1108 535/2596/1107 540/2653/1064
f 524/2507/1070 537/2654/1070 538/2649/1125 440/2650/1051 439/2508/1070
f 582/2652/1127 452/2651/1108 441/2489/1041 596/2488/1058
f 544/2634/1121 541/2588/1106 436/2591/1093 435/2635/1084
f 520/2641/1072 487/2640/1072 488/2550/1073 530/2549/1086 531/2655/1072
f 623/2609/1066 622/2632/1120 422/2633/1068 421/2610/1066
f 577/2656/1119 576/2602/1119 426/2603/1119 425/2657/1119
f 621/2601/1044 445/2600/1044 446/2560/1045 603/2559/1094
f 601/2556/1092 600/2658/1061 577/2656/1061 425/2657/1061 424/2557/1093
f 615/2642/1123 620/2659/1054 619/2567/1054 419/2570/1054 418/2643/1077
f 556/2620/1116 454/2619/1059 455/2630/1100 557/2629/1100
f 589/2458/1043 472/2457/1042 473/2660/1064 579/2661/1064 590/2662/1064
f 529/2534/1080 532/2613/1113 501/2616/1084 512/2535/1063
f 554/2540/1085 479/2539/1085 480/2637/1085 566/2636/1085
f 543/2639/1122 459/2638/1087 460/2554/1090 542/2553/1089
f 579/2661/1097 473/2660/1097 474/2648/1097 578/2647/1097
f 572/2582/1065 449/2581/1065 450/2622/1065 571/2621/1065
f 526/2585/1105 522/2625/1117 508/2626/1071 507/2586/1078
f 549/2607/1110 482/2606/1101 483/2465/1041 528/2464/1047
f 700/2663/388 888/2664/388 882/2665/388 684/2666/388
f 684/2666/13 882/2665/13 889/2667/13 679/2668/13
f 697/2669/689 886/2670/689 891/2671/689 698/2672/689
f 702/2673/1128 877/2674/1129 699/2675/1130 878/2676/1131
f 880/2677/689 887/2678/689 892/2679/689 701/2680/689
f 680/2681/1132 871/2682/1133 872/2683/1134 874/2684/1135
f 695/2685/1136 694/2686/1137 688/2687/1138 687/2688/1139
f 693/2689/154 911/1331/335 908/1341/335 691/2690/155
f 687/2691/689 905/1332/689 911/1331/689 693/2689/689
f 691/2690/13 908/1341/13 907/1342/13 690/2692/13
f 685/2693/13 901/1339/13 902/1338/13 683/2694/13
f 682/2695/1140 690/2696/1141 685/2697/1142 683/2698/1143
f 686/2699/1144 694/2686/1137 703/2700/1145 722/2701/1144
f 694/2686/1137 695/2685/1136 721/2702/1146 703/2700/1145
f 682/2695/1140 683/2698/1143 704/2703/1147 720/2704/1148
f 683/2698/1143 692/2705/1149 719/2706/1149 704/2703/1147
f 876/2707/1150 877/2674/1129 705/2708/1151 714/2709/1152
f 877/2674/1129 702/2673/1128 712/2710/1153 705/2708/1151
f 680/2681/1132 874/2684/1135 706/2711/1154 715/2712/1155
f 874/2684/1135 875/2713/1156 713/2714/1157 706/2711/1154
f 711/2715/1158 707/2716/1159 878/2676/1131 879/2717/1160
f 707/2716/1159 716/2718/1161 702/2673/1128 878/2676/1131
f 717/2719/1162 708/2720/1163 871/2682/1133 680/2681/1132
f 708/2720/1163 718/2721/1164 873/2722/1165 871/2682/1133
f 679/2668/13 889/2667/13 883/2723/13 681/2724/13
f 689/2725/13 890/2726/13 884/2727/13 696/2728/13
f 723/2729/1166 709/2730/1167 687/2688/1139 693/2731/1166
f 709/2730/1167 724/2732/1168 695/2685/1136 687/2688/1139
f 725/2733/1169 710/2734/1170 690/2696/1141 682/2695/1140
f 710/2734/1170 726/2735/1171 691/2736/1171 690/2696/1141
f 694/2737/689 912/1336/689 906/1333/689 688/2738/689
f 690/2692/13 907/1342/13 901/1339/13 685/2693/13
f 681/2739/726 872/2683/1134 871/2682/1133 679/2740/1172
f 679/2740/1172 871/2682/1133 873/2722/1165 684/2741/733
f 689/2742/1173 874/2684/1135 872/2683/1134 681/2739/726
f 696/2743/725 875/2713/1156 874/2684/1135 689/2742/1173
f 698/2744/1174 877/2674/1129 876/2707/1150 697/2745/729
f 700/2746/731 879/2717/1160 878/2676/1131 701/2747/1175
f 880/2748/728 699/2675/1130 877/2674/1129 698/2744/1174
f 701/2747/1175 878/2676/1131 699/2675/1130 880/2748/728
f 684/2741/733 873/2722/1165 879/2717/1160 700/2746/731
f 697/2745/729 876/2707/1150 875/2713/1156 696/2743/725
f 701/2680/689 892/2679/689 888/2664/689 700/2663/689
f 681/2724/13 883/2723/13 890/2726/13 689/2725/13
f 696/2728/335 884/2727/335 886/2670/335 697/2669/335
f 698/2672/689 891/2671/689 887/2678/689 880/2677/689
f 3/2285/1016 81/2284/1016 84/2749/1176 1/2750/639
f 37/2271/538 10/2751/623 60/2752/1025 94/2272/538
f 6/2308/1015 5/2288/637 75/2287/1022 70/2309/1015
f 12/2301/1013 57/2300/1013 60/2752/1025 10/2751/623
f 69/2291/1015 72/2753/1022 17/2754/637 896/2292/1015
f 9/2311/1011 8/2270/653 51/2273/1012 46/2312/1011
f 34/2755/303 17/2754/637 72/2753/1022 93/2756/303
f 82/2304/1016 894/2303/1016 16/2757/639 87/2758/1176
f 87/2758/1176 16/2757/639 34/2755/303 93/2756/303
f 99/186/538 63/145/1025 19/2294/623 38/2759/538
f 48/150/1012 99/186/538 38/2759/538 13/2760/653
f 15/2278/1011 45/102/1011 48/150/1012 13/2760/653
f 1/2750/639 84/2749/1176 88/2286/303 33/2289/303
f 686/2761/689 904/1335/689 912/1336/689 694/2737/689
f 688/2738/689 906/1333/689 905/1332/689 687/2691/689
f 692/2762/147 909/1337/388 904/1335/388 686/2761/148
f 683/2694/13 902/1338/13 909/1337/13 692/2762/13
f 1747/24/13 1748/2763/13 936/2764/13 935/25/13
f 932/1451/13 931/2765/13 930/2766/13 929/1452/13
f 938/2767/13 937/26/13 935/25/13 936/2764/13
f 933/1450/13 934/2768/13 931/2765/13 932/1451/13
f 1749/2769/13 1750/37/13 939/38/13 940/2770/13
f 940/2770/13 939/38/13 937/26/13 938/2767/13
f 934/2768/13 933/1450/13 1750/37/13 1749/2769/13
f 929/1452/13 930/2766/13 1748/2763/13 1747/24/13
f 65/174/1023 66/1438/1023 1707/1439/335 1706/171/335
f 221/2316/388 257/2315/388 1760/2771/388 1756/2772/388
usemtl Cam
f 727/2773/689 729/2774/689 731/2775/689 733/2776/689 735/2777/689 737/2778/689 739/2779/689 741/2780/689 743/2781/689 745/2782/689 747/2783/689 749/2784/689 751/2785/689 753/2786/689 755/2787/689 757/2788/689
f 727/2773/1177 913/2789/1177 914/2790/1178 729/2774/1178
f 729/2774/1178 914/2790/1178 915/2791/1179 731/2775/1179
f 731/2775/1179 915/2791/1179 916/2792/1180 733/2776/1180
f 733/2776/1180 916/2792/1180 917/2793/1181 735/2777/1181
f 735/2777/1181 917/2793/1181 918/2794/1182 737/2778/1182
f 737/2778/1182 918/2794/1182 919/2795/1183 739/2779/1183
f 739/2779/1183 919/2795/1183 920/2796/1184 741/2780/1184
f 741/2780/1184 920/2796/1184 921/2797/1185 743/2781/1185
f 743/2781/1185 921/2797/1185 922/2798/1186 745/2782/1186
f 745/2782/1186 922/2798/1186 923/2799/1187 747/2783/1187
f 747/2783/1187 923/2799/1187 924/2800/1188 749/2784/1188
f 749/2784/1188 924/2800/1188 925/2801/1189 751/2785/1189
f 751/2785/1189 925/2801/1189 926/2802/1190 753/2786/1190
f 753/2786/1190 926/2802/1190 927/2803/1191 755/2787/1191
f 755/2787/1191 927/2803/1191 928/2804/1192 757/2788/1192
f 757/2788/1192 928/2804/1192 913/2789/1177 727/2773/1177
