# Blender v2.81 (sub 16) OBJ File: 'creepy_Joker.blend'
# www.blender.org
mtllib creepy_Joker.mtl
o Cube.000_Cube.007
v 0.038758 2.005973 -0.053934
v 0.027622 1.997529 -0.002876
v 0.026804 2.006548 -0.057622
v 0.045780 2.003539 -0.036665
v 0.044109 1.999925 -0.016653
v 0.040518 2.023102 -0.054544
v 0.027622 2.011467 -0.002876
v 0.028520 2.022486 -0.059093
v 0.046864 2.023872 -0.036601
v 0.044121 2.017791 -0.016651
v 0.053377 2.030303 -0.060552
v 0.034524 2.010529 0.026803
v 0.036417 2.026458 -0.070337
v 0.060841 2.031373 -0.030886
v 0.051859 2.023910 0.005533
v 0.060230 2.037743 -0.070897
v 0.022458 2.005238 0.066643
v 0.044073 2.032167 -0.080719
v 0.069780 2.041481 -0.031916
v 0.057275 2.031736 0.013739
v 0.076335 2.066190 -0.093743
v 0.057408 2.068393 -0.123764
v 0.089095 2.064250 -0.052594
v 0.075119 2.058647 -0.012896
v 0.091827 2.111868 -0.113576
v 0.071535 2.113289 -0.135979
v 0.107064 2.106977 -0.070719
v 0.094298 2.095440 -0.026306
v 0.106682 2.162232 -0.112194
v 0.083561 2.170817 -0.142173
v 0.121516 2.168663 -0.069196
v 0.106165 2.165668 -0.023657
v 0.021563 2.009027 0.066685
v 0.054924 2.036005 0.012702
v 0.070945 2.059587 -0.014060
v 0.091389 2.096546 -0.026308
v 0.103220 2.164303 -0.023659
v 0.117538 2.223893 -0.109065
v 0.082875 2.245639 -0.143821
v 0.133316 2.214143 -0.072271
v 0.103268 2.195545 -0.018234
v 0.100928 2.194185 -0.018239
v 0.126760 2.245882 -0.109431
v 0.081662 2.266611 -0.134943
v 0.139652 2.236462 -0.063282
v 0.092913 2.236073 -0.011104
v 0.091165 2.234813 -0.011159
v 0.112416 2.271538 -0.014442
v 0.080299 2.261097 -0.004886
v 0.080054 2.259098 -0.004821
v 0.085473 2.283504 -0.004305
v 0.061752 2.276248 0.012986
v 0.061193 2.275071 0.012327
v 0.053650 2.286642 -0.004934
v 0.030197 2.274803 0.015670
v 0.029227 2.272969 0.014284
v 0.011229 2.006778 -0.057760
v 0.013363 2.022817 -0.059026
v 0.016721 2.025224 -0.075486
v 0.024871 2.030802 -0.092314
v 0.033967 2.073167 -0.139826
v 0.038862 2.116735 -0.158218
v 0.030910 2.218957 -0.176979
v 0.052406 2.269740 -0.148604
v 0.017697 2.298431 -0.117196
v 0.015386 2.312202 -0.021867
v 0.005937 2.315579 -0.078567
v 0.128667 2.279766 -0.108237
v 0.081109 2.296901 -0.133985
v 0.148661 2.264853 -0.062845
v 0.112002 2.297163 -0.017858
v 0.087184 2.308185 -0.008520
v 0.057847 2.311055 -0.009094
v 0.033116 2.315983 -0.121092
v 0.036037 2.329793 -0.025155
v 0.018039 2.332402 -0.088253
v 0.140023 2.311211 -0.099705
v 0.106599 2.334560 -0.115779
v 0.159625 2.296298 -0.062845
v 0.131701 2.328607 -0.017858
v 0.106884 2.339629 -0.008520
v 0.077547 2.342500 -0.009094
v 0.075378 2.347427 -0.105403
v 0.055737 2.361238 -0.025155
v 0.052807 2.363846 -0.079721
v 0.024110 2.014970 0.067749
v 0.054954 2.038908 0.018397
v 0.068759 2.060689 -0.007399
v 0.088915 2.095295 -0.016006
v 0.100059 2.159272 -0.015606
v 0.097655 2.184791 -0.008609
v 0.088305 2.221996 -0.002535
v 0.084747 2.249679 0.008327
v 0.062348 2.262615 0.023578
v 0.032220 2.252832 0.030994
v 0.027838 2.024530 0.067979
v 0.057087 2.055175 0.021470
v 0.076408 2.084865 0.004955
v 0.085056 2.114747 -0.001457
v 0.095850 2.155565 -0.000511
v 0.091839 2.184966 0.004988
v 0.085035 2.213702 0.005603
v 0.080373 2.223685 0.015712
v 0.062191 2.234782 0.033448
v 0.038797 2.228729 0.041501
v 0.027298 2.033938 0.065454
v 0.052341 2.069607 0.028923
v 0.066980 2.100487 0.010991
v 0.079310 2.126661 0.006888
v 0.093765 2.153078 0.008477
v 0.088446 2.184752 0.013040
v 0.083172 2.208649 0.011733
v 0.078756 2.218527 0.019683
v 0.060969 2.223567 0.034582
v 0.042206 2.217091 0.046251
v 0.075219 2.199125 0.013441
v 0.072678 2.210224 0.019214
v 0.058532 2.210186 0.034899
v 0.043627 2.202113 0.044348
v 0.003600 2.252113 0.032931
v 0.003498 2.250746 0.032692
v 0.009444 2.241771 0.040186
v 0.002114 2.221244 0.050034
v 0.001057 2.209463 0.049762
v 0.004508 2.186673 0.046324
v 0.026074 2.041633 0.059503
v 0.050592 2.075483 0.030637
v 0.026165 2.048637 0.064556
v 0.049567 2.087696 0.034039
v 0.026043 2.052782 0.064234
v 0.046975 2.089145 0.034896
v 0.065111 2.105124 0.014977
v 0.082154 2.142614 0.014081
v 0.087224 2.150321 0.015317
v 0.087852 2.178379 0.020393
v 0.080940 2.174297 0.030521
v 0.072279 2.169366 0.036642
v 0.061473 2.168171 0.044192
v 0.040033 2.169728 0.048043
v 0.029037 2.183927 0.036202
v 0.028677 2.183082 0.041233
v 0.070472 2.189087 0.021350
v 0.065828 2.188006 0.027374
v 0.056790 2.184386 0.034890
v 0.040743 2.183402 0.041838
v 0.047852 2.131540 0.034632
v 0.047143 2.125217 0.044729
v 0.015678 2.260298 0.023764
v 0.017229 2.266550 -0.158437
v 0.006680 2.302770 -0.113277
v 0.004601 2.315833 -0.078314
v 0.017965 2.244482 0.036714
v 0.021882 2.224713 0.045247
v 0.023510 2.213175 0.049395
v 0.020987 2.187823 0.040612
v 0.016164 2.262105 0.024526
v 0.027577 2.291335 -0.004353
v 0.005785 2.314663 -0.021379
v 0.023540 2.171205 0.047864
v 0.021192 2.183778 0.039084
v 0.006756 2.183697 0.047167
v 0.018105 2.184678 0.037904
v 0.072141 2.198746 0.012001
v 0.068850 2.208543 0.016322
v 0.056159 2.209808 0.030745
v 0.043395 2.201907 0.038590
v 0.068028 2.189495 0.019178
v 0.064490 2.188354 0.025064
v 0.056462 2.184994 0.032319
v 0.041394 2.184118 0.037331
v 0.021178 2.188345 0.036431
v 0.020565 2.183936 0.035472
v 0.018938 2.185276 0.034939
v 0.004470 2.169690 0.061332
v 0.005455 2.164412 0.072213
v 0.006626 2.162388 0.084629
v 0.004741 2.161799 0.089396
v 0.004740 2.156402 0.089872
v 0.011478 2.148286 0.081140
v 0.013076 2.135267 0.080653
v 0.013573 2.127429 0.085206
v 0.013284 2.122735 0.083552
v 0.012605 2.127767 0.071796
v 0.010507 2.136259 0.038714
v 0.010296 2.142817 -0.002862
v 0.010507 2.121995 -0.017018
v 0.010402 2.073922 -0.014144
v 0.022693 2.051818 0.053781
v 0.023468 2.055776 0.058780
v 0.004739 2.159020 0.091118
v 0.012521 2.156400 0.083317
v 0.012500 2.162604 0.059749
v 0.012510 2.153992 0.063468
v 0.072628 2.190979 0.017673
v 0.069109 2.190264 0.015782
v 0.072425 2.195567 0.012741
v 0.074797 2.194983 0.015575
v 0.013754 2.172826 0.048512
v 0.031489 2.194777 0.044566
v 0.031921 2.194891 0.038846
v 0.043449 2.204801 0.044756
v 0.059676 2.213600 0.035521
v 0.075355 2.212422 0.020488
v 0.077742 2.201522 0.014499
v 0.040584 2.180706 0.043072
v 0.057816 2.181659 0.036660
v 0.068149 2.184815 0.029595
v 0.072575 2.186201 0.023250
v 0.018926 2.187351 0.043106
v 0.030077 2.197889 0.045708
v 0.019132 2.181291 0.041905
v 0.016296 2.184250 0.039711
v 0.074498 2.188301 0.017779
v 0.076988 2.192906 0.015089
v 0.042929 2.210728 0.045531
v 0.077096 2.215088 0.020776
v 0.081151 2.205192 0.014743
v 0.040296 2.175087 0.045622
v 0.070625 2.177630 0.033041
v 0.076497 2.179981 0.026495
v 0.017088 2.177062 0.045004
v 0.011927 2.183736 0.043399
v 0.060185 2.218411 0.034906
v 0.059702 2.175253 0.040386
v 0.013732 2.186790 0.046069
v 0.026688 2.205247 0.047707
v 0.079152 2.182939 0.017957
v 0.082586 2.188821 0.014065
v 0.001615 2.199089 0.050094
v 0.034858 2.122415 0.063866
v 0.033080 2.126998 0.051846
v 0.045370 2.129153 0.044359
v 0.007869 2.146966 0.082400
v 0.034679 2.126611 0.063843
v 0.046692 2.137949 0.040775
v 0.049789 2.143555 0.040237
v 0.033885 2.135493 0.052271
v 0.035086 2.140466 0.048771
v 0.024554 2.124010 0.078165
v 0.023122 2.127408 0.064320
v 0.018969 2.148996 0.062699
v 0.025005 2.128454 0.079316
v 0.023975 2.136853 0.069745
v 0.014614 2.142236 0.065842
v 0.006661 2.138858 0.082251
v 0.013811 1.997148 -0.001332
v 0.013811 2.011086 -0.001332
v 0.018126 2.008100 0.027692
v 0.011970 2.003426 0.070487
v 0.011685 2.007256 0.070427
v 0.012989 2.013428 0.072639
v 0.014805 2.023912 0.071846
v 0.014153 2.035741 0.067263
v 0.013677 2.041179 0.062867
v 0.013273 2.046189 0.070365
v 0.013113 2.050148 0.070473
v 0.007244 2.127397 0.086363
v 0.007134 2.122482 0.084572
v 0.006605 2.127978 0.073234
v 0.005254 2.136553 0.039088
v 0.005043 2.143111 -0.002489
v 0.005254 2.122288 -0.016645
v 0.005201 2.074216 -0.013770
v 0.011809 2.048462 0.054922
v 0.011342 2.053192 0.060837
v 0.006045 2.163443 0.078378
v 0.020631 2.154686 0.066370
v 0.021164 2.145427 0.066043
v 0.007324 2.142951 0.082355
v 0.059402 2.131340 0.030146
v 0.060521 2.131599 0.032287
v 0.064545 2.135238 0.023267
v 0.066322 2.136048 0.026409
v 0.066719 2.136403 0.018651
v 0.069021 2.135947 0.020684
v 0.043734 2.087898 0.029629
v 0.062330 2.111976 0.024836
v 0.057243 2.157407 0.046184
v 0.055994 2.133398 0.035650
v 0.056861 2.140443 0.036036
v 0.057650 2.114264 0.019191
v 0.068957 2.138174 0.029217
v 0.072341 2.144496 0.030563
v 0.058501 2.116013 0.023714
v 0.071507 2.136881 0.019502
v 0.075957 2.148857 0.031468
v 0.037481 2.154758 0.050449
v 0.020581 2.157568 0.056598
v 0.128124 2.192505 -0.069196
v 0.105992 2.180601 -0.020943
v 0.080170 2.212456 -0.146311
v 0.111133 2.199442 -0.111327
v 0.103344 2.179237 -0.020946
v 0.099682 2.171090 -0.011091
v 0.097999 2.170694 -0.006495
v 0.094249 2.169129 0.010722
v 0.091296 2.165225 0.015289
v 0.081926 2.159898 0.031934
v 0.071935 2.160765 0.042152
v 0.064075 2.146265 0.040389
v 0.027838 2.180931 0.042239
v 0.025803 2.176198 0.044987
v 0.035865 1.998727 -0.009764
v 0.035865 2.014631 -0.009764
v 0.042728 2.017279 0.016997
v 0.041273 2.016675 0.040069
v 0.038983 2.021032 0.039711
v 0.039051 2.026209 0.043135
v 0.041013 2.041595 0.045076
v 0.039319 2.048889 0.046713
v 0.039347 2.056786 0.046810
v 0.036922 2.063139 0.052039
v 0.036492 2.065857 0.052571
v 0.033011 2.066949 0.046402
v 0.029520 2.271001 0.015639
v 0.061306 2.273854 0.013149
v 0.070732 2.059694 -0.013687
v 0.054927 2.036289 0.012981
v 0.080512 2.258178 -0.003814
v 0.090885 2.233561 -0.010593
v 0.091147 2.096424 -0.025579
v 0.100608 2.193267 -0.017575
v 0.102818 2.163629 -0.022951
v 0.021812 2.009607 0.066654
v 0.003439 2.249666 0.033407
v 0.015902 2.258753 0.024752
v 0.011813 2.007859 0.070366
v 0.102983 2.178441 -0.020260
v 0.038990 2.021538 0.039768
v 0.023728 2.136774 -0.006975
v 0.058584 2.136035 0.007448
v 0.049438 2.136253 0.003474
v 0.005102 2.137293 -0.011691
v 0.062989 2.136793 0.014110
v 0.010355 2.136999 -0.012065
v 0.029035 2.062897 0.042688
v 0.016221 2.077535 -0.011466
v 0.039759 2.083846 0.025915
v 0.053674 2.110212 0.015477
v 0.020494 2.095831 -0.012510
v 0.021341 2.119121 -0.009092
v 0.010463 2.101522 -0.024864
v 0.005231 2.101815 -0.024490
v 0.023998 2.051091 0.038643
v 0.014381 2.048548 0.039613
v 0.031093 2.062468 0.025770
v 0.044276 2.090173 0.011832
v 0.050367 2.111420 0.012146
v 0.048283 2.138589 0.020089
v 0.023122 2.134305 0.043794
v 0.033603 2.140277 0.028362
v 0.058831 2.137648 0.013586
v 0.063848 2.136097 0.008294
v 0.084709 2.077044 -0.019601
v 0.097787 2.085891 -0.061344
v 0.084568 2.088509 -0.104381
v 0.065719 2.089858 -0.131517
v 0.081167 2.078066 -0.020184
v 0.037343 2.096461 -0.154133
v 0.078837 2.077992 -0.011702
v 0.080732 2.099806 0.001749
v 0.072053 2.114672 0.008525
v 0.070764 2.119517 0.012425
v 0.065229 2.133102 0.017465
v 0.069418 2.130296 0.020402
v 0.067304 2.131752 0.020439
v 0.080939 2.078059 -0.019633
v 0.022789 2.144685 0.000418
v 0.058456 2.137850 0.019293
v 0.033497 2.143569 0.007490
v 0.062452 2.137559 0.018980
v 0.048243 2.139825 0.012252
v 0.036583 2.136513 -0.001751
v 0.041670 2.113727 0.005783
v 0.032174 2.116247 -0.001165
v 0.020599 2.056798 0.025447
v 0.013801 2.068214 -0.000947
v 0.027089 2.066525 0.015745
v 0.020424 2.073278 -0.000945
v 0.038869 2.091460 0.006297
v 0.028899 2.093832 -0.003907
v 0.007496 2.067799 -0.000424
v 0.012086 2.054965 0.026268
v 0.049591 2.083230 0.032816
v 0.026119 2.045135 0.062029
v 0.013325 2.131348 0.082929
v 0.033985 2.129820 0.058924
v 0.045321 2.132267 0.042691
v 0.024490 2.132653 0.074531
v 0.006952 2.133128 0.084307
v 0.013475 2.043029 0.066616
v 0.055106 2.135854 0.035046
v 0.069726 2.140223 0.029659
v 0.062843 2.110727 0.021778
v 0.076936 2.138418 0.015674
v 0.038134 2.059963 0.049424
v 0.069534 2.126998 0.018097
v 0.167274 2.337970 -0.090351
v 0.149908 2.363980 -0.102681
v 0.177119 2.321845 -0.062077
v 0.166183 2.352722 -0.027569
v 0.151526 2.367523 -0.020406
v 0.131365 2.377760 -0.020847
v 0.131190 2.381886 -0.094722
v 0.121010 2.397234 -0.033166
v 0.119645 2.399916 -0.075022
v 0.251608 2.358384 -0.065213
v 0.254268 2.363851 -0.068398
v 0.250555 2.356219 -0.059407
v 0.252492 2.360201 -0.051194
v 0.254516 2.364362 -0.049208
v 0.256190 2.367802 -0.050093
v 0.256587 2.368616 -0.067119
v 0.257994 2.371509 -0.053555
v 0.258375 2.372292 -0.062283
v 0.253264 2.350870 -0.072560
v 0.258461 2.362492 -0.079229
v 0.251207 2.346269 -0.060404
v 0.254992 2.354734 -0.043206
v 0.258946 2.363578 -0.039048
v 0.262217 2.370892 -0.040900
v 0.262991 2.372623 -0.076551
v 0.265739 2.378770 -0.048149
v 0.266485 2.380438 -0.066424
v 0.258135 2.339781 -0.081279
v 0.266553 2.358608 -0.092082
v 0.254803 2.332329 -0.061586
v 0.260934 2.346040 -0.033727
v 0.267340 2.360368 -0.026990
v 0.272638 2.372215 -0.029990
v 0.273892 2.375020 -0.087743
v 0.278345 2.384979 -0.041734
v 0.279552 2.387679 -0.071339
v 0.268293 2.331886 -0.084767
v 0.277847 2.353253 -0.096402
v 0.264191 2.322710 -0.062555
v 0.270665 2.337190 -0.028164
v 0.278670 2.355094 -0.021399
v 0.285148 2.369581 -0.023999
v 0.286262 2.372072 -0.092754
v 0.292288 2.385548 -0.038189
v 0.293468 2.388187 -0.074557
v 0.280681 2.328297 -0.085016
v 0.289881 2.348872 -0.096220
v 0.276731 2.319461 -0.063628
v 0.282966 2.333405 -0.030512
v 0.290674 2.350644 -0.023998
v 0.296911 2.364594 -0.026502
v 0.297983 2.366992 -0.092707
v 0.303787 2.379970 -0.040166
v 0.304923 2.382511 -0.075185
v 0.294876 2.327611 -0.080021
v 0.302286 2.344184 -0.089046
v 0.291692 2.320492 -0.062792
v 0.296715 2.331725 -0.036115
v 0.302925 2.345613 -0.030868
v 0.307949 2.356849 -0.032885
v 0.308813 2.358781 -0.086216
v 0.313487 2.369235 -0.043892
v 0.314403 2.371282 -0.072101
v 0.306788 2.331320 -0.072522
v 0.311513 2.341888 -0.078277
v 0.304758 2.326781 -0.061536
v 0.307961 2.333943 -0.044526
v 0.311920 2.342798 -0.041180
v 0.315124 2.349963 -0.042466
v 0.315675 2.351196 -0.076472
v 0.318656 2.357862 -0.049484
v 0.319239 2.359166 -0.067472
v 0.315219 2.341197 -0.061050
v 0.315836 2.342578 -0.061801
v 0.314954 2.340604 -0.059615
v 0.315372 2.341541 -0.057393
v 0.315890 2.342697 -0.056956
v 0.316308 2.343634 -0.057124
v 0.316380 2.343794 -0.061566
v 0.316769 2.344665 -0.058041
v 0.316845 2.344835 -0.060390
v 0.203545 2.350462 -0.081351
v 0.203596 2.338403 -0.061261
v 0.199010 2.384493 -0.031542
v 0.200305 2.398963 -0.040762
v 0.207744 2.359337 -0.036179
v 0.200401 2.387028 -0.084960
v 0.203588 2.370880 -0.090438
v 0.200646 2.401018 -0.070568
v 0.205659 2.372532 -0.030832
v 0.315863 2.342637 -0.059379
v 0.520594 0.002266 0.168187
v 0.525113 0.037180 0.184823
v 0.471651 0.002266 0.090432
v 0.492053 0.049011 0.106711
v 0.618176 0.002266 0.119246
v 0.627109 0.037180 0.137493
v 0.587911 0.002266 0.035297
v 0.587607 0.049011 0.061395
v 0.548427 0.084836 0.208463
v 0.528938 0.084836 0.158123
v 0.615537 0.084836 0.175189
v 0.598504 0.084836 0.131191
v 0.549589 0.133117 0.102376
v 0.539844 0.133117 0.077203
v 0.584480 0.133117 0.088868
v 0.574734 0.133117 0.063695
v 0.545054 0.172071 0.174238
v 0.540990 0.172071 0.163742
v 0.564466 0.172071 0.166722
v 0.560403 0.172071 0.156227
v 0.541997 0.231856 0.128433
v 0.540452 0.231856 0.124443
v 0.551326 0.231856 0.124821
v 0.549781 0.231856 0.120831
v 0.473982 0.030009 0.056799
v 0.473099 0.067659 0.060825
v 0.557217 0.002575 0.006021
v 0.553077 0.067659 0.019228
v 0.450802 0.008898 0.000298
v 0.445248 0.090714 0.031543
v 0.530348 -0.001042 -0.041623
v 0.510772 0.083029 -0.013886
v 0.422708 0.012808 -0.073244
v 0.436169 0.070758 -0.070554
v 0.465651 0.014015 -0.095608
v 0.472210 0.070758 -0.084507
v 0.525579 0.018741 0.183932
v 0.478719 0.025208 0.104730
v 0.594510 0.025208 0.049817
v 0.622677 0.018741 0.131590
v 0.466060 0.041645 0.060904
v 0.559296 0.041645 0.010498
v 0.455586 0.035149 0.013668
v 0.535338 0.035149 -0.028085
v 0.425204 0.044253 -0.071622
v 0.469166 0.045355 -0.093718
v 0.498144 0.066202 -0.049813
v 0.496771 0.001115 -0.081261
v 0.434169 -0.001042 -0.046856
v 0.430082 0.066202 -0.018082
v 0.432875 0.034406 -0.039287
v 0.497504 0.033973 -0.072336
v 0.482578 0.006957 -0.088963
v 0.426880 0.004037 -0.057668
v 0.424755 0.039030 -0.054905
v 0.488196 0.042817 -0.085162
v 0.485559 0.068875 -0.072728
v 0.438072 0.065149 -0.051780
v 0.436273 0.108146 0.025816
v 0.504714 0.108146 -0.001318
v 0.442059 0.093269 -0.061629
v 0.468928 0.093269 -0.072031
v 0.520905 0.089872 -0.046166
v 0.415292 0.089872 -0.022510
v 0.468994 0.091865 -0.049879
v 0.443160 0.090623 -0.047114
v 0.529781 0.002266 0.062865
v 0.542939 0.049011 0.084407
v 0.580608 0.002272 0.158199
v 0.586071 0.037186 0.172310
v 0.563721 0.084836 0.144657
v 0.589448 0.084841 0.197979
v 0.557289 0.133117 0.070449
v 0.567034 0.133123 0.102200
v 0.550697 0.172071 0.159985
v 0.554760 0.173635 0.177058
v 0.545117 0.231856 0.122637
v 0.546662 0.233420 0.133205
v 0.508563 0.009539 0.031326
v 0.518169 0.068471 0.061424
v 0.476206 -0.001042 -0.020662
v 0.508162 0.084576 0.047330
v 0.444368 0.016362 -0.089849
v 0.452385 0.071195 -0.082559
v 0.445387 0.045792 -0.087216
v 0.585351 0.018747 0.170450
v 0.458797 -0.003162 -0.066126
v 0.454263 0.002030 -0.078665
v 0.482002 0.108146 0.020136
v 0.453689 0.093705 -0.071858
v 0.375014 0.282262 0.014486
v 0.428052 0.299878 -0.001318
v 0.372212 0.265869 -0.052551
v 0.398779 0.274479 -0.072031
v 0.432305 0.290306 -0.031148
v 0.371994 0.269558 -0.007995
v 0.422008 0.283219 -0.050221
v 0.369460 0.265507 -0.029157
v 0.406497 0.292719 0.020136
v 0.384179 0.270090 -0.071858
v 0.294623 0.427180 0.038703
v 0.381057 0.455844 0.009281
v 0.282519 0.423166 -0.070529
v 0.325710 0.437489 -0.102269
v 0.382634 0.456367 -0.035655
v 0.283997 0.423656 0.002071
v 0.364065 0.450210 -0.066732
v 0.278303 0.421768 -0.032410
v 0.345931 0.444195 0.036268
v 0.302141 0.429673 -0.101988
v 0.444650 0.117586 -0.066831
v 0.434554 0.116800 -0.057002
v 0.429442 0.115698 -0.041100
v 0.431094 0.114626 -0.022576
v 0.492067 0.131734 -0.000653
v 0.483865 0.116865 -0.042985
v 0.472838 0.117609 -0.057978
v 0.457763 0.117729 -0.066980
v 0.428595 0.129833 0.007861
v 0.468495 0.130962 0.012748
v 0.274585 0.537016 0.020548
v 0.319842 0.558480 -0.001483
v 0.255036 0.534010 -0.061245
v 0.287377 0.544736 -0.085012
v 0.330001 0.558872 -0.035131
v 0.256142 0.534377 -0.006882
v 0.316097 0.554260 -0.058402
v 0.251879 0.532963 -0.032701
v 0.302518 0.535693 0.030450
v 0.269729 0.538883 -0.084801
v 0.245142 0.584504 0.046899
v 0.318297 0.608765 0.010225
v 0.241638 0.549433 -0.062846
v 0.281918 0.561556 -0.089711
v 0.328085 0.584639 -0.035334
v 0.242888 0.549847 -0.003404
v 0.312369 0.579427 -0.061638
v 0.238069 0.548249 -0.032588
v 0.288567 0.613371 0.062667
v 0.261970 0.554940 -0.089472
v 0.237645 0.604199 0.034556
v 0.303573 0.626064 0.012114
v 0.228412 0.601138 -0.061761
v 0.261356 0.612063 -0.085971
v 0.304776 0.626463 -0.035160
v 0.229539 0.601511 -0.006384
v 0.290613 0.621765 -0.058865
v 0.225196 0.600071 -0.032685
v 0.276780 0.617178 0.032699
v 0.243379 0.606101 -0.085756
v 0.100081 1.015998 0.066756
v 0.225262 1.015998 0.025913
v 0.082552 1.015998 -0.084876
v 0.145103 1.015998 -0.128936
v 0.227546 1.015998 -0.036464
v 0.084691 1.015998 0.015906
v 0.200653 1.015998 -0.079605
v 0.076445 1.015998 -0.031960
v 0.174389 1.015998 0.063377
v 0.110970 1.015998 -0.128545
v 0.087647 1.021489 0.072303
v 0.235951 1.023630 0.042339
v 0.065276 1.023630 -0.099043
v 0.145101 1.023630 -0.155271
v 0.250308 1.023630 -0.037263
v 0.068007 1.026749 0.027168
v 0.215990 1.023630 -0.092317
v 0.057484 1.023630 -0.031516
v 0.182473 1.023630 0.079339
v 0.101542 1.023630 -0.154771
v 0.064565 1.055437 0.078074
v 0.251213 1.050408 0.060972
v 0.042829 1.039519 -0.111593
v 0.129258 1.044486 -0.171245
v 0.263952 1.050408 -0.038456
v 0.041160 1.037080 0.007981
v 0.218548 1.050408 -0.111294
v 0.028620 1.039519 -0.031122
v 0.174205 1.050408 0.094800
v 0.078224 1.042842 -0.160981
v 0.251243 1.081859 0.061907
v 0.127785 1.081859 -0.191332
v 0.280283 1.081859 -0.040009
v 0.220452 1.081859 -0.135991
v 0.162018 1.081859 0.133062
v 0.051805 1.081859 -0.185817
v 0.256184 1.158379 0.070871
v 0.129021 1.158379 -0.217436
v 0.294868 1.158379 -0.039967
v 0.229799 1.158379 -0.144350
v 0.167676 1.155233 0.130705
v 0.046390 1.158379 -0.198538
v 0.218556 1.209995 0.073493
v 0.122781 1.236007 -0.201367
v 0.269394 1.236007 -0.040435
v 0.211872 1.236006 -0.147981
v 0.155693 1.206583 0.107493
v 0.049733 1.236006 -0.195884
v 0.171792 1.302433 0.071760
v 0.105706 1.313882 -0.158486
v 0.187698 1.315230 -0.043363
v 0.163274 1.313882 -0.109424
v 0.126973 1.275685 0.073502
v 0.046685 1.313882 -0.144227
v 0.148350 1.333156 0.006227
v 0.103691 1.333156 -0.135115
v 0.158855 1.333156 -0.044330
v 0.137212 1.333156 -0.091945
v 0.116074 1.333156 0.047653
v 0.041985 1.333156 -0.140053
v 0.121648 1.393982 -0.027808
v 0.105488 1.393982 -0.139667
v 0.127114 1.393982 -0.077206
v 0.121046 1.393982 -0.102271
v 0.104854 1.393982 0.012045
v 0.043440 1.393982 -0.134770
v 0.121648 1.526841 -0.032909
v 0.096805 1.551034 -0.179106
v 0.127114 1.526841 -0.082307
v 0.121046 1.526841 -0.107372
v 0.104854 1.547185 -0.010019
v 0.040629 1.547670 -0.177829
v 0.164874 1.647978 0.001274
v 0.107921 1.659035 -0.192478
v 0.153518 1.639817 -0.062137
v 0.144363 1.639817 -0.094313
v 0.124078 1.575909 0.015179
v 0.044727 1.659035 -0.186871
v 0.183554 1.772391 -0.008485
v 0.131339 1.773633 -0.181614
v 0.181087 1.782726 -0.062137
v 0.176557 1.782726 -0.094313
v 0.134160 1.708243 0.002524
v 0.052604 1.773980 -0.182734
v 0.183237 1.865882 -0.012101
v 0.148859 1.823288 -0.197957
v 0.182791 1.856286 -0.057896
v 0.188282 1.857158 -0.109790
v 0.138082 1.730942 0.047223
v 0.060035 1.823288 -0.175700
v 0.207681 1.975744 -0.012938
v 0.146268 1.908330 0.036583
v 0.149575 1.999742 -0.125140
v 0.206071 1.984020 -0.093360
v 0.070389 1.990610 -0.119309
v 0.244530 1.849592 -0.012101
v 0.242227 1.835273 -0.053316
v 0.242920 1.852818 -0.094313
v 0.244530 1.954339 -0.012938
v 0.242920 1.953915 -0.084036
v 0.152695 1.831899 0.035461
v 0.185196 1.909451 -0.007554
v 0.244530 1.899053 -0.004489
v 0.061357 1.904979 -0.162950
v 0.149384 1.911020 -0.164309
v 0.206071 1.916656 -0.119183
v 0.242920 1.896880 -0.105297
v 0.206876 1.985405 -0.048487
v 0.243725 1.964000 -0.048487
v 0.031798 1.067540 0.070978
v 0.077979 1.988259 -0.082830
v 0.009970 1.053069 -0.008321
v 0.006781 1.060452 -0.030586
v 0.018894 1.081859 -0.161613
v 0.056731 1.161752 0.095093
v 0.064424 1.211772 0.097580
v 0.063718 1.262032 0.060149
v 0.059441 1.325182 0.066613
v 0.044367 1.393982 0.063791
v 0.019284 1.547185 -0.002621
v 0.021513 1.563792 0.033282
v 0.024516 1.686201 0.019144
v 0.025715 1.707194 0.059790
v 0.029931 1.908330 0.046080
v 0.029931 1.831899 0.044958
v 0.038195 1.961966 0.010117
v 0.014945 1.158379 -0.175412
v 0.012752 1.236007 -0.168647
v 0.011971 1.313882 -0.134683
v 0.010765 1.333156 -0.123302
v 0.011138 1.393982 -0.136511
v 0.010418 1.546472 -0.156624
v 0.011468 1.659035 -0.163488
v 0.013488 1.774103 -0.173958
v 0.015394 1.823288 -0.166937
v 0.018048 1.986861 -0.115818
v 0.015733 1.902243 -0.147498
v 0.023045 1.988949 -0.082484
v 0.059655 1.987868 -0.074255
v 0.028096 1.970210 -0.001131
v 0.016498 1.986678 -0.073634
v 0.067582 1.968598 -0.036603
v 0.053179 1.983065 -0.037725
v 0.041654 1.989904 -0.057327
v 0.028713 1.987508 -0.016883
v 0.024421 1.989061 -0.071853
v 0.042491 1.993362 -0.036973
v 0.336572 1.772090 -0.024571
v 0.331613 1.764814 -0.049591
v 0.336519 1.774278 -0.074479
v 0.363587 1.829654 -0.025079
v 0.362593 1.829836 -0.068240
v 0.349328 1.799271 -0.019950
v 0.347883 1.798492 -0.081147
v 0.365636 1.835171 -0.046659
v 0.349660 1.761276 -0.022943
v 0.348607 1.742910 -0.049650
v 0.349604 1.763612 -0.076217
v 0.378497 1.822722 -0.023485
v 0.377436 1.822917 -0.069557
v 0.363277 1.790290 -0.018010
v 0.361734 1.789459 -0.083334
v 0.380685 1.828611 -0.046521
v 0.407980 1.714111 -0.020628
v 0.402211 1.701391 -0.049734
v 0.407918 1.722982 -0.078687
v 0.439407 1.787402 -0.021219
v 0.438250 1.787614 -0.071429
v 0.422819 1.752057 -0.015252
v 0.421138 1.751151 -0.086444
v 0.441791 1.793820 -0.046324
v 0.461366 1.673114 -0.020782
v 0.455629 1.663756 -0.049729
v 0.461305 1.682446 -0.078523
v 0.490869 1.735345 -0.021369
v 0.491471 1.733811 -0.071305
v 0.476125 1.711362 -0.015435
v 0.474453 1.710461 -0.086237
v 0.494992 1.741746 -0.046337
v 0.633756 1.534662 -0.034927
v 0.634042 1.533301 -0.047058
v 0.635554 1.538045 -0.058590
v 0.647499 1.567594 -0.030203
v 0.647914 1.574149 -0.059885
v 0.641585 1.554156 -0.025054
v 0.637132 1.551726 -0.073186
v 0.650318 1.577206 -0.045116
v 0.062069 1.393982 0.035390
v 0.062069 1.547185 -0.006320
v 0.083626 1.563792 0.028835
v 0.078910 1.686311 0.014395
v 0.082767 1.707304 0.055042
v 0.096337 1.908330 0.041332
v 0.122938 1.968855 -0.001410
v 0.096337 1.831899 0.040210
v 0.052888 1.965282 -0.013243
v 0.040638 1.972807 -0.019428
v 0.035453 1.990482 -0.026950
v 0.087913 1.967069 -0.007327
v 0.078405 1.274839 0.074868
v 0.077618 1.325182 0.049997
v 0.026736 1.111748 0.084990
v 0.021608 1.101182 0.034948
v 0.034956 1.160048 0.113636
v 0.060065 1.236007 0.077971
v 0.551279 1.591384 -0.049405
v 0.555137 1.597350 -0.029593
v 0.578293 1.646009 -0.047070
v 0.575955 1.641309 -0.064484
v 0.563993 1.620596 -0.076908
v 0.555039 1.601452 -0.069236
v 0.575775 1.641104 -0.030189
v 0.565255 1.621205 -0.022047
v 0.224495 1.970839 -0.088698
v 0.224495 1.854988 -0.102052
v 0.227002 1.845779 -0.055606
v 0.226105 1.857737 -0.012101
v 0.226105 1.965042 -0.012938
v 0.226105 1.911319 -0.006022
v 0.224495 1.906768 -0.112240
v 0.225300 1.974702 -0.048487
v 0.257322 0.908264 -0.036558
v 0.255116 0.908136 0.024164
v 0.117236 0.900147 -0.083684
v 0.144693 0.901738 -0.126195
v 0.177671 0.903649 -0.126576
v 0.231341 0.906759 -0.078554
v 0.134173 0.901128 0.063923
v 0.119304 0.900266 0.014422
v 0.205965 0.905288 0.060634
v 0.111337 0.899805 -0.032173
v 0.044335 1.338181 -0.147685
v 0.104698 1.344134 -0.146800
v 0.141594 1.344134 -0.100684
v 0.171000 1.344134 -0.043847
v 0.156728 1.344134 0.013089
v 0.122865 1.344242 0.057091
v 0.061961 1.326213 0.077859
v 0.011368 1.339045 -0.128992
v 0.084274 1.337605 0.068255
v 0.635036 1.539652 -0.028389
v 0.649748 1.574911 -0.038358
v 0.640957 1.561217 -0.070256
v 0.655322 1.525681 -0.018817
v 0.649657 1.526266 -0.047689
v 0.653496 1.533626 -0.069192
v 0.669981 1.567124 -0.035762
v 0.668751 1.567026 -0.061640
v 0.663060 1.545452 -0.019088
v 0.659787 1.554987 -0.082772
v 0.669451 1.569496 -0.045886
v 0.771249 1.551859 -0.074967
v 0.770770 1.549693 -0.081499
v 0.770855 1.552272 -0.088083
v 0.770781 1.566137 -0.075236
v 0.770386 1.566611 -0.086588
v 0.776395 1.557467 -0.072446
v 0.770630 1.557084 -0.091517
v 0.770542 1.568082 -0.080723
v 0.802758 1.552080 -0.076724
v 0.802422 1.550287 -0.082131
v 0.802481 1.552423 -0.087582
v 0.802430 1.565670 -0.076947
v 0.802153 1.566063 -0.086345
v 0.802665 1.558491 -0.073447
v 0.802324 1.558175 -0.090426
v 0.802262 1.567279 -0.081490
v 0.836176 1.552540 -0.077774
v 0.835813 1.550896 -0.082733
v 0.835878 1.552854 -0.087731
v 0.835821 1.565001 -0.077979
v 0.835522 1.565361 -0.086596
v 0.836076 1.558418 -0.074770
v 0.835707 1.558129 -0.090338
v 0.835640 1.566477 -0.082144
v 0.851588 1.555793 -0.080937
v 0.851467 1.555247 -0.082583
v 0.851489 1.555897 -0.084241
v 0.851470 1.559928 -0.081005
v 0.851371 1.560048 -0.083865
v 0.851555 1.557744 -0.079940
v 0.851432 1.557648 -0.085106
v 0.851410 1.560418 -0.082387
v 0.852111 1.557823 -0.082456
v 0.849123 1.564007 -0.082215
v 0.849028 1.563108 -0.085798
v 0.849177 1.557288 -0.088810
v 0.849314 1.553043 -0.086712
v 0.849262 1.551466 -0.082689
v 0.849269 1.562819 -0.078863
v 0.849555 1.552790 -0.078698
v 0.849474 1.557520 -0.076280
v 0.730214 1.524787 -0.000355
v 0.731800 1.523217 -0.006129
v 0.733901 1.525205 -0.011843
v 0.731293 1.542728 -0.000309
v 0.734109 1.540881 -0.011397
v 0.729704 1.534387 0.002784
v 0.735545 1.533847 -0.016894
v 0.732568 1.543557 -0.006243
v 0.751180 1.524154 0.004687
v 0.751996 1.522366 -0.000834
v 0.753716 1.524532 -0.006203
v 0.752900 1.540572 0.004829
v 0.755077 1.541001 -0.004600
v 0.751196 1.533244 0.008145
v 0.755117 1.532960 -0.011644
v 0.754126 1.542227 0.000309
v 0.771616 1.522490 0.001654
v 0.772624 1.520281 -0.004911
v 0.774248 1.522957 -0.009370
v 0.773740 1.539612 0.001823
v 0.775929 1.540142 -0.007464
v 0.771635 1.530558 0.003311
v 0.776040 1.530208 -0.014296
v 0.775256 1.541657 -0.003552
v 0.788409 1.525372 0.001661
v 0.789571 1.524479 -0.000994
v 0.787924 1.525561 -0.005287
v 0.789268 1.532294 0.001729
v 0.788603 1.532508 -0.004516
v 0.788940 1.528634 0.002576
v 0.788468 1.528492 -0.005985
v 0.790635 1.533121 -0.000444
v 0.790874 1.528682 -0.000508
v 0.787909 1.537908 -0.000981
v 0.785881 1.536689 -0.006560
v 0.785947 1.528693 -0.011299
v 0.784528 1.522858 -0.008093
v 0.785791 1.520704 -0.002075
v 0.786689 1.536262 0.003344
v 0.784980 1.522481 0.003209
v 0.788908 1.528975 0.004063
v 0.705161 1.523620 0.000341
v 0.712806 1.547177 -0.003066
v 0.708103 1.537667 0.001089
v 0.674777 1.521569 -0.008750
v 0.689852 1.548293 -0.006454
v 0.680331 1.537667 -0.003721
v 0.703543 1.574425 -0.028560
v 0.651460 1.521623 -0.032989
v 0.676518 1.518288 -0.022347
v 0.722857 1.518998 -0.024629
v 0.711307 1.519907 -0.014093
v 0.667740 1.527166 -0.075433
v 0.729768 1.572328 -0.025269
v 0.723390 1.546666 -0.014898
v 0.729581 1.535017 -0.022450
v 0.719656 1.552865 -0.007214
v 0.691304 1.571766 -0.056495
v 0.678508 1.558924 -0.084588
v 0.706984 1.578516 -0.044860
v 0.686470 1.555935 -0.014627
v 0.658006 1.543596 -0.085407
v 0.671786 1.536354 -0.082128
v 0.672606 1.522620 -0.044160
v 0.702403 1.522523 -0.078444
v 0.729145 1.570620 -0.056541
v 0.714623 1.556366 -0.090844
v 0.731803 1.577875 -0.043748
v 0.719594 1.539475 -0.036922
v 0.706995 1.529727 -0.086042
v 0.672446 1.526882 -0.049236
v 0.693734 1.520182 -0.042515
v 0.753444 1.536113 -0.079213
v 0.704068 1.535536 -0.041307
v 0.727310 1.538865 -0.024153
v 0.727078 1.549752 -0.014883
v 0.669607 1.562691 -0.027163
v 0.688475 1.565042 -0.020994
v 0.722110 1.553292 -0.015113
v 0.760971 1.580312 -0.025145
v 0.760227 1.575068 -0.056581
v 0.760227 1.558823 -0.092555
v 0.760243 1.584445 -0.043624
v 0.756877 1.543823 -0.040279
v 0.760227 1.550025 -0.091219
v 0.753468 1.546795 -0.048831
v 0.757502 1.545480 -0.024172
v 0.758693 1.546071 -0.017764
v 0.760243 1.557739 -0.014989
v 0.663787 1.560705 -0.075586
v 0.684906 1.566640 -0.073358
v 0.721884 1.563783 -0.077095
v 0.760227 1.568112 -0.073778
v 0.680641 1.561310 -0.082821
v 0.695262 1.566958 -0.077946
v 0.717044 1.558292 -0.086261
v 0.719464 1.563530 -0.081678
v 0.760227 1.566651 -0.086137
v 0.760227 1.571933 -0.081554
v 0.766470 1.556776 -0.072345
v 0.766119 1.547845 -0.075621
v 0.810056 1.558156 -0.090816
v 0.810219 1.552223 -0.087884
v 0.810157 1.550021 -0.082263
v 0.810165 1.565884 -0.076916
v 0.809992 1.567544 -0.081601
v 0.810503 1.551870 -0.076686
v 0.810408 1.558481 -0.073307
v 0.809879 1.566289 -0.086607
v 0.818568 1.558204 -0.090428
v 0.818668 1.565360 -0.077559
v 0.818982 1.552384 -0.077346
v 0.818718 1.552712 -0.087713
v 0.818661 1.550672 -0.082509
v 0.818509 1.566897 -0.081896
v 0.818893 1.558505 -0.074217
v 0.818404 1.565734 -0.086531
v 0.773660 1.550317 -0.055742
v 0.773055 1.547892 -0.063055
v 0.772260 1.550780 -0.070427
v 0.774832 1.572334 -0.056085
v 0.776221 1.572959 -0.069698
v 0.775389 1.557037 -0.051414
v 0.773810 1.556608 -0.072889
v 0.774233 1.574314 -0.063103
v 0.810218 1.553504 -0.059003
v 0.809882 1.551918 -0.063784
v 0.809942 1.553807 -0.068603
v 0.807675 1.569939 -0.057335
v 0.807324 1.570427 -0.069029
v 0.808032 1.557971 -0.054018
v 0.807602 1.557618 -0.073026
v 0.807463 1.571941 -0.062988
v 0.850355 1.551803 -0.058863
v 0.849895 1.549961 -0.064414
v 0.849977 1.552154 -0.070010
v 0.849906 1.565753 -0.059092
v 0.849528 1.566156 -0.068739
v 0.850227 1.558383 -0.055499
v 0.849762 1.558059 -0.072928
v 0.849677 1.567405 -0.063755
v 0.869818 1.555548 -0.062404
v 0.869666 1.554937 -0.064246
v 0.869693 1.555665 -0.066103
v 0.869670 1.560178 -0.062480
v 0.869544 1.560311 -0.065681
v 0.869776 1.557732 -0.061287
v 0.869622 1.557625 -0.067071
v 0.869594 1.560726 -0.064027
v 0.870479 1.557821 -0.064104
v 0.866705 1.564754 -0.063835
v 0.866585 1.563748 -0.067846
v 0.866774 1.557232 -0.071218
v 0.866947 1.552479 -0.068868
v 0.866881 1.550714 -0.064365
v 0.866889 1.563424 -0.060081
v 0.867251 1.552196 -0.059897
v 0.867148 1.557492 -0.057190
v 0.817367 1.557596 -0.073463
v 0.817658 1.553631 -0.068870
v 0.817596 1.551683 -0.063900
v 0.817503 1.570205 -0.057297
v 0.817284 1.572271 -0.063126
v 0.817942 1.553318 -0.058970
v 0.817810 1.557960 -0.053861
v 0.817140 1.570709 -0.069356
v 0.828116 1.557650 -0.073029
v 0.828307 1.569553 -0.058096
v 0.826398 1.553773 -0.059553
v 0.826135 1.554062 -0.068719
v 0.826078 1.552259 -0.064118
v 0.828104 1.571465 -0.063493
v 0.828527 1.557987 -0.054880
v 0.827971 1.570019 -0.069261
v 0.764747 1.531555 -0.016544
v 0.763262 1.524168 -0.013637
v 0.761691 1.521914 -0.003796
v 0.762632 1.539476 0.002097
v 0.763908 1.541198 -0.002606
v 0.760842 1.523774 0.001950
v 0.760859 1.531850 0.005548
v 0.764678 1.539922 -0.011969
v 0.687038 1.570750 -0.069615
v 0.702116 1.573204 -0.063749
v 0.724304 1.568463 -0.072512
v 0.726725 1.571487 -0.065350
v 0.760227 1.572911 -0.070259
v 0.760227 1.579353 -0.063672
v 0.671151 1.521258 -0.059127
v 0.669529 1.523717 -0.066880
v 0.650595 1.528064 -0.059392
v 0.666499 1.524926 -0.065055
v 0.702252 1.526489 -0.059337
v 0.700985 1.522310 -0.067613
v 0.755499 1.539407 -0.062481
v 0.752682 1.547792 -0.068632
v 0.767053 1.556362 -0.071243
v 0.762781 1.550143 -0.070156
v 0.765658 1.546632 -0.062985
v 0.772998 1.523897 0.001886
v 0.774728 1.537838 0.002023
v 0.773014 1.530466 0.003234
v 0.785270 1.535110 0.003262
v 0.783878 1.523890 0.003152
v 0.785296 1.529177 0.004379
v 0.760607 1.576828 -0.034385
v 0.773763 1.550317 -0.036160
v 0.773158 1.547892 -0.044230
v 0.772364 1.550780 -0.051601
v 0.776510 1.572428 -0.036559
v 0.776325 1.572959 -0.050873
v 0.775493 1.557037 -0.031832
v 0.773914 1.556608 -0.054064
v 0.775505 1.574221 -0.044280
v 0.810384 1.553504 -0.039510
v 0.810049 1.551918 -0.044291
v 0.810109 1.553807 -0.049110
v 0.807842 1.569939 -0.037842
v 0.807491 1.570427 -0.049536
v 0.808199 1.557971 -0.034525
v 0.807769 1.557618 -0.053533
v 0.807629 1.571941 -0.043495
v 0.850522 1.551803 -0.039370
v 0.850062 1.549961 -0.044921
v 0.850144 1.552154 -0.050517
v 0.850073 1.565753 -0.039599
v 0.849695 1.566156 -0.049246
v 0.850394 1.558383 -0.036006
v 0.849929 1.558059 -0.053435
v 0.849844 1.567405 -0.044262
v 0.869985 1.555548 -0.042911
v 0.869833 1.554937 -0.044753
v 0.869860 1.555665 -0.046610
v 0.869836 1.560178 -0.042987
v 0.869711 1.560311 -0.046188
v 0.869943 1.557732 -0.041794
v 0.869789 1.557625 -0.047578
v 0.869760 1.560726 -0.044534
v 0.870646 1.557821 -0.044611
v 0.866872 1.564754 -0.044341
v 0.866752 1.563748 -0.048353
v 0.866941 1.557232 -0.051724
v 0.867114 1.552479 -0.049375
v 0.867048 1.550714 -0.044872
v 0.867056 1.563424 -0.040588
v 0.867417 1.552196 -0.040404
v 0.867315 1.557492 -0.037697
v 0.817534 1.557596 -0.053970
v 0.817825 1.553631 -0.049377
v 0.817763 1.551683 -0.044407
v 0.817670 1.570205 -0.037804
v 0.817450 1.572271 -0.043633
v 0.818109 1.553318 -0.039477
v 0.817977 1.557960 -0.034368
v 0.817307 1.570709 -0.049863
v 0.828283 1.557650 -0.053536
v 0.828474 1.569553 -0.038603
v 0.826565 1.553773 -0.040060
v 0.826302 1.554062 -0.049226
v 0.826245 1.552259 -0.044624
v 0.828271 1.571465 -0.044000
v 0.828694 1.557987 -0.035387
v 0.828138 1.570019 -0.049768
v 0.760231 1.579852 -0.053142
v 0.762010 1.561349 -0.052699
v 0.763449 1.550291 -0.050871
v 0.763183 1.546461 -0.043971
v 0.760819 1.575152 -0.018753
v 0.776238 1.556897 -0.017958
v 0.775663 1.554571 -0.022843
v 0.774907 1.555778 -0.030215
v 0.776252 1.572406 -0.018259
v 0.778673 1.572937 -0.031914
v 0.777882 1.557016 -0.013629
v 0.776381 1.557426 -0.034200
v 0.776783 1.574292 -0.025319
v 0.810970 1.553504 -0.020211
v 0.810652 1.551918 -0.024991
v 0.810708 1.553807 -0.029811
v 0.808554 1.569939 -0.018542
v 0.808219 1.570427 -0.030237
v 0.808892 1.557971 -0.015225
v 0.808483 1.557618 -0.034234
v 0.808351 1.571941 -0.024195
v 0.849132 1.551803 -0.019509
v 0.848695 1.549961 -0.025060
v 0.848773 1.552154 -0.030655
v 0.848705 1.565753 -0.019737
v 0.848345 1.566156 -0.029385
v 0.849011 1.558383 -0.016145
v 0.848568 1.558059 -0.033574
v 0.848487 1.567405 -0.024401
v 0.867637 1.555548 -0.022938
v 0.867492 1.554937 -0.024780
v 0.867518 1.555665 -0.026637
v 0.867495 1.560178 -0.023014
v 0.867376 1.560311 -0.026216
v 0.867597 1.557732 -0.021822
v 0.867450 1.557625 -0.027606
v 0.867423 1.560726 -0.024562
v 0.868265 1.557821 -0.024639
v 0.864677 1.564754 -0.024351
v 0.864563 1.563748 -0.028362
v 0.864742 1.557232 -0.031734
v 0.864907 1.552479 -0.029385
v 0.864844 1.550714 -0.024881
v 0.864852 1.563424 -0.020597
v 0.865196 1.552196 -0.020413
v 0.865098 1.557492 -0.017706
v 0.817768 1.557596 -0.034409
v 0.818045 1.553631 -0.029815
v 0.817986 1.551683 -0.024846
v 0.817897 1.570205 -0.018242
v 0.817689 1.572271 -0.024071
v 0.818315 1.553318 -0.019916
v 0.818190 1.557960 -0.014807
v 0.817553 1.570709 -0.030301
v 0.827988 1.557650 -0.033843
v 0.828169 1.569553 -0.018911
v 0.826355 1.553773 -0.020368
v 0.826104 1.554062 -0.029533
v 0.826050 1.552259 -0.024932
v 0.827976 1.571465 -0.024308
v 0.828379 1.557987 -0.015695
v 0.827850 1.570019 -0.030076
v 0.760705 1.578803 -0.031899
v 0.765511 1.557773 -0.032778
v 0.765869 1.550143 -0.030259
v 0.691925 1.576416 -0.053407
v 0.729850 1.575404 -0.053145
v 0.762099 1.561399 -0.053647
v 0.692781 1.573381 -0.038447
v 0.765938 1.547589 -0.056294
v 0.730785 1.572380 -0.035846
v 0.692548 1.575453 -0.034517
v 0.730512 1.574355 -0.032023
v 0.765549 1.557613 -0.033371
v 0.689960 1.568773 -0.024521
v 0.763934 1.551771 -0.034103
v 0.728500 1.565229 -0.021482
v 0.706390 1.532374 -0.051958
v 0.754329 1.541306 -0.055810
v 0.757419 1.549153 -0.033752
v 0.738853 1.546339 -0.035507
v 0.733738 1.541432 -0.079816
v 0.731976 1.543579 -0.047886
v 0.741548 1.557595 -0.091699
v 0.737734 1.539876 -0.088631
v 0.749415 1.576320 -0.025207
v 0.750145 1.581160 -0.043686
v 0.747171 1.554016 -0.016323
v 0.747428 1.555515 -0.015051
v 0.735298 1.545131 -0.041365
v 0.748809 1.572844 -0.056561
v 0.746817 1.549770 -0.024163
v 0.745179 1.565947 -0.075437
v 0.742758 1.562472 -0.086199
v 0.743968 1.567731 -0.081616
v 0.746389 1.570687 -0.071386
v 0.747599 1.575420 -0.064511
v 0.736929 1.545238 -0.061187
v 0.735490 1.547299 -0.068595
v 0.749164 1.577628 -0.053143
v 0.749779 1.574604 -0.035115
v 0.749681 1.576579 -0.031961
v 0.729166 1.543813 -0.053282
v 0.748721 1.570190 -0.020117
v 0.047226 2.230017 0.014814
v 0.053026 2.228121 0.012487
v 0.058372 2.225042 0.010343
v 0.063058 2.220899 0.008463
v 0.066903 2.215850 0.006921
v 0.069761 2.210090 0.005774
v 0.071520 2.203840 0.005068
v 0.072115 2.197340 0.004830
v 0.071520 2.190840 0.005068
v 0.069761 2.184590 0.005774
v 0.066903 2.178829 0.006921
v 0.063058 2.173781 0.008463
v 0.058372 2.169637 0.010343
v 0.053026 2.166559 0.012487
v 0.047226 2.164663 0.014814
v 0.047402 2.230017 0.015608
v 0.053373 2.228121 0.014045
v 0.058876 2.225042 0.012604
v 0.063699 2.220899 0.011341
v 0.067657 2.215850 0.010304
v 0.070598 2.210090 0.009534
v 0.072410 2.203840 0.009060
v 0.073021 2.197340 0.008900
v 0.072410 2.190840 0.009060
v 0.070598 2.184590 0.009534
v 0.067657 2.178829 0.010304
v 0.063699 2.173781 0.011341
v 0.058876 2.169637 0.012604
v 0.053373 2.166559 0.014045
v 0.047402 2.164663 0.015608
v 0.047341 2.230017 0.016465
v 0.053252 2.228121 0.015725
v 0.058700 2.225042 0.015043
v 0.063475 2.220899 0.014445
v 0.067394 2.215850 0.013955
v 0.070306 2.210090 0.013590
v 0.072099 2.203840 0.013366
v 0.072705 2.197340 0.013290
v 0.072099 2.190840 0.013366
v 0.070306 2.184590 0.013590
v 0.067394 2.178829 0.013955
v 0.063475 2.173781 0.014445
v 0.058700 2.169637 0.015043
v 0.053252 2.166559 0.015725
v 0.047341 2.164663 0.016465
v 0.047043 2.230017 0.017351
v 0.052668 2.228121 0.017463
v 0.057851 2.225042 0.017566
v 0.062395 2.220899 0.017656
v 0.066124 2.215850 0.017731
v 0.068895 2.210090 0.017786
v 0.070601 2.203840 0.017820
v 0.071177 2.197340 0.017831
v 0.070601 2.190840 0.017820
v 0.068895 2.184590 0.017786
v 0.066124 2.178829 0.017731
v 0.062395 2.173781 0.017656
v 0.057851 2.169637 0.017566
v 0.052668 2.166559 0.017463
v 0.047043 2.164663 0.017351
v 0.046520 2.230017 0.018232
v 0.051642 2.228121 0.019192
v 0.056363 2.225042 0.020076
v 0.060500 2.220899 0.020852
v 0.063896 2.215850 0.021488
v 0.066419 2.210090 0.021961
v 0.067973 2.203840 0.022252
v 0.068497 2.197340 0.022350
v 0.067973 2.190840 0.022252
v 0.066419 2.184590 0.021961
v 0.063896 2.178829 0.021488
v 0.060500 2.173781 0.020852
v 0.056363 2.169637 0.020076
v 0.051642 2.166559 0.019192
v 0.046520 2.164663 0.018232
v 0.041193 2.164022 0.017234
v 0.045792 2.230017 0.019075
v 0.050215 2.228121 0.020846
v 0.054291 2.225042 0.022478
v 0.057863 2.220899 0.023908
v 0.060795 2.215850 0.025082
v 0.062974 2.210090 0.025954
v 0.064315 2.203840 0.026491
v 0.064768 2.197340 0.026672
v 0.064315 2.190840 0.026491
v 0.062974 2.184590 0.025954
v 0.060795 2.178829 0.025082
v 0.057863 2.173781 0.023908
v 0.054291 2.169637 0.022478
v 0.050215 2.166559 0.020846
v 0.045792 2.164663 0.019075
v 0.044888 2.230017 0.019848
v 0.048441 2.228121 0.022361
v 0.051716 2.225042 0.024677
v 0.054586 2.220899 0.026707
v 0.056941 2.215850 0.028374
v 0.058692 2.210090 0.029612
v 0.059769 2.203840 0.030374
v 0.060133 2.197340 0.030631
v 0.059769 2.190840 0.030374
v 0.058692 2.184590 0.029612
v 0.056941 2.178829 0.028374
v 0.054586 2.173781 0.026707
v 0.051716 2.169637 0.024677
v 0.048441 2.166559 0.022361
v 0.044888 2.164663 0.019848
v 0.043842 2.230017 0.020520
v 0.046389 2.228121 0.023679
v 0.048736 2.225042 0.026591
v 0.050794 2.220899 0.029143
v 0.052482 2.215850 0.031238
v 0.053737 2.210090 0.032794
v 0.054509 2.203840 0.033752
v 0.054770 2.197340 0.034076
v 0.054509 2.190840 0.033752
v 0.053737 2.184590 0.032794
v 0.052482 2.178829 0.031238
v 0.050794 2.173781 0.029143
v 0.048736 2.169637 0.026591
v 0.046389 2.166559 0.023679
v 0.043842 2.164663 0.020520
v 0.042694 2.230017 0.021066
v 0.044137 2.228121 0.024750
v 0.045467 2.225042 0.028145
v 0.046633 2.220899 0.031121
v 0.047589 2.215850 0.033563
v 0.048300 2.210090 0.035378
v 0.048738 2.203840 0.036496
v 0.048886 2.197340 0.036873
v 0.048738 2.190840 0.036496
v 0.048300 2.184590 0.035378
v 0.047589 2.178829 0.033563
v 0.046633 2.173781 0.031121
v 0.045467 2.169637 0.028145
v 0.044137 2.166559 0.024750
v 0.042694 2.164663 0.021066
v 0.041488 2.230017 0.021464
v 0.041772 2.228121 0.025531
v 0.042033 2.225042 0.029280
v 0.042262 2.220899 0.032565
v 0.042451 2.215850 0.035262
v 0.042590 2.210090 0.037265
v 0.042676 2.203840 0.038499
v 0.042705 2.197340 0.038916
v 0.042676 2.190840 0.038499
v 0.042590 2.184590 0.037265
v 0.042451 2.178829 0.035262
v 0.042262 2.173781 0.032565
v 0.042033 2.169637 0.029280
v 0.041772 2.166559 0.025531
v 0.041488 2.164663 0.021464
v 0.040271 2.230017 0.021700
v 0.039385 2.228121 0.025994
v 0.038567 2.225042 0.029952
v 0.037851 2.220899 0.033421
v 0.037264 2.215850 0.036267
v 0.036827 2.210090 0.038383
v 0.036558 2.203840 0.039685
v 0.036467 2.197340 0.040125
v 0.036558 2.190840 0.039685
v 0.036827 2.184590 0.038383
v 0.037264 2.178829 0.036267
v 0.037851 2.173781 0.033421
v 0.038567 2.169637 0.029952
v 0.039385 2.166559 0.025994
v 0.040271 2.164663 0.021700
v 0.041193 2.230657 0.017234
v 0.039090 2.230017 0.021764
v 0.037067 2.228121 0.026120
v 0.035203 2.225042 0.030135
v 0.033568 2.220899 0.033654
v 0.032228 2.215850 0.036541
v 0.031231 2.210090 0.038687
v 0.030617 2.203840 0.040009
v 0.030410 2.197340 0.040455
v 0.030617 2.190840 0.040009
v 0.031231 2.184590 0.038687
v 0.032228 2.178829 0.036541
v 0.033568 2.173781 0.033654
v 0.035203 2.169637 0.030135
v 0.037067 2.166559 0.026120
v 0.039089 2.164663 0.021764
v 0.037989 2.230017 0.021655
v 0.034907 2.228121 0.025905
v 0.032068 2.225042 0.029822
v 0.029579 2.220899 0.033256
v 0.027536 2.215850 0.036074
v 0.026018 2.210090 0.038167
v 0.025083 2.203840 0.039457
v 0.024768 2.197340 0.039892
v 0.025083 2.190840 0.039457
v 0.026018 2.184590 0.038167
v 0.027536 2.178829 0.036074
v 0.029579 2.173781 0.033256
v 0.032068 2.169637 0.029822
v 0.034907 2.166559 0.025905
v 0.037989 2.164663 0.021655
v 0.037011 2.230017 0.021375
v 0.032990 2.228121 0.025356
v 0.029284 2.225042 0.029026
v 0.026035 2.220899 0.032242
v 0.023369 2.215850 0.034882
v 0.021388 2.210090 0.036843
v 0.020169 2.203840 0.038051
v 0.019757 2.197340 0.038459
v 0.020169 2.190840 0.038051
v 0.021388 2.184590 0.036843
v 0.023369 2.178829 0.034882
v 0.026035 2.173781 0.032242
v 0.029284 2.169637 0.029026
v 0.032990 2.166559 0.025356
v 0.037011 2.164663 0.021375
v 0.036194 2.230017 0.020936
v 0.031387 2.228121 0.024496
v 0.026957 2.225042 0.027776
v 0.023074 2.220899 0.030652
v 0.019888 2.215850 0.033012
v 0.017520 2.210090 0.034765
v 0.016062 2.203840 0.035845
v 0.015569 2.197340 0.036210
v 0.016062 2.190840 0.035845
v 0.017520 2.184590 0.034765
v 0.019888 2.178829 0.033012
v 0.023074 2.173781 0.030652
v 0.026957 2.169637 0.027776
v 0.031387 2.166559 0.024496
v 0.036194 2.164663 0.020936
v 0.035569 2.230017 0.020355
v 0.030162 2.228121 0.023356
v 0.025178 2.225042 0.026122
v 0.020810 2.220899 0.028546
v 0.017225 2.215850 0.030535
v 0.014561 2.210090 0.032014
v 0.012921 2.203840 0.032924
v 0.012367 2.197340 0.033231
v 0.012921 2.190840 0.032924
v 0.014561 2.184590 0.032014
v 0.017225 2.178829 0.030535
v 0.020810 2.173781 0.028546
v 0.025178 2.169637 0.026122
v 0.030162 2.166559 0.023356
v 0.035569 2.164663 0.020355
v 0.035161 2.230017 0.019654
v 0.029360 2.228121 0.021981
v 0.024014 2.225042 0.024126
v 0.019328 2.220899 0.026005
v 0.015483 2.215850 0.027548
v 0.012625 2.210090 0.028694
v 0.010866 2.203840 0.029400
v 0.010272 2.197340 0.029638
v 0.010866 2.190840 0.029400
v 0.012625 2.184590 0.028694
v 0.015483 2.178829 0.027548
v 0.019328 2.173781 0.026005
v 0.024014 2.169637 0.024126
v 0.029360 2.166559 0.021981
v 0.035161 2.164663 0.019654
v 0.010658 2.095661 0.068379
v 0.009701 2.095700 0.065790
v 0.001998 2.096013 0.069817
v 0.001253 2.096044 0.067816
v 0.013550 2.126969 0.063913
v 0.015155 2.126904 0.072456
v 0.001289 2.096815 0.070446
v 0.011592 2.096396 0.068735
v 0.010453 2.096443 0.065105
v 0.011699 2.108903 0.065235
v 0.001040 2.109337 0.073632
v 0.013023 2.108850 0.071642
v 0.013742 2.073381 0.052195
v 0.013310 2.073370 0.050060
v 0.020149 2.073647 0.049564
v 0.019819 2.073638 0.047912
v 0.011802 2.048518 0.049795
v 0.014268 2.048597 0.056193
v 0.025012 2.049043 0.051780
v 0.022718 2.048967 0.046191
v 0.020311 2.073050 0.047342
v 0.020931 2.073068 0.049676
v 0.013309 2.072752 0.052807
v 0.012568 2.072730 0.049898
v 0.021530 2.063228 0.047289
v 0.012523 2.062857 0.050262
v 0.023157 2.063281 0.051470
v 0.014291 2.062914 0.055111
v 0.001049 2.065187 0.057061
v 0.010606 2.065555 0.056350
v 0.010356 2.065502 0.051871
v 0.001027 2.075004 0.051571
v 0.009047 2.075341 0.053955
v 0.009181 2.075324 0.051544
v 0.011826 2.051241 0.051196
v 0.012274 2.051317 0.057222
v 0.008537 2.075912 0.051932
v 0.008338 2.075921 0.053605
v 0.001683 2.075644 0.051955
v 0.001431 2.075655 0.054119
v 0.022632 2.099851 0.060859
v 0.021108 2.099887 0.058878
v 0.015532 2.100170 0.064432
v 0.014350 2.100198 0.062903
v 0.023930 2.128199 0.056220
v 0.027616 2.128140 0.063173
v 0.015709 2.128675 0.069166
v 0.012596 2.128721 0.062970
v 0.013534 2.100929 0.062872
v 0.015088 2.100897 0.065166
v 0.023535 2.100517 0.060915
v 0.021574 2.100559 0.058084
v 0.013334 2.112273 0.063430
v 0.022686 2.111842 0.057861
v 0.015730 2.112234 0.067988
v 0.025554 2.111793 0.063043
v 0.032997 2.097760 0.049317
v 0.030782 2.097798 0.047777
v 0.026861 2.098105 0.055314
v 0.025144 2.098135 0.054127
v 0.032817 2.128361 0.044120
v 0.038882 2.128298 0.050070
v 0.028590 2.128875 0.060126
v 0.023362 2.128925 0.054769
v 0.024295 2.098924 0.054362
v 0.026644 2.098889 0.056214
v 0.033945 2.098479 0.049080
v 0.031002 2.098525 0.046808
v 0.024272 2.111169 0.055002
v 0.032073 2.110704 0.046216
v 0.028226 2.111128 0.058907
v 0.036718 2.110651 0.050610
v 0.040813 2.104392 0.033161
v 0.037855 2.104429 0.032661
v 0.037659 2.104724 0.043304
v 0.035370 2.104752 0.042924
v 0.038081 2.139193 0.027423
v 0.047032 2.139131 0.030739
v 0.041743 2.130984 0.047487
v 0.033914 2.131032 0.044371
v 0.034642 2.105513 0.043660
v 0.037886 2.105479 0.044436
v 0.041638 2.105084 0.032369
v 0.037597 2.105129 0.031450
v 0.034933 2.117312 0.044391
v 0.038370 2.116864 0.030190
v 0.040782 2.117273 0.046583
v 0.045146 2.116813 0.032547
v 0.012456 2.104316 -0.026903
v 0.007255 2.108212 -0.026530
v 0.026213 2.076087 0.028658
v 0.013924 2.079169 0.029628
v 0.022653 2.094034 0.012687
v 0.015855 2.103441 -0.013706
v 0.009550 2.106461 -0.013184
v 0.014140 2.095300 0.013508
v 0.003235 2.101585 -0.029728
v 0.014743 2.100782 -0.030554
v 0.008989 2.101184 -0.030141
v 0.027305 2.057900 0.039336
v 0.016634 2.059535 0.040409
v 0.026024 2.072247 0.013247
v 0.018504 2.092975 -0.015954
v 0.023448 2.053006 0.042466
v 0.016634 2.045664 0.047674
v 0.013013 1.945845 0.173242
v 0.025937 1.971134 0.179369
v 0.013525 1.907817 0.162358
v 0.013615 1.946018 0.172630
v 0.025136 1.919179 0.164640
v 0.008623 1.967633 0.179706
v 0.018521 1.966880 0.177977
v 0.037707 1.946587 0.170607
v 0.050082 1.972244 0.175423
v 0.038196 1.908574 0.159669
v 0.061226 1.948019 0.165516
v 0.038234 1.946776 0.169934
v 0.049635 1.920287 0.160702
v 0.026599 1.919142 0.164773
v 0.033382 1.968241 0.177543
v 0.043053 1.967787 0.174754
v 0.073626 1.974070 0.168932
v 0.061687 1.910020 0.154528
v 0.107345 1.953133 0.147338
v 0.061674 1.948223 0.164792
v 0.072820 1.922067 0.154375
v 0.050382 1.920249 0.160836
v 0.057015 1.969547 0.172901
v 0.066350 1.969374 0.169113
v 0.084716 1.950211 0.157722
v 0.096716 1.976646 0.159776
v 0.085141 1.912226 0.146687
v 0.085077 1.950427 0.156954
v 0.095822 1.924605 0.145352
v 0.074278 1.922117 0.154196
v 0.080675 1.971614 0.165554
v 0.089547 1.971718 0.160780
v 0.118587 1.979910 0.148173
v 0.107729 1.915159 0.136258
v 0.180388 1.970615 0.085191
v 0.107613 1.953358 0.146536
v 0.117817 1.927858 0.133788
v 0.097451 1.924726 0.144923
v 0.103527 1.974414 0.155600
v 0.111819 1.974782 0.149888
v 0.128425 1.956694 0.134679
v 0.138582 1.983739 0.134561
v 0.128764 1.918731 0.123559
v 0.147342 1.960740 0.120295
v 0.128598 1.956926 0.133852
v 0.138135 1.931727 0.120035
v 0.119195 1.927996 0.133299
v 0.124877 1.977863 0.143339
v 0.132488 1.978473 0.136766
v 0.156893 1.988143 0.118904
v 0.147633 1.922787 0.109143
v 0.147421 1.960976 0.119456
v 0.156196 1.936047 0.104676
v 0.138869 1.931780 0.119846
v 0.144099 1.981809 0.129313
v 0.150958 1.982633 0.121978
v 0.165018 1.965468 0.103487
v 0.173400 1.993104 0.101270
v 0.165256 1.927523 0.092306
v 0.164998 1.965705 0.102644
v 0.172880 1.941030 0.086962
v 0.157430 1.936263 0.103907
v 0.162129 1.986444 0.112836
v 0.168128 1.987464 0.104806
v 0.187765 1.998531 0.081976
v 0.180570 1.932676 0.073988
v 0.214298 2.021451 -0.095524
v 0.180272 1.970850 0.084355
v 0.187176 1.946396 0.067886
v 0.173764 1.941197 0.086369
v 0.177883 1.991509 0.094828
v 0.182962 1.992696 0.086207
v 0.193765 1.976285 0.065035
v 0.199737 2.004317 0.061409
v 0.193888 1.938351 0.053815
v 0.204418 1.982140 0.044218
v 0.193552 1.976514 0.064218
v 0.199377 1.952255 0.047059
v 0.188203 1.946681 0.066873
v 0.191681 1.997109 0.074921
v 0.195761 1.998435 0.065804
v 0.209274 2.010425 0.039694
v 0.204483 1.944209 0.032989
v 0.218682 1.995071 -0.001747
v 0.204114 1.982363 0.043428
v 0.208821 1.958259 0.025716
v 0.199954 1.952389 0.046584
v 0.202769 2.002910 0.054300
v 0.205830 2.004341 0.044808
v 0.212868 1.988467 0.021726
v 0.216370 2.016909 0.016646
v 0.212872 1.950537 0.010493
v 0.212473 1.988679 0.020974
v 0.215970 1.964701 0.002817
v 0.209591 1.958598 0.024511
v 0.211687 2.009194 0.031962
v 0.213660 2.010702 0.022197
v 0.220724 2.023567 -0.007025
v 0.218625 1.957140 -0.012978
v 0.218202 1.995269 -0.002452
v 0.220433 1.971378 -0.020922
v 0.216646 1.965119 0.001328
v 0.217989 2.015768 0.008590
v 0.218839 2.017320 -0.001329
v 0.221685 2.001750 -0.025490
v 0.222275 2.030186 -0.030553
v 0.221567 1.963816 -0.036711
v 0.221935 2.008277 -0.048694
v 0.221125 2.001932 -0.026138
v 0.222073 1.978090 -0.044780
v 0.220903 1.971755 -0.022262
v 0.221483 2.022434 -0.015104
v 0.221210 2.023994 -0.025054
v 0.221116 2.036811 -0.054103
v 0.221761 1.970339 -0.059900
v 0.221306 2.008442 -0.049280
v 0.220998 1.984609 -0.067956
v 0.222381 1.978278 -0.045449
v 0.222214 2.028962 -0.038312
v 0.220853 2.030498 -0.048177
v 0.219446 2.014971 -0.072491
v 0.217221 2.043408 -0.077558
v 0.219215 1.977027 -0.083675
v 0.218752 2.015116 -0.073005
v 0.217153 1.991254 -0.091578
v 0.221151 1.985005 -0.069363
v 0.220216 2.035672 -0.062166
v 0.217752 2.037150 -0.071823
v 0.210636 2.049848 -0.100449
v 0.214014 1.983498 -0.106681
v 0.010081 2.002019 -0.015957
v 0.213549 2.021573 -0.095961
v 0.210698 1.997645 -0.114296
v 0.217222 1.991553 -0.092642
v 0.215542 2.042182 -0.085306
v 0.212021 2.043570 -0.094644
v 0.206399 2.027829 -0.118201
v 0.201524 2.056004 -0.122332
v 0.206066 1.989868 -0.129324
v 0.196257 2.033751 -0.139253
v 0.205605 2.027929 -0.118555
v 0.201518 2.003895 -0.136514
v 0.210524 1.998040 -0.115701
v 0.208109 2.048606 -0.108143
v 0.203560 2.049871 -0.117044
v 0.189954 2.061849 -0.143111
v 0.195878 1.995780 -0.150338
v 0.168047 2.044876 -0.178799
v 0.195427 2.033827 -0.139521
v 0.190191 2.009655 -0.156990
v 0.201497 2.004101 -0.137245
v 0.198398 2.054585 -0.129397
v 0.192906 2.055701 -0.137770
v 0.183376 2.039505 -0.159705
v 0.175774 2.067415 -0.162899
v 0.182956 2.001521 -0.170748
v 0.182520 2.039554 -0.159882
v 0.176165 2.015206 -0.176724
v 0.189701 2.010030 -0.158324
v 0.185935 2.060410 -0.150104
v 0.179539 2.061345 -0.157834
v 0.159368 2.072513 -0.181022
v 0.167591 2.006879 -0.189794
v 0.089499 2.060511 -0.234379
v 0.167175 2.044899 -0.178882
v 0.159773 2.020339 -0.194972
v 0.175385 2.015611 -0.178165
v 0.170994 2.065866 -0.169500
v 0.163769 2.066592 -0.176484
v 0.150735 2.049702 -0.195956
v 0.141318 2.076996 -0.196957
v 0.150249 2.011690 -0.206899
v 0.132130 2.053853 -0.210712
v 0.149859 2.049699 -0.195943
v 0.141512 2.024899 -0.211180
v 0.158984 2.020675 -0.196165
v 0.154031 2.070787 -0.186994
v 0.146075 2.071281 -0.193156
v 0.121549 2.080911 -0.210873
v 0.131621 2.015827 -0.221603
v 0.131261 2.053824 -0.210608
v 0.122098 2.028765 -0.224925
v 0.141164 2.025082 -0.211830
v 0.135724 2.075040 -0.202113
v 0.127155 2.075290 -0.207406
v 0.111326 2.057531 -0.223788
v 0.100153 2.084230 -0.222674
v 0.110799 2.019489 -0.234623
v 0.110475 2.057476 -0.223591
v 0.100584 2.032127 -0.236875
v 0.121056 2.029046 -0.225923
v 0.115182 2.078831 -0.215592
v 0.106088 2.078813 -0.219929
v 0.077526 2.086884 -0.232109
v 0.088961 2.022453 -0.245158
v 0.088676 2.060430 -0.234093
v 0.078192 2.034775 -0.246292
v 0.099795 2.032325 -0.237581
v 0.093566 2.081930 -0.226606
v 0.084067 2.081632 -0.229952
v 0.066206 2.062852 -0.242702
v 0.054112 2.088829 -0.239023
v 0.065664 2.024777 -0.253422
v 0.042817 2.064433 -0.248323
v 0.065421 2.062747 -0.242329
v 0.054465 2.036766 -0.253366
v 0.076947 2.034987 -0.247043
v 0.070436 2.084397 -0.235378
v 0.060645 2.083806 -0.237679
v 0.027114 2.090581 -0.243222
v 0.042277 2.026343 -0.258986
v 0.009354 1.996396 -0.017248
v 0.042079 2.064306 -0.247869
v 0.030798 2.037996 -0.257738
v 0.053861 2.036890 -0.253809
v 0.047155 2.086105 -0.241449
v 0.037198 2.085222 -0.242712
v 0.017020 2.065331 -0.251516
v 0.011802 1.996679 -0.018253
v 0.017663 2.027224 -0.262121
v 0.015460 2.065182 -0.250986
v 0.002795 2.038525 -0.259621
v 0.029412 2.038128 -0.258208
v 0.019654 2.087656 -0.244932
v 0.010536 2.085585 -0.244005
v 0.010581 1.999612 -0.016934
v 0.010589 1.995272 -0.018101
v 0.011904 2.002591 -0.016614
v 0.010540 1.999588 -0.016847
v 0.008454 2.001765 -0.015553
v 0.007393 2.001785 -0.015123
v 0.006639 1.996184 -0.016493
v 0.009189 1.996390 -0.017227
v 0.009280 2.002299 -0.015574
v 0.007922 1.999362 -0.016044
v 0.005807 2.001585 -0.014912
v 0.004708 2.001636 -0.014595
v 0.003937 1.996058 -0.016046
v 0.013111 1.999920 -0.018027
v 0.007924 1.995022 -0.017210
v 0.006555 1.996188 -0.016509
v 0.005259 1.999197 -0.015460
v 0.007872 1.999339 -0.015962
v 0.005255 1.994857 -0.016626
v 0.006605 2.002091 -0.014836
v 0.005200 1.999176 -0.015383
v 0.003020 2.001482 -0.014546
v 0.001895 2.001567 -0.014350
v 0.003771 1.996062 -0.016061
v 0.002462 1.999111 -0.015153
v 0.002452 1.994771 -0.016320
v 0.003862 2.001965 -0.014388
v 0.002394 1.999092 -0.015084
v 0.011089 2.002032 -0.016500
v 0.014388 2.002962 -0.017932
v 0.013155 1.995606 -0.019286
v 0.021410 2.001906 -0.025088
v 0.013142 1.999945 -0.018118
v 0.014301 1.997048 -0.019566
v 0.011987 1.996692 -0.018301
v 0.012677 2.002337 -0.017088
v 0.013619 2.002380 -0.017737
v 0.015506 2.000324 -0.019465
v 0.016660 2.003397 -0.019478
v 0.015545 1.996011 -0.020728
v 0.017655 2.000784 -0.021099
v 0.015526 2.000351 -0.019559
v 0.016609 1.997488 -0.021129
v 0.014458 1.997064 -0.019622
v 0.015103 2.002729 -0.018481
v 0.015968 2.002799 -0.019228
v 0.018740 2.003897 -0.021257
v 0.017688 1.996472 -0.022366
v 0.017664 2.000811 -0.021195
v 0.018661 1.997979 -0.022874
v 0.016693 1.997494 -0.021150
v 0.017287 2.003178 -0.020075
v 0.018066 2.003272 -0.020908
v 0.019664 2.001321 -0.023009
v 0.020616 2.004461 -0.023261
v 0.019690 1.997010 -0.024279
v 0.019661 2.001348 -0.023105
v 0.020557 1.998545 -0.024886
v 0.018801 1.998003 -0.022961
v 0.019335 2.003704 -0.021947
v 0.020017 2.003821 -0.022859
v 0.022248 2.005078 -0.025453
v 0.021430 1.997596 -0.026360
v 0.025262 2.007681 -0.045619
v 0.021396 2.001933 -0.025182
v 0.022181 1.999154 -0.027054
v 0.020657 1.998564 -0.024954
v 0.021125 2.004280 -0.023993
v 0.021702 2.004415 -0.024972
v 0.022929 2.002550 -0.027377
v 0.023608 2.005735 -0.027789
v 0.022943 1.998240 -0.028652
v 0.024140 2.003215 -0.029742
v 0.022905 2.002576 -0.027470
v 0.023567 1.999820 -0.029420
v 0.022297 1.999187 -0.027169
v 0.022693 2.004916 -0.026254
v 0.023156 2.005067 -0.027290
v 0.024691 2.006429 -0.030256
v 0.024147 1.998906 -0.031018
v 0.025760 2.004684 -0.034965
v 0.024105 2.003241 -0.029832
v 0.024640 2.000502 -0.031845
v 0.023633 1.999835 -0.029474
v 0.023952 2.005575 -0.028597
v 0.024300 2.005738 -0.029675
v 0.025100 2.003934 -0.032298
v 0.025498 2.007166 -0.032875
v 0.025100 1.999625 -0.033574
v 0.025055 2.003958 -0.032383
v 0.025452 2.001234 -0.034446
v 0.024728 2.000541 -0.031981
v 0.024966 2.006289 -0.031135
v 0.025190 2.006461 -0.032244
v 0.025992 2.007922 -0.035564
v 0.025754 2.000375 -0.036241
v 0.025706 2.004707 -0.035045
v 0.025959 2.001993 -0.037143
v 0.025529 2.001281 -0.034615
v 0.025682 2.007036 -0.033790
v 0.025778 2.007213 -0.034917
v 0.026101 2.005443 -0.037662
v 0.026169 2.008674 -0.038237
v 0.026088 2.001134 -0.038937
v 0.026130 2.006185 -0.040298
v 0.026038 2.005464 -0.037736
v 0.026146 2.002755 -0.039854
v 0.026013 2.002036 -0.037295
v 0.026079 2.007793 -0.036482
v 0.026047 2.007971 -0.037612
v 0.026037 2.009427 -0.040913
v 0.026110 2.001875 -0.041571
v 0.026058 2.006203 -0.040365
v 0.026023 2.003496 -0.042487
v 0.026181 2.002777 -0.039930
v 0.026162 2.008535 -0.039119
v 0.026007 2.008710 -0.040239
v 0.025847 2.006945 -0.043002
v 0.025594 2.010176 -0.043577
v 0.025821 2.002635 -0.044273
v 0.025768 2.006962 -0.043060
v 0.025587 2.004251 -0.045170
v 0.026041 2.003541 -0.042647
v 0.025935 2.009297 -0.041829
v 0.025655 2.009465 -0.042926
v 0.024846 2.010908 -0.046178
v 0.025230 2.003370 -0.046886
v 0.025177 2.007695 -0.045668
v 0.024853 2.004977 -0.047752
v 0.025594 2.004285 -0.045291
v 0.025404 2.010037 -0.044458
v 0.025004 2.010195 -0.045519
v 0.024365 2.008406 -0.048195
v 0.023811 2.011607 -0.048664
v 0.024327 2.004093 -0.049459
v 0.023213 2.009079 -0.050587
v 0.024275 2.008417 -0.048235
v 0.023810 2.005687 -0.050276
v 0.024833 2.005022 -0.047911
v 0.024559 2.010767 -0.047052
v 0.024042 2.010911 -0.048064
v 0.022496 2.012271 -0.051025
v 0.023170 2.004765 -0.051846
v 0.020008 2.010343 -0.055080
v 0.023118 2.009088 -0.050617
v 0.022523 2.006341 -0.052602
v 0.023808 2.005710 -0.050359
v 0.023456 2.011446 -0.049467
v 0.022832 2.011573 -0.050418
v 0.021749 2.009732 -0.052910
v 0.020885 2.012904 -0.053273
v 0.021701 2.005417 -0.054165
v 0.021652 2.009738 -0.052931
v 0.020930 2.006972 -0.054844
v 0.022468 2.006384 -0.052754
v 0.022040 2.012108 -0.051820
v 0.021313 2.012214 -0.052698
v 0.019022 2.013483 -0.055332
v 0.019956 2.006026 -0.056329
v 0.011084 2.012119 -0.061394
v 0.019909 2.010345 -0.055089
v 0.019068 2.007555 -0.056917
v 0.020841 2.007018 -0.055008
v 0.020342 2.012727 -0.054023
v 0.019522 2.012810 -0.054817
v 0.018041 2.010891 -0.057029
v 0.016971 2.013992 -0.057143
v 0.017986 2.006573 -0.058272
v 0.015927 2.011363 -0.058705
v 0.017941 2.010891 -0.057028
v 0.016993 2.008073 -0.058759
v 0.018978 2.007593 -0.057053
v 0.018415 2.013286 -0.056011
v 0.017511 2.013343 -0.056711
v 0.014725 2.014437 -0.058724
v 0.015869 2.007043 -0.059943
v 0.015828 2.011359 -0.058694
v 0.014787 2.008512 -0.060320
v 0.016953 2.008094 -0.058832
v 0.016335 2.013770 -0.057728
v 0.015362 2.013799 -0.058330
v 0.013563 2.011781 -0.060191
v 0.012294 2.014814 -0.060064
v 0.013504 2.007459 -0.061422
v 0.013467 2.011774 -0.060169
v 0.012343 2.008894 -0.061678
v 0.014669 2.008544 -0.060433
v 0.014002 2.014200 -0.059260
v 0.012968 2.014199 -0.059752
v 0.009723 2.015116 -0.061136
v 0.011023 2.007795 -0.062619
v 0.010990 2.012110 -0.061362
v 0.009799 2.009195 -0.062748
v 0.012253 2.008917 -0.061758
v 0.011546 2.014552 -0.060511
v 0.010467 2.014519 -0.060891
v 0.008437 2.012385 -0.062340
v 0.007063 2.015337 -0.061922
v 0.008376 2.008060 -0.063558
v 0.005780 2.012565 -0.062978
v 0.008348 2.012373 -0.062297
v 0.007103 2.009421 -0.063551
v 0.009658 2.009219 -0.062833
v 0.008918 2.014833 -0.061508
v 0.007805 2.014766 -0.061769
v 0.003996 2.015536 -0.062399
v 0.005719 2.008237 -0.064190
v 0.005696 2.012550 -0.062927
v 0.004415 2.009561 -0.064048
v 0.007035 2.009436 -0.063602
v 0.006273 2.015027 -0.062197
v 0.005142 2.014927 -0.062341
v 0.002849 2.012667 -0.063341
v 0.002922 2.008337 -0.064546
v 0.002672 2.012650 -0.063281
v 0.004257 2.009576 -0.064101
v 0.003149 2.015203 -0.062593
v 0.002113 2.014968 -0.062488
v 0.612044 1.565100 -0.026534
v 0.620468 1.584460 -0.068513
v 0.626676 1.596133 -0.038792
v 0.599466 1.617485 -0.030899
v 0.601712 1.622205 -0.046522
v 0.576587 1.571058 -0.048697
v 0.589558 1.597912 -0.022067
v 0.580041 1.579568 -0.067162
v 0.588348 1.597348 -0.075034
v 0.599562 1.618065 -0.062805
v 0.580151 1.576466 -0.030286
v 0.604426 1.552863 -0.047988
v 0.627663 1.598401 -0.045974
v 0.625689 1.593865 -0.031610
v 0.616393 1.574618 -0.023397
v 0.607487 1.560105 -0.063826
v 0.615235 1.574101 -0.074529
v 0.625700 1.594820 -0.062496
v 0.607173 1.553503 -0.031997
v 0.552047 0.213778 0.134233
v 0.548091 0.214480 0.132128
v 0.553613 0.213500 0.138070
v 0.550732 0.214011 0.143497
v 0.547722 0.214546 0.144810
v 0.545232 0.214988 0.144225
v 0.544643 0.215093 0.132974
v 0.542550 0.215464 0.141937
v 0.541983 0.215565 0.136169
v 0.556524 0.216189 0.129377
v 0.548197 0.217391 0.124970
v 0.559820 0.215713 0.137411
v 0.553755 0.216589 0.148776
v 0.547419 0.217503 0.151525
v 0.542179 0.218260 0.150301
v 0.540938 0.218439 0.126740
v 0.536534 0.219075 0.145510
v 0.535339 0.219247 0.133432
v 0.562692 0.221290 0.123615
v 0.549203 0.223237 0.116476
v 0.568032 0.220519 0.136630
v 0.558207 0.221937 0.155041
v 0.547942 0.223419 0.159493
v 0.539453 0.224645 0.157510
v 0.537444 0.224935 0.119343
v 0.530308 0.225965 0.149749
v 0.528373 0.226244 0.130184
v 0.565874 0.229174 0.121310
v 0.550565 0.231385 0.113621
v 0.572449 0.228225 0.135989
v 0.562074 0.229723 0.158718
v 0.549246 0.231575 0.163188
v 0.538866 0.233073 0.161470
v 0.537081 0.233331 0.116032
v 0.527425 0.234725 0.152092
v 0.525534 0.234998 0.128058
v 0.565916 0.237698 0.121146
v 0.551174 0.239826 0.113741
v 0.572247 0.236784 0.135280
v 0.562256 0.238226 0.157166
v 0.549904 0.240009 0.161470
v 0.539909 0.241452 0.159816
v 0.538191 0.241700 0.116063
v 0.528892 0.243043 0.150786
v 0.527072 0.243306 0.127643
v 0.563785 0.246844 0.124447
v 0.551911 0.248558 0.118483
v 0.568886 0.246108 0.135833
v 0.560838 0.247270 0.153463
v 0.550888 0.248706 0.156930
v 0.542837 0.249868 0.155598
v 0.541453 0.250068 0.120353
v 0.533962 0.251150 0.148323
v 0.532496 0.251362 0.129681
v 0.559274 0.253746 0.129403
v 0.551703 0.254839 0.125599
v 0.562527 0.253276 0.136663
v 0.557395 0.254017 0.147905
v 0.551050 0.254933 0.150116
v 0.545917 0.255674 0.149266
v 0.545034 0.255802 0.126792
v 0.540258 0.256491 0.144627
v 0.539323 0.256626 0.132740
v 0.551472 0.257319 0.136984
v 0.550483 0.257462 0.136488
v 0.551897 0.257258 0.137933
v 0.551226 0.257355 0.139401
v 0.550397 0.257475 0.139690
v 0.549726 0.257571 0.139579
v 0.549611 0.257588 0.136643
v 0.548987 0.257678 0.138973
v 0.548866 0.257696 0.137420
v 0.550440 0.257468 0.138089
v 0.025714 2.364954 0.138916
v 0.020223 2.351690 0.134498
v 0.049480 2.256789 -0.140486
v 0.060295 2.263723 -0.111231
v 0.060544 2.260373 -0.078623
v 0.043532 2.277568 -0.034573
v 0.006493 2.380246 0.136301
v 0.045116 2.282289 -0.134748
v 0.055078 2.288676 -0.107801
v 0.055314 2.285565 -0.077745
v 0.013099 2.373310 0.133754
v 0.038912 2.299294 -0.051631
v 0.014946 2.366711 0.131442
v 0.011556 2.358524 0.128714
v 0.043416 2.317858 -0.148098
v 0.053378 2.324244 -0.121150
v 0.053614 2.321134 -0.091095
v 0.037213 2.334863 -0.064981
v 0.001925 2.373106 0.130142
v 0.031561 2.348690 -0.177554
v 0.038846 2.360850 -0.159983
v 0.038678 2.367006 -0.137638
v 0.005077 2.369832 0.128815
v 0.025721 2.383954 -0.122964
v 0.005957 2.366718 0.127609
v 0.004335 2.362852 0.126182
v 0.004400 2.372813 -0.262114
v 0.006227 2.377481 -0.263344
v 0.005150 2.381239 -0.264300
v 0.001422 2.385188 -0.265270
v 0.017922 2.385525 0.007929
v 0.012688 2.368153 -0.265934
v 0.016518 2.378001 -0.268196
v 0.014267 2.385933 -0.269939
v 0.029479 2.369694 0.018391
v 0.006463 2.394268 -0.271691
v 0.030364 2.362332 0.036845
v 0.024678 2.350295 0.050917
v 0.022505 2.361015 -0.273905
v 0.028709 2.376968 -0.277568
v 0.025064 2.389818 -0.280393
v 0.012422 2.403322 -0.283232
v 0.025660 2.349149 -0.046512
v 0.028199 2.354334 -0.285618
v 0.034258 2.374203 -0.290157
v 0.030895 2.389958 -0.293636
v 0.040569 2.334985 -0.026115
v 0.015593 2.406871 -0.297200
v 0.041396 2.334796 -0.000201
v 0.033751 2.326793 0.022498
v 0.025538 2.352943 -0.298686
v 0.031373 2.372075 -0.303056
v 0.028134 2.387246 -0.306406
v 0.013399 2.403533 -0.309838
v 0.026558 2.320077 -0.061308
v 0.019427 2.353831 -0.312699
v 0.024126 2.369243 -0.316220
v 0.021518 2.381463 -0.318918
v 0.041467 2.305913 -0.040910
v 0.009648 2.394582 -0.321683
v 0.042294 2.305724 -0.014996
v 0.034649 2.297722 0.007703
v 0.010386 2.358009 -0.323335
v 0.013383 2.367836 -0.325580
v 0.011719 2.375628 -0.327300
v 0.004151 2.383995 -0.329063
v 0.029875 2.303165 -0.078054
v 0.045906 2.284350 -0.042721
v 0.046810 2.284124 -0.014609
v 0.025369 2.387099 -0.203921
v 0.015391 2.401518 -0.202043
v 0.021211 2.363442 -0.217724
v 0.038510 2.275436 0.010035
v 0.026297 2.376475 -0.213061
v 0.022723 2.375643 0.142661
v 0.012020 2.386881 0.146787
v 0.025483 2.344889 0.143654
v 0.030891 2.361410 0.149193
v 0.028173 2.374515 0.153761
v 0.015224 2.388590 0.158917
v 0.023641 2.342466 0.154749
v 0.028849 2.358373 0.160082
v 0.026231 2.370992 0.164481
v 0.013763 2.384547 0.169447
v 0.018880 2.341893 0.166983
v 0.023075 2.354708 0.171280
v 0.020966 2.364872 0.174823
v 0.010922 2.375791 0.178823
v 0.011502 2.344444 0.176750
v 0.014177 2.352615 0.179489
v 0.012832 2.359097 0.181748
v 0.006428 2.366059 0.184299
v 0.020379 2.380554 0.077228
v 0.011804 2.393021 0.077329
v 0.017213 2.359070 0.086895
v 0.021454 2.370630 0.083980
v 0.000000 1.996767 0.000211
v 0.000000 2.007598 -0.057725
v -0.038758 2.005973 -0.053934
v -0.027622 1.997529 -0.002876
v -0.026804 2.006548 -0.057622
v -0.045780 2.003539 -0.036665
v -0.044109 1.999925 -0.016653
v 0.000000 2.010705 0.000211
v 0.000000 2.024247 -0.058723
v -0.040518 2.023102 -0.054544
v -0.027622 2.011467 -0.002876
v -0.028520 2.022486 -0.059093
v -0.046864 2.023872 -0.036601
v -0.044121 2.017791 -0.016651
v 0.000000 2.007385 0.030333
v 0.000000 2.027230 -0.076281
v -0.053377 2.030303 -0.060552
v -0.034524 2.010529 0.026803
v -0.036417 2.026458 -0.070337
v -0.060841 2.031373 -0.030886
v -0.051859 2.023910 0.005533
v 0.000000 2.001903 0.074187
v 0.000000 2.030057 -0.094923
v -0.060230 2.037743 -0.070897
v -0.022458 2.005238 0.066643
v -0.044073 2.032167 -0.080719
v -0.069780 2.041481 -0.031916
v -0.057275 2.031736 0.013739
v 0.000000 2.074072 -0.147580
v -0.076335 2.066190 -0.093743
v -0.057408 2.068393 -0.123764
v -0.089095 2.064250 -0.052594
v -0.075119 2.058647 -0.012896
v 0.000000 2.123157 -0.171059
v -0.091827 2.111868 -0.113576
v -0.071535 2.113289 -0.135979
v -0.107064 2.106977 -0.070719
v -0.094298 2.095440 -0.026306
v 0.000000 2.225681 -0.182313
v -0.106682 2.162232 -0.112194
v -0.083561 2.170817 -0.142173
v -0.121516 2.168663 -0.069196
v -0.106165 2.165668 -0.023657
v 0.000000 2.005764 0.073991
v -0.021563 2.009027 0.066685
v -0.054924 2.036005 0.012702
v -0.070945 2.059587 -0.014060
v -0.091389 2.096546 -0.026308
v -0.103220 2.164303 -0.023659
v 0.000000 2.267161 -0.161704
v -0.117538 2.223893 -0.109065
v -0.082875 2.245639 -0.143821
v -0.133316 2.214143 -0.072271
v -0.103268 2.195545 -0.018234
v -0.100928 2.194185 -0.018239
v 0.000000 2.303185 -0.112223
v -0.126760 2.245882 -0.109431
v -0.081662 2.266611 -0.134943
v -0.139652 2.236462 -0.063282
v -0.092913 2.236073 -0.011104
v -0.091165 2.234813 -0.011159
v -0.112416 2.271538 -0.014442
v -0.080299 2.261097 -0.004886
v -0.080054 2.259098 -0.004821
v -0.085473 2.283504 -0.004305
v -0.061752 2.276248 0.012986
v -0.061193 2.275071 0.012327
v -0.053650 2.286642 -0.004934
v -0.030197 2.274803 0.015670
v -0.029227 2.272969 0.014284
v 0.000000 2.284603 0.010455
v 0.000000 2.251003 0.035054
v 0.000000 2.249707 0.034943
v -0.011229 2.006778 -0.057760
v -0.013363 2.022817 -0.059026
v -0.016721 2.025224 -0.075486
v -0.024871 2.030802 -0.092314
v -0.033967 2.073167 -0.139826
v -0.038862 2.116735 -0.158218
v -0.030910 2.218957 -0.176979
v -0.052406 2.269740 -0.148604
v -0.017697 2.298431 -0.117196
v -0.015386 2.312202 -0.021867
v 0.000000 2.314534 -0.019829
v 0.000000 2.315327 -0.078040
v -0.005937 2.315579 -0.078567
v -0.128667 2.279766 -0.108237
v -0.081109 2.296901 -0.133985
v -0.148661 2.264853 -0.062845
v -0.112002 2.297163 -0.017858
v -0.087184 2.308185 -0.008520
v -0.057847 2.311055 -0.009094
v -0.033116 2.315983 -0.121092
v -0.036037 2.329793 -0.025155
v -0.018039 2.332402 -0.088253
v -0.140023 2.311211 -0.099705
v -0.106599 2.334560 -0.115779
v -0.159625 2.296298 -0.062845
v -0.131701 2.328607 -0.017858
v -0.106884 2.339629 -0.008520
v -0.077547 2.342500 -0.009094
v -0.075378 2.347427 -0.105403
v -0.055737 2.361238 -0.025155
v -0.052807 2.363846 -0.079721
v 0.000000 2.012201 0.075725
v -0.024110 2.014970 0.067749
v -0.054954 2.038908 0.018397
v -0.068759 2.060689 -0.007399
v -0.088915 2.095295 -0.016006
v -0.100059 2.159272 -0.015606
v -0.097655 2.184791 -0.008609
v -0.088305 2.221996 -0.002535
v -0.084747 2.249679 0.008327
v -0.062348 2.262615 0.023578
v -0.032220 2.252832 0.030994
v 0.000000 2.239135 0.043894
v 0.000000 2.024192 0.072267
v -0.027838 2.024530 0.067979
v -0.057087 2.055175 0.021470
v -0.076408 2.084865 0.004955
v -0.085056 2.114747 -0.001457
v -0.095850 2.155565 -0.000511
v -0.091839 2.184966 0.004988
v -0.085035 2.213702 0.005603
v -0.080373 2.223685 0.015712
v -0.062191 2.234782 0.033448
v -0.038797 2.228729 0.041501
v 0.000000 2.220710 0.048810
v 0.000000 2.035485 0.067353
v -0.027298 2.033938 0.065454
v -0.052341 2.069607 0.028923
v -0.066980 2.100487 0.010991
v -0.079310 2.126661 0.006888
v -0.093765 2.153078 0.008477
v -0.088446 2.184752 0.013040
v -0.083172 2.208649 0.011733
v -0.078756 2.218527 0.019683
v -0.060969 2.223567 0.034582
v -0.042206 2.217091 0.046251
v 0.000000 2.209224 0.048061
v -0.075219 2.199125 0.013441
v -0.072678 2.210224 0.019214
v -0.058532 2.210186 0.034899
v -0.043627 2.202113 0.044348
v 0.000000 2.186720 0.045647
v -0.003600 2.252113 0.032931
v -0.003498 2.250746 0.032692
v -0.009444 2.241771 0.040186
v -0.002114 2.221244 0.050034
v -0.001057 2.209463 0.049762
v -0.004508 2.186673 0.046324
v 0.000000 2.039918 0.063682
v -0.026074 2.041633 0.059503
v -0.050592 2.075483 0.030637
v 0.000000 2.044939 0.069591
v -0.026165 2.048637 0.064556
v -0.049567 2.087696 0.034039
v 0.000000 2.048476 0.070553
v -0.026043 2.052782 0.064234
v -0.046975 2.089145 0.034896
v -0.065111 2.105124 0.014977
v -0.082154 2.142614 0.014081
v -0.087224 2.150321 0.015317
v -0.087852 2.178379 0.020393
v -0.080940 2.174297 0.030521
v -0.072279 2.169366 0.036642
v -0.061473 2.168171 0.044192
v -0.040033 2.169728 0.048043
v -0.029037 2.183927 0.036202
v -0.028677 2.183082 0.041233
v -0.070472 2.189087 0.021350
v -0.065828 2.188006 0.027374
v -0.056790 2.184386 0.034890
v -0.040743 2.183402 0.041838
v -0.047852 2.131540 0.034632
v -0.047143 2.125217 0.044729
v -0.015678 2.260298 0.023764
v -0.017229 2.266550 -0.158437
v -0.006680 2.302770 -0.113277
v -0.004601 2.315833 -0.078314
v -0.017965 2.244482 0.036714
v -0.021882 2.224713 0.045247
v -0.023510 2.213175 0.049395
v -0.020987 2.187823 0.040612
v -0.016164 2.262105 0.024526
v -0.027577 2.291335 -0.004353
v -0.005785 2.314663 -0.021379
v -0.023540 2.171205 0.047864
v -0.021192 2.183778 0.039084
v 0.000000 2.184454 0.049281
v -0.006756 2.183697 0.047167
v -0.018105 2.184678 0.037904
v -0.072141 2.198746 0.012001
v -0.068850 2.208543 0.016322
v -0.056159 2.209808 0.030745
v -0.043395 2.201907 0.038590
v -0.068028 2.189495 0.019178
v -0.064490 2.188354 0.025064
v -0.056462 2.184994 0.032319
v -0.041394 2.184118 0.037331
v -0.021178 2.188345 0.036431
v -0.020565 2.183936 0.035472
v -0.018938 2.185276 0.034939
v 0.000000 2.172175 0.062354
v -0.004470 2.169690 0.061332
v 0.000000 2.166700 0.073131
v -0.005455 2.164412 0.072213
v 0.000000 2.164565 0.085383
v -0.006626 2.162388 0.084629
v 0.000000 2.162439 0.090124
v -0.004741 2.161799 0.089396
v 0.000000 2.157137 0.090631
v -0.004740 2.156402 0.089872
v 0.000000 2.147276 0.082521
v -0.011478 2.148286 0.081140
v 0.000000 2.139681 0.083009
v -0.013076 2.135267 0.080653
v 0.000000 2.127797 0.087119
v -0.013573 2.127429 0.085206
v 0.000000 2.122669 0.085217
v -0.013284 2.122735 0.083552
v 0.000000 2.128227 0.073869
v -0.012605 2.127767 0.071796
v 0.000000 2.136846 0.039461
v -0.010507 2.136259 0.038714
v 0.000000 2.143404 -0.002115
v -0.010296 2.142817 -0.002862
v 0.000000 2.122582 -0.016271
v -0.010507 2.121995 -0.017018
v 0.000000 2.074509 -0.013397
v -0.010402 2.073922 -0.014144
v 0.000000 2.047542 0.056552
v -0.022693 2.051818 0.053781
v 0.000000 2.052711 0.063003
v -0.023468 2.055776 0.058780
v 0.000000 2.159676 0.091850
v -0.004739 2.159020 0.091118
v -0.012521 2.156400 0.083317
v -0.012500 2.162604 0.059749
v -0.012510 2.153992 0.063468
v -0.072628 2.190979 0.017673
v -0.069109 2.190264 0.015782
v -0.072425 2.195567 0.012741
v -0.074797 2.194983 0.015575
v -0.013754 2.172826 0.048512
v -0.031489 2.194777 0.044566
v -0.031921 2.194891 0.038846
v -0.043449 2.204801 0.044756
v -0.059676 2.213600 0.035521
v -0.075355 2.212422 0.020488
v -0.077742 2.201522 0.014499
v -0.040584 2.180706 0.043072
v -0.057816 2.181659 0.036660
v -0.068149 2.184815 0.029595
v -0.072575 2.186201 0.023250
v -0.018926 2.187351 0.043106
v -0.030077 2.197889 0.045708
v -0.019132 2.181291 0.041905
v -0.016296 2.184250 0.039711
v -0.074498 2.188301 0.017779
v -0.076988 2.192906 0.015089
v -0.042929 2.210728 0.045531
v -0.077096 2.215088 0.020776
v -0.081151 2.205192 0.014743
v -0.040296 2.175087 0.045622
v -0.070625 2.177630 0.033041
v -0.076497 2.179981 0.026495
v -0.017088 2.177062 0.045004
v -0.011927 2.183736 0.043399
v -0.060185 2.218411 0.034906
v -0.059702 2.175253 0.040386
v -0.013732 2.186790 0.046069
v -0.026688 2.205247 0.047707
v -0.079152 2.182939 0.017957
v -0.082586 2.188821 0.014065
v 0.000000 2.197662 0.045828
v -0.001615 2.199089 0.050094
v -0.034858 2.122415 0.063866
v -0.033080 2.126998 0.051846
v -0.045370 2.129153 0.044359
v -0.007869 2.146966 0.082400
v -0.034679 2.126611 0.063843
v -0.046692 2.137949 0.040775
v -0.049789 2.143555 0.040237
v -0.033885 2.135493 0.052271
v -0.035086 2.140466 0.048771
v -0.024554 2.124010 0.078165
v -0.023122 2.127408 0.064320
v -0.018969 2.148996 0.062699
v -0.025005 2.128454 0.079316
v -0.023975 2.136853 0.069745
v -0.014614 2.142236 0.065842
v -0.006661 2.138858 0.082251
v -0.013811 1.997148 -0.001332
v -0.013811 2.011086 -0.001332
v -0.018126 2.008100 0.027692
v -0.011970 2.003426 0.070487
v -0.011685 2.007256 0.070427
v -0.012989 2.013428 0.072639
v -0.014805 2.023912 0.071846
v -0.014153 2.035741 0.067263
v -0.013677 2.041179 0.062867
v -0.013273 2.046189 0.070365
v -0.013113 2.050148 0.070473
v -0.007244 2.127397 0.086363
v -0.007134 2.122482 0.084572
v -0.006605 2.127978 0.073234
v -0.005254 2.136553 0.039088
v -0.005043 2.143111 -0.002489
v -0.005254 2.122288 -0.016645
v -0.005201 2.074216 -0.013770
v -0.011809 2.048462 0.054922
v -0.011342 2.053192 0.060837
v 0.000000 2.165703 0.079208
v -0.006045 2.163443 0.078378
v -0.020631 2.154686 0.066370
v -0.021164 2.145427 0.066043
v -0.007324 2.142951 0.082355
v 0.000000 2.143562 0.082799
v -0.059402 2.131340 0.030146
v -0.060521 2.131599 0.032287
v -0.064545 2.135238 0.023267
v -0.066322 2.136048 0.026409
v -0.066719 2.136403 0.018651
v -0.069021 2.135947 0.020684
v -0.043734 2.087898 0.029629
v -0.062330 2.111976 0.024836
v -0.057243 2.157407 0.046184
v -0.055994 2.133398 0.035650
v -0.056861 2.140443 0.036036
v -0.057650 2.114264 0.019191
v -0.068957 2.138174 0.029217
v -0.072341 2.144496 0.030563
v -0.058501 2.116013 0.023714
v -0.071507 2.136881 0.019502
v -0.075957 2.148857 0.031468
v -0.037481 2.154758 0.050449
v -0.020581 2.157568 0.056598
v -0.128124 2.192505 -0.069196
v -0.105992 2.180601 -0.020943
v -0.080170 2.212456 -0.146311
v -0.111133 2.199442 -0.111327
v -0.103344 2.179237 -0.020946
v -0.099682 2.171090 -0.011091
v -0.097999 2.170694 -0.006495
v -0.094249 2.169129 0.010722
v -0.091296 2.165225 0.015289
v -0.081926 2.159898 0.031934
v -0.071935 2.160765 0.042152
v -0.064075 2.146265 0.040389
v -0.027838 2.180931 0.042239
v -0.025803 2.176198 0.044987
v -0.035865 1.998727 -0.009764
v -0.035865 2.014631 -0.009764
v -0.042728 2.017279 0.016997
v -0.041273 2.016675 0.040069
v -0.038983 2.021032 0.039711
v -0.039051 2.026209 0.043135
v -0.041013 2.041595 0.045076
v -0.039319 2.048889 0.046713
v -0.039347 2.056786 0.046810
v -0.036922 2.063139 0.052039
v -0.036492 2.065857 0.052571
v -0.033011 2.066949 0.046402
v -0.029520 2.271001 0.015639
v -0.061306 2.273854 0.013149
v -0.070732 2.059694 -0.013687
v -0.054927 2.036289 0.012981
v -0.080512 2.258178 -0.003814
v -0.090885 2.233561 -0.010593
v -0.091147 2.096424 -0.025579
v -0.100608 2.193267 -0.017575
v -0.102818 2.163629 -0.022951
v 0.000000 2.248674 0.035541
v -0.021812 2.009607 0.066654
v 0.000000 2.006393 0.073883
v -0.003439 2.249666 0.033407
v -0.015902 2.258753 0.024752
v -0.011813 2.007859 0.070366
v -0.102983 2.178441 -0.020260
v -0.038990 2.021538 0.039768
v -0.023728 2.136774 -0.006975
v -0.058584 2.136035 0.007448
v -0.049438 2.136253 0.003474
v -0.005102 2.137293 -0.011691
v -0.062989 2.136793 0.014110
v -0.010355 2.136999 -0.012065
v -0.029035 2.062897 0.042688
v 0.000000 2.137586 -0.011318
v -0.016221 2.077535 -0.011466
v -0.039759 2.083846 0.025915
v -0.053674 2.110212 0.015477
v 0.000000 2.102108 -0.024117
v -0.020494 2.095831 -0.012510
v -0.021341 2.119121 -0.009092
v -0.010463 2.101522 -0.024864
v -0.005231 2.101815 -0.024490
v 0.000000 2.047898 0.040963
v -0.023998 2.051091 0.038643
v -0.014381 2.048548 0.039613
v -0.031093 2.062468 0.025770
v -0.044276 2.090173 0.011832
v -0.050367 2.111420 0.012146
v -0.048283 2.138589 0.020089
v -0.023122 2.134305 0.043794
v -0.033603 2.140277 0.028362
v -0.058831 2.137648 0.013586
v -0.063848 2.136097 0.008294
v -0.084709 2.077044 -0.019601
v -0.097787 2.085891 -0.061344
v -0.084568 2.088509 -0.104381
v -0.065719 2.089858 -0.131517
v 0.000000 2.105098 -0.166092
v -0.081167 2.078066 -0.020184
v -0.037343 2.096461 -0.154133
v -0.078837 2.077992 -0.011702
v -0.080732 2.099806 0.001749
v -0.072053 2.114672 0.008525
v -0.070764 2.119517 0.012425
v -0.065229 2.133102 0.017465
v -0.069418 2.130296 0.020402
v -0.067304 2.131752 0.020439
v -0.080939 2.078059 -0.019633
v -0.022789 2.144685 0.000418
v -0.058456 2.137850 0.019293
v -0.033497 2.143569 0.007490
v -0.062452 2.137559 0.018980
v -0.048243 2.139825 0.012252
v -0.036583 2.136513 -0.001751
v -0.041670 2.113727 0.005783
v -0.032174 2.116247 -0.001165
v -0.020599 2.056798 0.025447
v -0.013801 2.068214 -0.000947
v -0.027089 2.066525 0.015745
v -0.020424 2.073278 -0.000945
v -0.038869 2.091460 0.006297
v -0.028899 2.093832 -0.003907
v 0.000000 2.067856 0.000193
v 0.000000 2.054551 0.027373
v -0.007496 2.067799 -0.000424
v -0.012086 2.054965 0.026268
v -0.049591 2.083230 0.032816
v -0.026119 2.045135 0.062029
v 0.000000 2.042428 0.066637
v 0.000000 2.133739 0.085064
v -0.013325 2.131348 0.082929
v -0.033985 2.129820 0.058924
v -0.045321 2.132267 0.042691
v -0.024490 2.132653 0.074531
v -0.006952 2.133128 0.084307
v -0.013475 2.043029 0.066616
v -0.055106 2.135854 0.035046
v -0.069726 2.140223 0.029659
v -0.062843 2.110727 0.021778
v -0.076936 2.138418 0.015674
v -0.038134 2.059963 0.049424
v -0.069534 2.126998 0.018097
v -0.167274 2.337970 -0.090351
v -0.149908 2.363980 -0.102681
v -0.177119 2.321845 -0.062077
v -0.166183 2.352722 -0.027569
v -0.151526 2.367523 -0.020406
v -0.131365 2.377760 -0.020847
v -0.131190 2.381886 -0.094722
v -0.121010 2.397234 -0.033166
v -0.119645 2.399916 -0.075022
v -0.251608 2.358384 -0.065213
v -0.254268 2.363851 -0.068398
v -0.250555 2.356219 -0.059407
v -0.252492 2.360201 -0.051194
v -0.254516 2.364362 -0.049208
v -0.256190 2.367802 -0.050093
v -0.256587 2.368616 -0.067119
v -0.257994 2.371509 -0.053555
v -0.258375 2.372292 -0.062283
v -0.253264 2.350870 -0.072560
v -0.258461 2.362492 -0.079229
v -0.251207 2.346269 -0.060404
v -0.254992 2.354734 -0.043206
v -0.258946 2.363578 -0.039048
v -0.262217 2.370892 -0.040900
v -0.262991 2.372623 -0.076551
v -0.265739 2.378770 -0.048149
v -0.266485 2.380438 -0.066424
v -0.258135 2.339781 -0.081279
v -0.266553 2.358608 -0.092082
v -0.254803 2.332329 -0.061586
v -0.260934 2.346040 -0.033727
v -0.267340 2.360368 -0.026990
v -0.272638 2.372215 -0.029990
v -0.273892 2.375020 -0.087743
v -0.278345 2.384979 -0.041734
v -0.279552 2.387679 -0.071339
v -0.268293 2.331886 -0.084767
v -0.277847 2.353253 -0.096402
v -0.264191 2.322710 -0.062555
v -0.270665 2.337190 -0.028164
v -0.278670 2.355094 -0.021399
v -0.285148 2.369581 -0.023999
v -0.286262 2.372072 -0.092754
v -0.292288 2.385548 -0.038189
v -0.293468 2.388187 -0.074557
v -0.280681 2.328297 -0.085016
v -0.289881 2.348872 -0.096220
v -0.276731 2.319461 -0.063628
v -0.282966 2.333405 -0.030512
v -0.290674 2.350644 -0.023998
v -0.296911 2.364594 -0.026502
v -0.297983 2.366992 -0.092707
v -0.303787 2.379970 -0.040166
v -0.304923 2.382511 -0.075185
v -0.294876 2.327611 -0.080021
v -0.302286 2.344184 -0.089046
v -0.291692 2.320492 -0.062792
v -0.296715 2.331725 -0.036115
v -0.302925 2.345613 -0.030868
v -0.307949 2.356849 -0.032885
v -0.308813 2.358781 -0.086216
v -0.313487 2.369235 -0.043892
v -0.314403 2.371282 -0.072101
v -0.306788 2.331320 -0.072522
v -0.311513 2.341888 -0.078277
v -0.304758 2.326781 -0.061536
v -0.307961 2.333943 -0.044526
v -0.311920 2.342798 -0.041180
v -0.315124 2.349963 -0.042466
v -0.315675 2.351196 -0.076472
v -0.318656 2.357862 -0.049484
v -0.319239 2.359166 -0.067472
v -0.315219 2.341197 -0.061050
v -0.315836 2.342578 -0.061801
v -0.314954 2.340604 -0.059615
v -0.315372 2.341541 -0.057393
v -0.315890 2.342697 -0.056956
v -0.316308 2.343634 -0.057124
v -0.316380 2.343794 -0.061566
v -0.316769 2.344665 -0.058041
v -0.316845 2.344835 -0.060390
v -0.203545 2.350462 -0.081351
v -0.203596 2.338403 -0.061261
v -0.199010 2.384493 -0.031542
v -0.200305 2.398963 -0.040762
v -0.207744 2.359337 -0.036179
v -0.200401 2.387028 -0.084960
v -0.203588 2.370880 -0.090438
v -0.200646 2.401018 -0.070568
v -0.205659 2.372532 -0.030832
v -0.315863 2.342637 -0.059379
v -0.520594 0.002266 0.168187
v -0.525113 0.037180 0.184823
v -0.471651 0.002266 0.090432
v -0.492053 0.049011 0.106711
v -0.618176 0.002266 0.119246
v -0.627109 0.037180 0.137493
v -0.587911 0.002266 0.035297
v -0.587607 0.049011 0.061395
v -0.548427 0.084836 0.208463
v -0.528938 0.084836 0.158123
v -0.615537 0.084836 0.175189
v -0.598504 0.084836 0.131191
v -0.549589 0.133117 0.102376
v -0.539844 0.133117 0.077203
v -0.584480 0.133117 0.088868
v -0.574734 0.133117 0.063695
v -0.545054 0.172071 0.174238
v -0.540990 0.172071 0.163742
v -0.564466 0.172071 0.166722
v -0.560403 0.172071 0.156227
v -0.541997 0.231856 0.128433
v -0.540452 0.231856 0.124443
v -0.551326 0.231856 0.124821
v -0.549781 0.231856 0.120831
v -0.473982 0.030009 0.056799
v -0.473099 0.067659 0.060825
v -0.557217 0.002575 0.006021
v -0.553077 0.067659 0.019228
v -0.450802 0.008898 0.000298
v -0.445248 0.090714 0.031543
v -0.530348 -0.001042 -0.041623
v -0.510772 0.083029 -0.013886
v -0.422708 0.012808 -0.073244
v -0.436169 0.070758 -0.070554
v -0.465651 0.014015 -0.095608
v -0.472210 0.070758 -0.084507
v -0.525579 0.018741 0.183932
v -0.478719 0.025208 0.104730
v -0.594510 0.025208 0.049817
v -0.622677 0.018741 0.131590
v -0.466060 0.041645 0.060904
v -0.559296 0.041645 0.010498
v -0.455586 0.035149 0.013668
v -0.535338 0.035149 -0.028085
v -0.425204 0.044253 -0.071622
v -0.469166 0.045355 -0.093718
v -0.498144 0.066202 -0.049813
v -0.496771 0.001115 -0.081261
v -0.434169 -0.001042 -0.046856
v -0.430082 0.066202 -0.018082
v -0.432875 0.034406 -0.039287
v -0.497504 0.033973 -0.072336
v -0.482578 0.006957 -0.088963
v -0.426880 0.004037 -0.057668
v -0.424755 0.039030 -0.054905
v -0.488196 0.042817 -0.085162
v -0.485559 0.068875 -0.072728
v -0.438072 0.065149 -0.051780
v -0.436273 0.108146 0.025816
v -0.504714 0.108146 -0.001318
v -0.442059 0.093269 -0.061629
v -0.468928 0.093269 -0.072031
v -0.520905 0.089872 -0.046166
v -0.415292 0.089872 -0.022510
v -0.468994 0.091865 -0.049879
v -0.443160 0.090623 -0.047114
v -0.529781 0.002266 0.062865
v -0.542939 0.049011 0.084407
v -0.580608 0.002272 0.158199
v -0.586071 0.037186 0.172310
v -0.563721 0.084836 0.144657
v -0.589448 0.084841 0.197979
v -0.557289 0.133117 0.070449
v -0.567034 0.133123 0.102200
v -0.550697 0.172071 0.159985
v -0.554760 0.173635 0.177058
v -0.545117 0.231856 0.122637
v -0.546662 0.233420 0.133205
v -0.508563 0.009539 0.031326
v -0.518169 0.068471 0.061424
v -0.476206 -0.001042 -0.020662
v -0.508162 0.084576 0.047330
v -0.444368 0.016362 -0.089849
v -0.452385 0.071195 -0.082559
v -0.445387 0.045792 -0.087216
v -0.585351 0.018747 0.170450
v -0.458797 -0.003162 -0.066126
v -0.454263 0.002030 -0.078665
v -0.482002 0.108146 0.020136
v -0.453689 0.093705 -0.071858
v -0.375014 0.282262 0.014486
v -0.428052 0.299878 -0.001318
v -0.372212 0.265869 -0.052551
v -0.398779 0.274479 -0.072031
v -0.432305 0.290306 -0.031148
v -0.371994 0.269558 -0.007995
v -0.422008 0.283219 -0.050221
v -0.369460 0.265507 -0.029157
v -0.406497 0.292719 0.020136
v -0.384179 0.270090 -0.071858
v -0.294623 0.427180 0.038703
v -0.381057 0.455844 0.009281
v -0.282519 0.423166 -0.070529
v -0.325710 0.437489 -0.102269
v -0.382634 0.456367 -0.035655
v -0.283997 0.423656 0.002071
v -0.364065 0.450210 -0.066732
v -0.278303 0.421768 -0.032410
v -0.345931 0.444195 0.036268
v -0.302141 0.429673 -0.101988
v -0.444650 0.117586 -0.066831
v -0.434554 0.116800 -0.057002
v -0.429442 0.115698 -0.041100
v -0.431094 0.114626 -0.022576
v -0.492067 0.131734 -0.000653
v -0.483865 0.116865 -0.042985
v -0.472838 0.117609 -0.057978
v -0.457763 0.117729 -0.066980
v -0.428595 0.129833 0.007861
v -0.468495 0.130962 0.012748
v -0.274585 0.537016 0.020548
v -0.319842 0.558480 -0.001483
v -0.255036 0.534010 -0.061245
v -0.287377 0.544736 -0.085012
v -0.330001 0.558872 -0.035131
v -0.256142 0.534377 -0.006882
v -0.316097 0.554260 -0.058402
v -0.251879 0.532963 -0.032701
v -0.302518 0.535693 0.030450
v -0.269729 0.538883 -0.084801
v -0.245142 0.584504 0.046899
v -0.318297 0.608765 0.010225
v -0.241638 0.549433 -0.062846
v -0.281918 0.561556 -0.089711
v -0.328085 0.584639 -0.035334
v -0.242888 0.549847 -0.003404
v -0.312369 0.579427 -0.061638
v -0.238069 0.548249 -0.032588
v -0.288567 0.613371 0.062667
v -0.261970 0.554940 -0.089472
v -0.237645 0.604199 0.034556
v -0.303573 0.626064 0.012114
v -0.228412 0.601138 -0.061761
v -0.261356 0.612063 -0.085971
v -0.304776 0.626463 -0.035160
v -0.229539 0.601511 -0.006384
v -0.290613 0.621765 -0.058865
v -0.225196 0.600071 -0.032685
v -0.276780 0.617178 0.032699
v -0.243379 0.606101 -0.085756
v -0.100081 1.015998 0.066756
v -0.225262 1.015998 0.025913
v -0.082552 1.015998 -0.084876
v -0.145103 1.015998 -0.128936
v -0.227546 1.015998 -0.036464
v -0.084691 1.015998 0.015906
v -0.200653 1.015998 -0.079605
v -0.076445 1.015998 -0.031960
v -0.174389 1.015998 0.063377
v -0.110970 1.015998 -0.128545
v -0.087647 1.021489 0.072303
v -0.235951 1.023630 0.042339
v -0.065276 1.023630 -0.099043
v -0.145101 1.023630 -0.155271
v -0.250308 1.023630 -0.037263
v -0.068007 1.026749 0.027168
v -0.215990 1.023630 -0.092317
v -0.057484 1.023630 -0.031516
v -0.182473 1.023630 0.079339
v -0.101542 1.023630 -0.154771
v -0.064565 1.055437 0.078074
v -0.251213 1.050408 0.060972
v -0.042829 1.039519 -0.111593
v -0.129258 1.044486 -0.171245
v -0.263952 1.050408 -0.038456
v -0.041160 1.037080 0.007981
v -0.218548 1.050408 -0.111294
v -0.028620 1.039519 -0.031122
v -0.174205 1.050408 0.094800
v -0.078224 1.042842 -0.160981
v 0.000000 1.102041 0.098518
v -0.251243 1.081859 0.061907
v 0.000000 1.095578 -0.147718
v -0.127785 1.081859 -0.191332
v -0.280283 1.081859 -0.040009
v 0.000000 1.086112 0.048139
v -0.220452 1.081859 -0.135991
v 0.000000 1.081859 -0.029989
v -0.162018 1.081859 0.133062
v -0.051805 1.081859 -0.185817
v 0.000000 1.164991 0.119335
v -0.256184 1.158379 0.070871
v 0.000000 1.164622 -0.157103
v -0.129021 1.158379 -0.217436
v -0.294868 1.158379 -0.039967
v -0.229799 1.158379 -0.144350
v -0.167676 1.155233 0.130705
v -0.046390 1.158379 -0.198538
v 0.000000 1.236007 0.114352
v -0.218556 1.209995 0.073493
v 0.000000 1.236007 -0.143987
v -0.122781 1.236007 -0.201367
v -0.269394 1.236007 -0.040435
v -0.211872 1.236006 -0.147981
v -0.155693 1.206583 0.107493
v -0.049733 1.236006 -0.195884
v 0.000000 1.275685 0.096734
v -0.171792 1.302433 0.071760
v 0.000000 1.313882 -0.128562
v -0.105706 1.313882 -0.158486
v -0.187698 1.315230 -0.043363
v -0.163274 1.313882 -0.109424
v -0.126973 1.275685 0.073502
v -0.046685 1.313882 -0.144227
v 0.000000 1.323663 0.079093
v -0.148350 1.333156 0.006227
v 0.000000 1.333156 -0.120358
v -0.103691 1.333156 -0.135115
v -0.158855 1.333156 -0.044330
v -0.137212 1.333156 -0.091945
v -0.116074 1.333156 0.047653
v -0.041985 1.333156 -0.140053
v 0.000000 1.393982 0.065458
v -0.121648 1.393982 -0.027808
v 0.000000 1.393982 -0.130358
v -0.105488 1.393982 -0.139667
v -0.127114 1.393982 -0.077206
v -0.121046 1.393982 -0.102271
v -0.104854 1.393982 0.012045
v -0.043440 1.393982 -0.134770
v 0.000000 1.547185 -0.000953
v -0.121648 1.526841 -0.032909
v 0.000000 1.526841 -0.129288
v -0.096805 1.551034 -0.179106
v -0.127114 1.526841 -0.082307
v -0.121046 1.526841 -0.107372
v -0.104854 1.547185 -0.010019
v -0.040629 1.547670 -0.177829
v 0.000000 1.563792 0.019374
v -0.164874 1.647978 0.001274
v 0.000000 1.639817 -0.135401
v -0.107921 1.659035 -0.192478
v -0.153518 1.639817 -0.062137
v -0.144363 1.639817 -0.094313
v -0.124078 1.575909 0.015179
v -0.044727 1.659035 -0.186871
v 0.000000 1.686201 0.021284
v -0.183554 1.772391 -0.008485
v 0.000000 1.754928 -0.146697
v -0.131339 1.773633 -0.181614
v -0.181087 1.782726 -0.062137
v -0.176557 1.782726 -0.094313
v -0.134160 1.708243 0.002524
v -0.052604 1.773980 -0.182734
v 0.000000 1.707194 0.061931
v -0.183237 1.865882 -0.012101
v 0.000000 1.804071 -0.146455
v -0.148859 1.823288 -0.197957
v -0.182791 1.856286 -0.057896
v -0.188282 1.857158 -0.109790
v -0.138082 1.730942 0.047223
v -0.060035 1.823288 -0.175700
v 0.000000 1.908330 0.048221
v -0.207681 1.975744 -0.012938
v -0.146268 1.908330 0.036583
v 0.000000 1.965202 -0.110708
v -0.149575 1.999742 -0.125140
v -0.206071 1.984020 -0.093360
v -0.070389 1.990610 -0.119309
v -0.244530 1.849592 -0.012101
v -0.242227 1.835273 -0.053316
v -0.242920 1.852818 -0.094313
v -0.244530 1.954339 -0.012938
v -0.242920 1.953915 -0.084036
v -0.152695 1.831899 0.035461
v 0.000000 1.831899 0.047099
v -0.185196 1.909451 -0.007554
v -0.244530 1.899053 -0.004489
v 0.000000 1.883025 -0.127445
v -0.061357 1.904979 -0.162950
v -0.149384 1.911020 -0.164309
v -0.206071 1.916656 -0.119183
v -0.242920 1.896880 -0.105297
v -0.206876 1.985405 -0.048487
v -0.243725 1.964000 -0.048487
v 0.000000 1.958862 0.015313
v 0.000000 1.985082 -0.068477
v -0.031798 1.067540 0.070978
v -0.077979 1.988259 -0.082830
v -0.009970 1.053069 -0.008321
v -0.006781 1.060452 -0.030586
v -0.018894 1.081859 -0.161613
v 0.000000 1.967778 0.002939
v -0.056731 1.161752 0.095093
v -0.064424 1.211772 0.097580
v -0.063718 1.262032 0.060149
v -0.059441 1.325182 0.066613
v -0.044367 1.393982 0.063791
v -0.019284 1.547185 -0.002621
v -0.021513 1.563792 0.033282
v -0.024516 1.686201 0.019144
v -0.025715 1.707194 0.059790
v -0.029931 1.908330 0.046080
v -0.029931 1.831899 0.044958
v -0.038195 1.961966 0.010117
v -0.014945 1.158379 -0.175412
v -0.012752 1.236007 -0.168647
v -0.011971 1.313882 -0.134683
v -0.010765 1.333156 -0.123302
v -0.011138 1.393982 -0.136511
v -0.010418 1.546472 -0.156624
v -0.011468 1.659035 -0.163488
v -0.013488 1.774103 -0.173958
v -0.015394 1.823288 -0.166937
v -0.018048 1.986861 -0.115818
v -0.015733 1.902243 -0.147498
v -0.023045 1.988949 -0.082484
v 0.000000 1.987675 -0.069793
v -0.059655 1.987868 -0.074255
v -0.028096 1.970210 -0.001131
v -0.016498 1.986678 -0.073634
v -0.067582 1.968598 -0.036603
v -0.053179 1.983065 -0.037725
v 0.000000 1.988446 -0.010985
v 0.000000 1.989530 -0.071767
v -0.041654 1.989904 -0.057327
v -0.028713 1.987508 -0.016883
v -0.024421 1.989061 -0.071853
v -0.042491 1.993362 -0.036973
v -0.336572 1.772090 -0.024571
v -0.331613 1.764814 -0.049591
v -0.336519 1.774278 -0.074479
v -0.363587 1.829654 -0.025079
v -0.362593 1.829836 -0.068240
v -0.349328 1.799271 -0.019950
v -0.347883 1.798492 -0.081147
v -0.365636 1.835171 -0.046659
v -0.349660 1.761276 -0.022943
v -0.348607 1.742910 -0.049650
v -0.349604 1.763612 -0.076217
v -0.378497 1.822722 -0.023485
v -0.377436 1.822917 -0.069557
v -0.363277 1.790290 -0.018010
v -0.361734 1.789459 -0.083334
v -0.380685 1.828611 -0.046521
v -0.407980 1.714111 -0.020628
v -0.402211 1.701391 -0.049734
v -0.407918 1.722982 -0.078687
v -0.439407 1.787402 -0.021219
v -0.438250 1.787614 -0.071429
v -0.422819 1.752057 -0.015252
v -0.421138 1.751151 -0.086444
v -0.441791 1.793820 -0.046324
v -0.461366 1.673114 -0.020782
v -0.455629 1.663756 -0.049729
v -0.461305 1.682446 -0.078523
v -0.490869 1.735345 -0.021369
v -0.491471 1.733811 -0.071305
v -0.476125 1.711362 -0.015435
v -0.474453 1.710461 -0.086237
v -0.494992 1.741746 -0.046337
v -0.633756 1.534662 -0.034927
v -0.634042 1.533301 -0.047058
v -0.635554 1.538045 -0.058590
v -0.647499 1.567594 -0.030203
v -0.647914 1.574149 -0.059885
v -0.641585 1.554156 -0.025054
v -0.637132 1.551726 -0.073186
v -0.650318 1.577206 -0.045116
v -0.062069 1.393982 0.035390
v -0.062069 1.547185 -0.006320
v -0.083626 1.563792 0.028835
v -0.078910 1.686311 0.014395
v -0.082767 1.707304 0.055042
v -0.096337 1.908330 0.041332
v -0.122938 1.968855 -0.001410
v -0.096337 1.831899 0.040210
v -0.052888 1.965282 -0.013243
v -0.040638 1.972807 -0.019428
v -0.035453 1.990482 -0.026950
v -0.087913 1.967069 -0.007327
v -0.078405 1.274839 0.074868
v -0.077618 1.325182 0.049997
v -0.026736 1.111748 0.084990
v -0.021608 1.101182 0.034948
v -0.034956 1.160048 0.113636
v -0.060065 1.236007 0.077971
v -0.551279 1.591384 -0.049405
v -0.555137 1.597350 -0.029593
v -0.578293 1.646009 -0.047070
v -0.575955 1.641309 -0.064484
v -0.563993 1.620596 -0.076908
v -0.555039 1.601452 -0.069236
v -0.575775 1.641104 -0.030189
v -0.565255 1.621205 -0.022047
v -0.224495 1.970839 -0.088698
v -0.224495 1.854988 -0.102052
v -0.227002 1.845779 -0.055606
v -0.226105 1.857737 -0.012101
v -0.226105 1.965042 -0.012938
v -0.226105 1.911319 -0.006022
v -0.224495 1.906768 -0.112240
v -0.225300 1.974702 -0.048487
v -0.257322 0.908264 -0.036558
v -0.255116 0.908136 0.024164
v -0.117236 0.900147 -0.083684
v -0.144693 0.901738 -0.126195
v -0.177671 0.903649 -0.126576
v -0.231341 0.906759 -0.078554
v -0.134173 0.901128 0.063923
v -0.119304 0.900266 0.014422
v -0.205965 0.905288 0.060634
v -0.111337 0.899805 -0.032173
v 0.000000 1.339045 -0.126648
v -0.044335 1.338181 -0.147685
v -0.104698 1.344134 -0.146800
v -0.141594 1.344134 -0.100684
v -0.171000 1.344134 -0.043847
v -0.156728 1.344134 0.013089
v -0.122865 1.344242 0.057091
v 0.000000 1.326213 0.094029
v -0.061961 1.326213 0.077859
v -0.011368 1.339045 -0.128992
v -0.084274 1.337605 0.068255
v -0.635036 1.539652 -0.028389
v -0.649748 1.574911 -0.038358
v -0.640957 1.561217 -0.070256
v -0.655322 1.525681 -0.018817
v -0.649657 1.526266 -0.047689
v -0.653496 1.533626 -0.069192
v -0.669981 1.567124 -0.035762
v -0.668751 1.567026 -0.061640
v -0.663060 1.545452 -0.019088
v -0.659787 1.554987 -0.082772
v -0.669451 1.569496 -0.045886
v -0.771249 1.551859 -0.074967
v -0.770770 1.549693 -0.081499
v -0.770855 1.552272 -0.088083
v -0.770781 1.566137 -0.075236
v -0.770386 1.566611 -0.086588
v -0.776395 1.557467 -0.072446
v -0.770630 1.557084 -0.091517
v -0.770542 1.568082 -0.080723
v -0.802758 1.552080 -0.076724
v -0.802422 1.550287 -0.082131
v -0.802481 1.552423 -0.087582
v -0.802430 1.565670 -0.076947
v -0.802153 1.566063 -0.086345
v -0.802665 1.558491 -0.073447
v -0.802324 1.558175 -0.090426
v -0.802262 1.567279 -0.081490
v -0.836176 1.552540 -0.077774
v -0.835813 1.550896 -0.082733
v -0.835878 1.552854 -0.087731
v -0.835821 1.565001 -0.077979
v -0.835522 1.565361 -0.086596
v -0.836076 1.558418 -0.074770
v -0.835707 1.558129 -0.090338
v -0.835640 1.566477 -0.082144
v -0.851588 1.555793 -0.080937
v -0.851467 1.555247 -0.082583
v -0.851489 1.555897 -0.084241
v -0.851470 1.559928 -0.081005
v -0.851371 1.560048 -0.083865
v -0.851555 1.557744 -0.079940
v -0.851432 1.557648 -0.085106
v -0.851410 1.560418 -0.082387
v -0.852111 1.557823 -0.082456
v -0.849123 1.564007 -0.082215
v -0.849028 1.563108 -0.085798
v -0.849177 1.557288 -0.088810
v -0.849314 1.553043 -0.086712
v -0.849262 1.551466 -0.082689
v -0.849269 1.562819 -0.078863
v -0.849555 1.552790 -0.078698
v -0.849474 1.557520 -0.076280
v -0.730214 1.524787 -0.000355
v -0.731800 1.523217 -0.006129
v -0.733901 1.525205 -0.011843
v -0.731293 1.542728 -0.000309
v -0.734109 1.540881 -0.011397
v -0.729704 1.534387 0.002784
v -0.735545 1.533847 -0.016894
v -0.732568 1.543557 -0.006243
v -0.751180 1.524154 0.004687
v -0.751996 1.522366 -0.000834
v -0.753716 1.524532 -0.006203
v -0.752900 1.540572 0.004829
v -0.755077 1.541001 -0.004600
v -0.751196 1.533244 0.008145
v -0.755117 1.532960 -0.011644
v -0.754126 1.542227 0.000309
v -0.771616 1.522490 0.001654
v -0.772624 1.520281 -0.004911
v -0.774248 1.522957 -0.009370
v -0.773740 1.539612 0.001823
v -0.775929 1.540142 -0.007464
v -0.771635 1.530558 0.003311
v -0.776040 1.530208 -0.014296
v -0.775256 1.541657 -0.003552
v -0.788409 1.525372 0.001661
v -0.789571 1.524479 -0.000994
v -0.787924 1.525561 -0.005287
v -0.789268 1.532294 0.001729
v -0.788603 1.532508 -0.004516
v -0.788940 1.528634 0.002576
v -0.788468 1.528492 -0.005985
v -0.790635 1.533121 -0.000444
v -0.790874 1.528682 -0.000508
v -0.787909 1.537908 -0.000981
v -0.785881 1.536689 -0.006560
v -0.785947 1.528693 -0.011299
v -0.784528 1.522858 -0.008093
v -0.785791 1.520704 -0.002075
v -0.786689 1.536262 0.003344
v -0.784980 1.522481 0.003209
v -0.788908 1.528975 0.004063
v -0.705161 1.523620 0.000341
v -0.712806 1.547177 -0.003066
v -0.708103 1.537667 0.001089
v -0.674777 1.521569 -0.008750
v -0.689852 1.548293 -0.006454
v -0.680331 1.537667 -0.003721
v -0.703543 1.574425 -0.028560
v -0.651460 1.521623 -0.032989
v -0.676518 1.518288 -0.022347
v -0.722857 1.518998 -0.024629
v -0.711307 1.519907 -0.014093
v -0.667740 1.527166 -0.075433
v -0.729768 1.572328 -0.025269
v -0.723390 1.546666 -0.014898
v -0.729581 1.535017 -0.022450
v -0.719656 1.552865 -0.007214
v -0.691304 1.571766 -0.056495
v -0.678508 1.558924 -0.084588
v -0.706984 1.578516 -0.044860
v -0.686470 1.555935 -0.014627
v -0.658006 1.543596 -0.085407
v -0.671786 1.536354 -0.082128
v -0.672606 1.522620 -0.044160
v -0.702403 1.522523 -0.078444
v -0.729145 1.570620 -0.056541
v -0.714623 1.556366 -0.090844
v -0.731803 1.577875 -0.043748
v -0.719594 1.539475 -0.036922
v -0.706995 1.529727 -0.086042
v -0.672446 1.526882 -0.049236
v -0.693734 1.520182 -0.042515
v -0.753444 1.536113 -0.079213
v -0.704068 1.535536 -0.041307
v -0.727310 1.538865 -0.024153
v -0.727078 1.549752 -0.014883
v -0.669607 1.562691 -0.027163
v -0.688475 1.565042 -0.020994
v -0.722110 1.553292 -0.015113
v -0.760971 1.580312 -0.025145
v -0.760227 1.575068 -0.056581
v -0.760227 1.558823 -0.092555
v -0.760243 1.584445 -0.043624
v -0.756877 1.543823 -0.040279
v -0.760227 1.550025 -0.091219
v -0.753468 1.546795 -0.048831
v -0.757502 1.545480 -0.024172
v -0.758693 1.546071 -0.017764
v -0.760243 1.557739 -0.014989
v -0.663787 1.560705 -0.075586
v -0.684906 1.566640 -0.073358
v -0.721884 1.563783 -0.077095
v -0.760227 1.568112 -0.073778
v -0.680641 1.561310 -0.082821
v -0.695262 1.566958 -0.077946
v -0.717044 1.558292 -0.086261
v -0.719464 1.563530 -0.081678
v -0.760227 1.566651 -0.086137
v -0.760227 1.571933 -0.081554
v -0.766470 1.556776 -0.072345
v -0.766119 1.547845 -0.075621
v -0.810056 1.558156 -0.090816
v -0.810219 1.552223 -0.087884
v -0.810157 1.550021 -0.082263
v -0.810165 1.565884 -0.076916
v -0.809992 1.567544 -0.081601
v -0.810503 1.551870 -0.076686
v -0.810408 1.558481 -0.073307
v -0.809879 1.566289 -0.086607
v -0.818568 1.558204 -0.090428
v -0.818668 1.565360 -0.077559
v -0.818982 1.552384 -0.077346
v -0.818718 1.552712 -0.087713
v -0.818661 1.550672 -0.082509
v -0.818509 1.566897 -0.081896
v -0.818893 1.558505 -0.074217
v -0.818404 1.565734 -0.086531
v -0.773660 1.550317 -0.055742
v -0.773055 1.547892 -0.063055
v -0.772260 1.550780 -0.070427
v -0.774832 1.572334 -0.056085
v -0.776221 1.572959 -0.069698
v -0.775389 1.557037 -0.051414
v -0.773810 1.556608 -0.072889
v -0.774233 1.574314 -0.063103
v -0.810218 1.553504 -0.059003
v -0.809882 1.551918 -0.063784
v -0.809942 1.553807 -0.068603
v -0.807675 1.569939 -0.057335
v -0.807324 1.570427 -0.069029
v -0.808032 1.557971 -0.054018
v -0.807602 1.557618 -0.073026
v -0.807463 1.571941 -0.062988
v -0.850355 1.551803 -0.058863
v -0.849895 1.549961 -0.064414
v -0.849977 1.552154 -0.070010
v -0.849906 1.565753 -0.059092
v -0.849528 1.566156 -0.068739
v -0.850227 1.558383 -0.055499
v -0.849762 1.558059 -0.072928
v -0.849677 1.567405 -0.063755
v -0.869818 1.555548 -0.062404
v -0.869666 1.554937 -0.064246
v -0.869693 1.555665 -0.066103
v -0.869670 1.560178 -0.062480
v -0.869544 1.560311 -0.065681
v -0.869776 1.557732 -0.061287
v -0.869622 1.557625 -0.067071
v -0.869594 1.560726 -0.064027
v -0.870479 1.557821 -0.064104
v -0.866705 1.564754 -0.063835
v -0.866585 1.563748 -0.067846
v -0.866774 1.557232 -0.071218
v -0.866947 1.552479 -0.068868
v -0.866881 1.550714 -0.064365
v -0.866889 1.563424 -0.060081
v -0.867251 1.552196 -0.059897
v -0.867148 1.557492 -0.057190
v -0.817367 1.557596 -0.073463
v -0.817658 1.553631 -0.068870
v -0.817596 1.551683 -0.063900
v -0.817503 1.570205 -0.057297
v -0.817284 1.572271 -0.063126
v -0.817942 1.553318 -0.058970
v -0.817810 1.557960 -0.053861
v -0.817140 1.570709 -0.069356
v -0.828116 1.557650 -0.073029
v -0.828307 1.569553 -0.058096
v -0.826398 1.553773 -0.059553
v -0.826135 1.554062 -0.068719
v -0.826078 1.552259 -0.064118
v -0.828104 1.571465 -0.063493
v -0.828527 1.557987 -0.054880
v -0.827971 1.570019 -0.069261
v -0.764747 1.531555 -0.016544
v -0.763262 1.524168 -0.013637
v -0.761691 1.521914 -0.003796
v -0.762632 1.539476 0.002097
v -0.763908 1.541198 -0.002606
v -0.760842 1.523774 0.001950
v -0.760859 1.531850 0.005548
v -0.764678 1.539922 -0.011969
v -0.687038 1.570750 -0.069615
v -0.702116 1.573204 -0.063749
v -0.724304 1.568463 -0.072512
v -0.726725 1.571487 -0.065350
v -0.760227 1.572911 -0.070259
v -0.760227 1.579353 -0.063672
v -0.671151 1.521258 -0.059127
v -0.669529 1.523717 -0.066880
v -0.650595 1.528064 -0.059392
v -0.666499 1.524926 -0.065055
v -0.702252 1.526489 -0.059337
v -0.700985 1.522310 -0.067613
v -0.755499 1.539407 -0.062481
v -0.752682 1.547792 -0.068632
v -0.767053 1.556362 -0.071243
v -0.762781 1.550143 -0.070156
v -0.765658 1.546632 -0.062985
v -0.772998 1.523897 0.001886
v -0.774728 1.537838 0.002023
v -0.773014 1.530466 0.003234
v -0.785270 1.535110 0.003262
v -0.783878 1.523890 0.003152
v -0.785296 1.529177 0.004379
v -0.760607 1.576828 -0.034385
v -0.773763 1.550317 -0.036160
v -0.773158 1.547892 -0.044230
v -0.772364 1.550780 -0.051601
v -0.776510 1.572428 -0.036559
v -0.776325 1.572959 -0.050873
v -0.775493 1.557037 -0.031832
v -0.773914 1.556608 -0.054064
v -0.775505 1.574221 -0.044280
v -0.810384 1.553504 -0.039510
v -0.810049 1.551918 -0.044291
v -0.810109 1.553807 -0.049110
v -0.807842 1.569939 -0.037842
v -0.807491 1.570427 -0.049536
v -0.808199 1.557971 -0.034525
v -0.807769 1.557618 -0.053533
v -0.807629 1.571941 -0.043495
v -0.850522 1.551803 -0.039370
v -0.850062 1.549961 -0.044921
v -0.850144 1.552154 -0.050517
v -0.850073 1.565753 -0.039599
v -0.849695 1.566156 -0.049246
v -0.850394 1.558383 -0.036006
v -0.849929 1.558059 -0.053435
v -0.849844 1.567405 -0.044262
v -0.869985 1.555548 -0.042911
v -0.869833 1.554937 -0.044753
v -0.869860 1.555665 -0.046610
v -0.869836 1.560178 -0.042987
v -0.869711 1.560311 -0.046188
v -0.869943 1.557732 -0.041794
v -0.869789 1.557625 -0.047578
v -0.869760 1.560726 -0.044534
v -0.870646 1.557821 -0.044611
v -0.866872 1.564754 -0.044341
v -0.866752 1.563748 -0.048353
v -0.866941 1.557232 -0.051724
v -0.867114 1.552479 -0.049375
v -0.867048 1.550714 -0.044872
v -0.867056 1.563424 -0.040588
v -0.867417 1.552196 -0.040404
v -0.867315 1.557492 -0.037697
v -0.817534 1.557596 -0.053970
v -0.817825 1.553631 -0.049377
v -0.817763 1.551683 -0.044407
v -0.817670 1.570205 -0.037804
v -0.817450 1.572271 -0.043633
v -0.818109 1.553318 -0.039477
v -0.817977 1.557960 -0.034368
v -0.817307 1.570709 -0.049863
v -0.828283 1.557650 -0.053536
v -0.828474 1.569553 -0.038603
v -0.826565 1.553773 -0.040060
v -0.826302 1.554062 -0.049226
v -0.826245 1.552259 -0.044624
v -0.828271 1.571465 -0.044000
v -0.828694 1.557987 -0.035387
v -0.828138 1.570019 -0.049768
v -0.760231 1.579852 -0.053142
v -0.762010 1.561349 -0.052699
v -0.763449 1.550291 -0.050871
v -0.763183 1.546461 -0.043971
v -0.760819 1.575152 -0.018753
v -0.776238 1.556897 -0.017958
v -0.775663 1.554571 -0.022843
v -0.774907 1.555778 -0.030215
v -0.776252 1.572406 -0.018259
v -0.778673 1.572937 -0.031914
v -0.777882 1.557016 -0.013629
v -0.776381 1.557426 -0.034200
v -0.776783 1.574292 -0.025319
v -0.810970 1.553504 -0.020211
v -0.810652 1.551918 -0.024991
v -0.810708 1.553807 -0.029811
v -0.808554 1.569939 -0.018542
v -0.808219 1.570427 -0.030237
v -0.808892 1.557971 -0.015225
v -0.808483 1.557618 -0.034234
v -0.808351 1.571941 -0.024195
v -0.849132 1.551803 -0.019509
v -0.848695 1.549961 -0.025060
v -0.848773 1.552154 -0.030655
v -0.848705 1.565753 -0.019737
v -0.848345 1.566156 -0.029385
v -0.849011 1.558383 -0.016145
v -0.848568 1.558059 -0.033574
v -0.848487 1.567405 -0.024401
v -0.867637 1.555548 -0.022938
v -0.867492 1.554937 -0.024780
v -0.867518 1.555665 -0.026637
v -0.867495 1.560178 -0.023014
v -0.867376 1.560311 -0.026216
v -0.867597 1.557732 -0.021822
v -0.867450 1.557625 -0.027606
v -0.867423 1.560726 -0.024562
v -0.868265 1.557821 -0.024639
v -0.864677 1.564754 -0.024351
v -0.864563 1.563748 -0.028362
v -0.864742 1.557232 -0.031734
v -0.864907 1.552479 -0.029385
v -0.864844 1.550714 -0.024881
v -0.864852 1.563424 -0.020597
v -0.865196 1.552196 -0.020413
v -0.865098 1.557492 -0.017706
v -0.817768 1.557596 -0.034409
v -0.818045 1.553631 -0.029815
v -0.817986 1.551683 -0.024846
v -0.817897 1.570205 -0.018242
v -0.817689 1.572271 -0.024071
v -0.818315 1.553318 -0.019916
v -0.818190 1.557960 -0.014807
v -0.817553 1.570709 -0.030301
v -0.827988 1.557650 -0.033843
v -0.828169 1.569553 -0.018911
v -0.826355 1.553773 -0.020368
v -0.826104 1.554062 -0.029533
v -0.826050 1.552259 -0.024932
v -0.827976 1.571465 -0.024308
v -0.828379 1.557987 -0.015695
v -0.827850 1.570019 -0.030076
v -0.760705 1.578803 -0.031899
v -0.765511 1.557773 -0.032778
v -0.765869 1.550143 -0.030259
v -0.691925 1.576416 -0.053407
v -0.729850 1.575404 -0.053145
v -0.762099 1.561399 -0.053647
v -0.692781 1.573381 -0.038447
v -0.765938 1.547589 -0.056294
v -0.730785 1.572380 -0.035846
v -0.692548 1.575453 -0.034517
v -0.730512 1.574355 -0.032023
v -0.765549 1.557613 -0.033371
v -0.689960 1.568773 -0.024521
v -0.763934 1.551771 -0.034103
v -0.728500 1.565229 -0.021482
v -0.706390 1.532374 -0.051958
v -0.754329 1.541306 -0.055810
v -0.757419 1.549153 -0.033752
v -0.738853 1.546339 -0.035507
v -0.733738 1.541432 -0.079816
v -0.731976 1.543579 -0.047886
v -0.741548 1.557595 -0.091699
v -0.737734 1.539876 -0.088631
v -0.749415 1.576320 -0.025207
v -0.750145 1.581160 -0.043686
v -0.747171 1.554016 -0.016323
v -0.747428 1.555515 -0.015051
v -0.735298 1.545131 -0.041365
v -0.748809 1.572844 -0.056561
v -0.746817 1.549770 -0.024163
v -0.745179 1.565947 -0.075437
v -0.742758 1.562472 -0.086199
v -0.743968 1.567731 -0.081616
v -0.746389 1.570687 -0.071386
v -0.747599 1.575420 -0.064511
v -0.736929 1.545238 -0.061187
v -0.735490 1.547299 -0.068595
v -0.749164 1.577628 -0.053143
v -0.749779 1.574604 -0.035115
v -0.749681 1.576579 -0.031961
v -0.729166 1.543813 -0.053282
v -0.748721 1.570190 -0.020117
v -0.047226 2.230017 0.014814
v -0.053026 2.228121 0.012487
v -0.058372 2.225042 0.010343
v -0.063058 2.220899 0.008463
v -0.066903 2.215850 0.006921
v -0.069761 2.210090 0.005774
v -0.071520 2.203840 0.005068
v -0.072115 2.197340 0.004830
v -0.071520 2.190840 0.005068
v -0.069761 2.184590 0.005774
v -0.066903 2.178829 0.006921
v -0.063058 2.173781 0.008463
v -0.058372 2.169637 0.010343
v -0.053026 2.166559 0.012487
v -0.047226 2.164663 0.014814
v -0.047402 2.230017 0.015608
v -0.053373 2.228121 0.014045
v -0.058876 2.225042 0.012604
v -0.063699 2.220899 0.011341
v -0.067657 2.215850 0.010304
v -0.070598 2.210090 0.009534
v -0.072410 2.203840 0.009060
v -0.073021 2.197340 0.008900
v -0.072410 2.190840 0.009060
v -0.070598 2.184590 0.009534
v -0.067657 2.178829 0.010304
v -0.063699 2.173781 0.011341
v -0.058876 2.169637 0.012604
v -0.053373 2.166559 0.014045
v -0.047402 2.164663 0.015608
v -0.047341 2.230017 0.016465
v -0.053252 2.228121 0.015725
v -0.058700 2.225042 0.015043
v -0.063475 2.220899 0.014445
v -0.067394 2.215850 0.013955
v -0.070306 2.210090 0.013590
v -0.072099 2.203840 0.013366
v -0.072705 2.197340 0.013290
v -0.072099 2.190840 0.013366
v -0.070306 2.184590 0.013590
v -0.067394 2.178829 0.013955
v -0.063475 2.173781 0.014445
v -0.058700 2.169637 0.015043
v -0.053252 2.166559 0.015725
v -0.047341 2.164663 0.016465
v -0.047043 2.230017 0.017351
v -0.052668 2.228121 0.017463
v -0.057851 2.225042 0.017566
v -0.062395 2.220899 0.017656
v -0.066124 2.215850 0.017731
v -0.068895 2.210090 0.017786
v -0.070601 2.203840 0.017820
v -0.071177 2.197340 0.017831
v -0.070601 2.190840 0.017820
v -0.068895 2.184590 0.017786
v -0.066124 2.178829 0.017731
v -0.062395 2.173781 0.017656
v -0.057851 2.169637 0.017566
v -0.052668 2.166559 0.017463
v -0.047043 2.164663 0.017351
v -0.046520 2.230017 0.018232
v -0.051642 2.228121 0.019192
v -0.056363 2.225042 0.020076
v -0.060500 2.220899 0.020852
v -0.063896 2.215850 0.021488
v -0.066419 2.210090 0.021961
v -0.067973 2.203840 0.022252
v -0.068497 2.197340 0.022350
v -0.067973 2.190840 0.022252
v -0.066419 2.184590 0.021961
v -0.063896 2.178829 0.021488
v -0.060500 2.173781 0.020852
v -0.056363 2.169637 0.020076
v -0.051642 2.166559 0.019192
v -0.046520 2.164663 0.018232
v -0.041193 2.164022 0.017234
v -0.045792 2.230017 0.019075
v -0.050215 2.228121 0.020846
v -0.054291 2.225042 0.022478
v -0.057863 2.220899 0.023908
v -0.060795 2.215850 0.025082
v -0.062974 2.210090 0.025954
v -0.064315 2.203840 0.026491
v -0.064768 2.197340 0.026672
v -0.064315 2.190840 0.026491
v -0.062974 2.184590 0.025954
v -0.060795 2.178829 0.025082
v -0.057863 2.173781 0.023908
v -0.054291 2.169637 0.022478
v -0.050215 2.166559 0.020846
v -0.045792 2.164663 0.019075
v -0.044888 2.230017 0.019848
v -0.048441 2.228121 0.022361
v -0.051716 2.225042 0.024677
v -0.054586 2.220899 0.026707
v -0.056941 2.215850 0.028374
v -0.058692 2.210090 0.029612
v -0.059769 2.203840 0.030374
v -0.060133 2.197340 0.030631
v -0.059769 2.190840 0.030374
v -0.058692 2.184590 0.029612
v -0.056941 2.178829 0.028374
v -0.054586 2.173781 0.026707
v -0.051716 2.169637 0.024677
v -0.048441 2.166559 0.022361
v -0.044888 2.164663 0.019848
v -0.043842 2.230017 0.020520
v -0.046389 2.228121 0.023679
v -0.048736 2.225042 0.026591
v -0.050794 2.220899 0.029143
v -0.052482 2.215850 0.031238
v -0.053737 2.210090 0.032794
v -0.054509 2.203840 0.033752
v -0.054770 2.197340 0.034076
v -0.054509 2.190840 0.033752
v -0.053737 2.184590 0.032794
v -0.052482 2.178829 0.031238
v -0.050794 2.173781 0.029143
v -0.048736 2.169637 0.026591
v -0.046389 2.166559 0.023679
v -0.043842 2.164663 0.020520
v -0.042694 2.230017 0.021066
v -0.044137 2.228121 0.024750
v -0.045467 2.225042 0.028145
v -0.046633 2.220899 0.031121
v -0.047589 2.215850 0.033563
v -0.048300 2.210090 0.035378
v -0.048738 2.203840 0.036496
v -0.048886 2.197340 0.036873
v -0.048738 2.190840 0.036496
v -0.048300 2.184590 0.035378
v -0.047589 2.178829 0.033563
v -0.046633 2.173781 0.031121
v -0.045467 2.169637 0.028145
v -0.044137 2.166559 0.024750
v -0.042694 2.164663 0.021066
v -0.041488 2.230017 0.021464
v -0.041772 2.228121 0.025531
v -0.042033 2.225042 0.029280
v -0.042262 2.220899 0.032565
v -0.042451 2.215850 0.035262
v -0.042590 2.210090 0.037265
v -0.042676 2.203840 0.038499
v -0.042705 2.197340 0.038916
v -0.042676 2.190840 0.038499
v -0.042590 2.184590 0.037265
v -0.042451 2.178829 0.035262
v -0.042262 2.173781 0.032565
v -0.042033 2.169637 0.029280
v -0.041772 2.166559 0.025531
v -0.041488 2.164663 0.021464
v -0.040271 2.230017 0.021700
v -0.039385 2.228121 0.025994
v -0.038567 2.225042 0.029952
v -0.037851 2.220899 0.033421
v -0.037264 2.215850 0.036267
v -0.036827 2.210090 0.038383
v -0.036558 2.203840 0.039685
v -0.036467 2.197340 0.040125
v -0.036558 2.190840 0.039685
v -0.036827 2.184590 0.038383
v -0.037264 2.178829 0.036267
v -0.037851 2.173781 0.033421
v -0.038567 2.169637 0.029952
v -0.039385 2.166559 0.025994
v -0.040271 2.164663 0.021700
v -0.041193 2.230657 0.017234
v -0.039090 2.230017 0.021764
v -0.037067 2.228121 0.026120
v -0.035203 2.225042 0.030135
v -0.033568 2.220899 0.033654
v -0.032228 2.215850 0.036541
v -0.031231 2.210090 0.038687
v -0.030617 2.203840 0.040009
v -0.030410 2.197340 0.040455
v -0.030617 2.190840 0.040009
v -0.031231 2.184590 0.038687
v -0.032228 2.178829 0.036541
v -0.033568 2.173781 0.033654
v -0.035203 2.169637 0.030135
v -0.037067 2.166559 0.026120
v -0.039089 2.164663 0.021764
v -0.037989 2.230017 0.021655
v -0.034907 2.228121 0.025905
v -0.032068 2.225042 0.029822
v -0.029579 2.220899 0.033256
v -0.027536 2.215850 0.036074
v -0.026018 2.210090 0.038167
v -0.025083 2.203840 0.039457
v -0.024768 2.197340 0.039892
v -0.025083 2.190840 0.039457
v -0.026018 2.184590 0.038167
v -0.027536 2.178829 0.036074
v -0.029579 2.173781 0.033256
v -0.032068 2.169637 0.029822
v -0.034907 2.166559 0.025905
v -0.037989 2.164663 0.021655
v -0.037011 2.230017 0.021375
v -0.032990 2.228121 0.025356
v -0.029284 2.225042 0.029026
v -0.026035 2.220899 0.032242
v -0.023369 2.215850 0.034882
v -0.021388 2.210090 0.036843
v -0.020169 2.203840 0.038051
v -0.019757 2.197340 0.038459
v -0.020169 2.190840 0.038051
v -0.021388 2.184590 0.036843
v -0.023369 2.178829 0.034882
v -0.026035 2.173781 0.032242
v -0.029284 2.169637 0.029026
v -0.032990 2.166559 0.025356
v -0.037011 2.164663 0.021375
v -0.036194 2.230017 0.020936
v -0.031387 2.228121 0.024496
v -0.026957 2.225042 0.027776
v -0.023074 2.220899 0.030652
v -0.019888 2.215850 0.033012
v -0.017520 2.210090 0.034765
v -0.016062 2.203840 0.035845
v -0.015569 2.197340 0.036210
v -0.016062 2.190840 0.035845
v -0.017520 2.184590 0.034765
v -0.019888 2.178829 0.033012
v -0.023074 2.173781 0.030652
v -0.026957 2.169637 0.027776
v -0.031387 2.166559 0.024496
v -0.036194 2.164663 0.020936
v -0.035569 2.230017 0.020355
v -0.030162 2.228121 0.023356
v -0.025178 2.225042 0.026122
v -0.020810 2.220899 0.028546
v -0.017225 2.215850 0.030535
v -0.014561 2.210090 0.032014
v -0.012921 2.203840 0.032924
v -0.012367 2.197340 0.033231
v -0.012921 2.190840 0.032924
v -0.014561 2.184590 0.032014
v -0.017225 2.178829 0.030535
v -0.020810 2.173781 0.028546
v -0.025178 2.169637 0.026122
v -0.030162 2.166559 0.023356
v -0.035569 2.164663 0.020355
v -0.035161 2.230017 0.019654
v -0.029360 2.228121 0.021981
v -0.024014 2.225042 0.024126
v -0.019328 2.220899 0.026005
v -0.015483 2.215850 0.027548
v -0.012625 2.210090 0.028694
v -0.010866 2.203840 0.029400
v -0.010272 2.197340 0.029638
v -0.010866 2.190840 0.029400
v -0.012625 2.184590 0.028694
v -0.015483 2.178829 0.027548
v -0.019328 2.173781 0.026005
v -0.024014 2.169637 0.024126
v -0.029360 2.166559 0.021981
v -0.035161 2.164663 0.019654
v -0.010658 2.095661 0.068379
v -0.009701 2.095700 0.065790
v -0.001998 2.096013 0.069817
v -0.001253 2.096044 0.067816
v -0.013550 2.126969 0.063913
v -0.015155 2.126904 0.072456
v 0.000000 2.127495 0.074868
v 0.000000 2.127546 0.067312
v 0.000000 2.096851 0.067516
v -0.001289 2.096815 0.070446
v -0.011592 2.096396 0.068735
v -0.010453 2.096443 0.065105
v 0.000000 2.109379 0.068040
v -0.011699 2.108903 0.065235
v -0.001040 2.109337 0.073632
v -0.013023 2.108850 0.071642
v -0.013742 2.073381 0.052195
v -0.013310 2.073370 0.050060
v -0.020149 2.073647 0.049564
v -0.019819 2.073638 0.047912
v -0.011802 2.048518 0.049795
v -0.014268 2.048597 0.056193
v -0.025012 2.049043 0.051780
v -0.022718 2.048967 0.046191
v -0.020311 2.073050 0.047342
v -0.020931 2.073068 0.049676
v -0.013309 2.072752 0.052807
v -0.012568 2.072730 0.049898
v -0.021530 2.063228 0.047289
v -0.012523 2.062857 0.050262
v -0.023157 2.063281 0.051470
v -0.014291 2.062914 0.055111
v -0.001049 2.065187 0.057061
v -0.010606 2.065555 0.056350
v 0.000000 2.065131 0.051903
v -0.010356 2.065502 0.051871
v -0.001027 2.075004 0.051571
v 0.000000 2.075026 0.054565
v -0.009047 2.075341 0.053955
v -0.009181 2.075324 0.051544
v -0.011826 2.051241 0.051196
v -0.012274 2.051317 0.057222
v 0.000000 2.050871 0.058083
v 0.000000 2.050792 0.051235
v -0.008537 2.075912 0.051932
v -0.008338 2.075921 0.053605
v -0.001683 2.075644 0.051955
v -0.001431 2.075655 0.054119
v -0.022632 2.099851 0.060859
v -0.021108 2.099887 0.058878
v -0.015532 2.100170 0.064432
v -0.014350 2.100198 0.062903
v -0.023930 2.128199 0.056220
v -0.027616 2.128140 0.063173
v -0.015709 2.128675 0.069166
v -0.012596 2.128721 0.062970
v -0.013534 2.100929 0.062872
v -0.015088 2.100897 0.065166
v -0.023535 2.100517 0.060915
v -0.021574 2.100559 0.058084
v -0.013334 2.112273 0.063430
v -0.022686 2.111842 0.057861
v -0.015730 2.112234 0.067988
v -0.025554 2.111793 0.063043
v -0.032997 2.097760 0.049317
v -0.030782 2.097798 0.047777
v -0.026861 2.098105 0.055314
v -0.025144 2.098135 0.054127
v -0.032817 2.128361 0.044120
v -0.038882 2.128298 0.050070
v -0.028590 2.128875 0.060126
v -0.023362 2.128925 0.054769
v -0.024295 2.098924 0.054362
v -0.026644 2.098889 0.056214
v -0.033945 2.098479 0.049080
v -0.031002 2.098525 0.046808
v -0.024272 2.111169 0.055002
v -0.032073 2.110704 0.046216
v -0.028226 2.111128 0.058907
v -0.036718 2.110651 0.050610
v -0.040813 2.104392 0.033161
v -0.037855 2.104429 0.032661
v -0.037659 2.104724 0.043304
v -0.035370 2.104752 0.042924
v -0.038081 2.139193 0.027423
v -0.047032 2.139131 0.030739
v -0.041743 2.130984 0.047487
v -0.033914 2.131032 0.044371
v -0.034642 2.105513 0.043660
v -0.037886 2.105479 0.044436
v -0.041638 2.105084 0.032369
v -0.037597 2.105129 0.031450
v -0.034933 2.117312 0.044391
v -0.038370 2.116864 0.030190
v -0.040782 2.117273 0.046583
v -0.045146 2.116813 0.032547
v 0.000000 2.105041 -0.026156
v -0.012456 2.104316 -0.026903
v -0.007255 2.108212 -0.026530
v 0.000000 2.072141 0.030978
v -0.026213 2.076087 0.028658
v -0.013924 2.079169 0.029628
v -0.022653 2.094034 0.012687
v -0.015855 2.103441 -0.013706
v 0.000000 2.102999 -0.012566
v 0.000000 2.091255 0.014614
v -0.009550 2.106461 -0.013184
v -0.014140 2.095300 0.013508
v -0.003235 2.101585 -0.029728
v -0.014743 2.100782 -0.030554
v -0.008989 2.101184 -0.030141
v 0.000000 2.058646 0.041903
v -0.027305 2.057900 0.039336
v -0.016634 2.059535 0.040409
v -0.026024 2.072247 0.013247
v -0.018504 2.092975 -0.015954
v 0.000000 2.044775 0.049168
v -0.023448 2.053006 0.042466
v -0.016634 2.045664 0.047674
v -0.013013 1.945845 0.173242
v -0.025937 1.971134 0.179369
v -0.013525 1.907817 0.162358
v 0.000000 1.971226 0.181223
v -0.013615 1.946018 0.172630
v -0.025136 1.919179 0.164640
v 0.000000 1.918741 0.166198
v -0.008623 1.967633 0.179706
v -0.018521 1.966880 0.177977
v -0.037707 1.946587 0.170607
v -0.050082 1.972244 0.175423
v -0.038196 1.908574 0.159669
v -0.061226 1.948019 0.165516
v -0.038234 1.946776 0.169934
v -0.049635 1.920287 0.160702
v -0.026599 1.919142 0.164773
v -0.033382 1.968241 0.177543
v -0.043053 1.967787 0.174754
v -0.073626 1.974070 0.168932
v -0.061687 1.910020 0.154528
v -0.107345 1.953133 0.147338
v -0.061674 1.948223 0.164792
v -0.072820 1.922067 0.154375
v -0.050382 1.920249 0.160836
v -0.057015 1.969547 0.172901
v -0.066350 1.969374 0.169113
v -0.084716 1.950211 0.157722
v -0.096716 1.976646 0.159776
v -0.085141 1.912226 0.146687
v -0.085077 1.950427 0.156954
v -0.095822 1.924605 0.145352
v -0.074278 1.922117 0.154196
v -0.080675 1.971614 0.165554
v -0.089547 1.971718 0.160780
v -0.118587 1.979910 0.148173
v -0.107729 1.915159 0.136258
v -0.180388 1.970615 0.085191
v -0.107613 1.953358 0.146536
v -0.117817 1.927858 0.133788
v -0.097451 1.924726 0.144923
v -0.103527 1.974414 0.155600
v -0.111819 1.974782 0.149888
v -0.128425 1.956694 0.134679
v -0.138582 1.983739 0.134561
v -0.128764 1.918731 0.123559
v -0.147342 1.960740 0.120295
v -0.128598 1.956926 0.133852
v -0.138135 1.931727 0.120035
v -0.119195 1.927996 0.133299
v -0.124877 1.977863 0.143339
v -0.132488 1.978473 0.136766
v -0.156893 1.988143 0.118904
v -0.147633 1.922787 0.109143
v -0.147421 1.960976 0.119456
v -0.156196 1.936047 0.104676
v -0.138869 1.931780 0.119846
v -0.144099 1.981809 0.129313
v -0.150958 1.982633 0.121978
v -0.165018 1.965468 0.103487
v -0.173400 1.993104 0.101270
v -0.165256 1.927523 0.092306
v -0.164998 1.965705 0.102644
v -0.172880 1.941030 0.086962
v -0.157430 1.936263 0.103907
v -0.162129 1.986444 0.112836
v -0.168128 1.987464 0.104806
v -0.187765 1.998531 0.081976
v -0.180570 1.932676 0.073988
v -0.214298 2.021451 -0.095524
v -0.180272 1.970850 0.084355
v -0.187176 1.946396 0.067886
v -0.173764 1.941197 0.086369
v -0.177883 1.991509 0.094828
v -0.182962 1.992696 0.086207
v -0.193765 1.976285 0.065035
v -0.199737 2.004317 0.061409
v -0.193888 1.938351 0.053815
v -0.204418 1.982140 0.044218
v -0.193552 1.976514 0.064218
v -0.199377 1.952255 0.047059
v -0.188203 1.946681 0.066873
v -0.191681 1.997109 0.074921
v -0.195761 1.998435 0.065804
v -0.209274 2.010425 0.039694
v -0.204483 1.944209 0.032989
v -0.218682 1.995071 -0.001747
v -0.204114 1.982363 0.043428
v -0.208821 1.958259 0.025716
v -0.199954 1.952389 0.046584
v -0.202769 2.002910 0.054300
v -0.205830 2.004341 0.044808
v -0.212868 1.988467 0.021726
v -0.216370 2.016909 0.016646
v -0.212872 1.950537 0.010493
v -0.212473 1.988679 0.020974
v -0.215970 1.964701 0.002817
v -0.209591 1.958598 0.024511
v -0.211687 2.009194 0.031962
v -0.213660 2.010702 0.022197
v -0.220724 2.023567 -0.007025
v -0.218625 1.957140 -0.012978
v -0.218202 1.995269 -0.002452
v -0.220433 1.971378 -0.020922
v -0.216646 1.965119 0.001328
v -0.217989 2.015768 0.008590
v -0.218839 2.017320 -0.001329
v -0.221685 2.001750 -0.025490
v -0.222275 2.030186 -0.030553
v -0.221567 1.963816 -0.036711
v -0.221935 2.008277 -0.048694
v -0.221125 2.001932 -0.026138
v -0.222073 1.978090 -0.044780
v -0.220903 1.971755 -0.022262
v -0.221483 2.022434 -0.015104
v -0.221210 2.023994 -0.025054
v -0.221116 2.036811 -0.054103
v -0.221761 1.970339 -0.059900
v -0.221306 2.008442 -0.049280
v -0.220998 1.984609 -0.067956
v -0.222381 1.978278 -0.045449
v -0.222214 2.028962 -0.038312
v -0.220853 2.030498 -0.048177
v -0.219446 2.014971 -0.072491
v -0.217221 2.043408 -0.077558
v -0.219215 1.977027 -0.083675
v -0.218752 2.015116 -0.073005
v -0.217153 1.991254 -0.091578
v -0.221151 1.985005 -0.069363
v -0.220216 2.035672 -0.062166
v -0.217752 2.037150 -0.071823
v -0.210636 2.049848 -0.100449
v -0.214014 1.983498 -0.106681
v -0.010081 2.002019 -0.015957
v -0.213549 2.021573 -0.095961
v -0.210698 1.997645 -0.114296
v -0.217222 1.991553 -0.092642
v -0.215542 2.042182 -0.085306
v -0.212021 2.043570 -0.094644
v -0.206399 2.027829 -0.118201
v -0.201524 2.056004 -0.122332
v -0.206066 1.989868 -0.129324
v -0.196257 2.033751 -0.139253
v -0.205605 2.027929 -0.118555
v -0.201518 2.003895 -0.136514
v -0.210524 1.998040 -0.115701
v -0.208109 2.048606 -0.108143
v -0.203560 2.049871 -0.117044
v -0.189954 2.061849 -0.143111
v -0.195878 1.995780 -0.150338
v -0.168047 2.044876 -0.178799
v -0.195427 2.033827 -0.139521
v -0.190191 2.009655 -0.156990
v -0.201497 2.004101 -0.137245
v -0.198398 2.054585 -0.129397
v -0.192906 2.055701 -0.137770
v -0.183376 2.039505 -0.159705
v -0.175774 2.067415 -0.162899
v -0.182956 2.001521 -0.170748
v -0.182520 2.039554 -0.159882
v -0.176165 2.015206 -0.176724
v -0.189701 2.010030 -0.158324
v -0.185935 2.060410 -0.150104
v -0.179539 2.061345 -0.157834
v -0.159368 2.072513 -0.181022
v -0.167591 2.006879 -0.189794
v -0.089499 2.060511 -0.234379
v -0.167175 2.044899 -0.178882
v -0.159773 2.020339 -0.194972
v -0.175385 2.015611 -0.178165
v -0.170994 2.065866 -0.169500
v -0.163769 2.066592 -0.176484
v -0.150735 2.049702 -0.195956
v -0.141318 2.076996 -0.196957
v -0.150249 2.011690 -0.206899
v -0.132130 2.053853 -0.210712
v -0.149859 2.049699 -0.195943
v -0.141512 2.024899 -0.211180
v -0.158984 2.020675 -0.196165
v -0.154031 2.070787 -0.186994
v -0.146075 2.071281 -0.193156
v -0.121549 2.080911 -0.210873
v -0.131621 2.015827 -0.221603
v -0.131261 2.053824 -0.210608
v -0.122098 2.028765 -0.224925
v -0.141164 2.025082 -0.211830
v -0.135724 2.075040 -0.202113
v -0.127155 2.075290 -0.207406
v -0.111326 2.057531 -0.223788
v -0.100153 2.084230 -0.222674
v -0.110799 2.019489 -0.234623
v -0.110475 2.057476 -0.223591
v -0.100584 2.032127 -0.236875
v -0.121056 2.029046 -0.225923
v -0.115182 2.078831 -0.215592
v -0.106088 2.078813 -0.219929
v -0.077526 2.086884 -0.232109
v -0.088961 2.022453 -0.245158
v -0.088676 2.060430 -0.234093
v -0.078192 2.034775 -0.246292
v -0.099795 2.032325 -0.237581
v -0.093566 2.081930 -0.226606
v -0.084067 2.081632 -0.229952
v -0.066206 2.062852 -0.242702
v -0.054112 2.088829 -0.239023
v -0.065664 2.024777 -0.253422
v -0.042817 2.064433 -0.248323
v -0.065421 2.062747 -0.242329
v -0.054465 2.036766 -0.253366
v -0.076947 2.034987 -0.247043
v -0.070436 2.084397 -0.235378
v -0.060645 2.083806 -0.237679
v -0.027114 2.090581 -0.243222
v -0.042277 2.026343 -0.258986
v -0.009354 1.996396 -0.017248
v -0.042079 2.064306 -0.247869
v -0.030798 2.037996 -0.257738
v -0.053861 2.036890 -0.253809
v -0.047155 2.086105 -0.241449
v -0.037198 2.085222 -0.242712
v -0.017020 2.065331 -0.251516
v -0.011802 1.996679 -0.018253
v -0.017663 2.027224 -0.262121
v -0.015460 2.065182 -0.250986
v -0.002795 2.038525 -0.259621
v -0.029412 2.038128 -0.258208
v -0.019654 2.087656 -0.244932
v -0.010536 2.085585 -0.244005
v -0.010581 1.999612 -0.016934
v -0.010589 1.995272 -0.018101
v -0.011904 2.002591 -0.016614
v -0.010540 1.999588 -0.016847
v -0.008454 2.001765 -0.015553
v -0.007393 2.001785 -0.015123
v -0.006639 1.996184 -0.016493
v -0.009189 1.996390 -0.017227
v -0.009280 2.002299 -0.015574
v -0.007922 1.999362 -0.016044
v -0.005807 2.001585 -0.014912
v -0.004708 2.001636 -0.014595
v -0.003937 1.996058 -0.016046
v -0.013111 1.999920 -0.018027
v -0.007924 1.995022 -0.017210
v -0.006555 1.996188 -0.016509
v -0.005259 1.999197 -0.015460
v -0.007872 1.999339 -0.015962
v -0.005255 1.994857 -0.016626
v -0.006605 2.002091 -0.014836
v -0.005200 1.999176 -0.015383
v -0.003020 2.001482 -0.014546
v -0.001895 2.001567 -0.014350
v 0.000000 1.996012 -0.015884
v -0.003771 1.996062 -0.016061
v -0.002462 1.999111 -0.015153
v 0.000000 2.001976 -0.014177
v -0.002452 1.994771 -0.016320
v -0.003862 2.001965 -0.014388
v -0.002394 1.999092 -0.015084
v 0.000000 2.090061 -0.243404
v -0.011089 2.002032 -0.016500
v -0.014388 2.002962 -0.017932
v -0.013155 1.995606 -0.019286
v -0.021410 2.001906 -0.025088
v -0.013142 1.999945 -0.018118
v -0.014301 1.997048 -0.019566
v -0.011987 1.996692 -0.018301
v -0.012677 2.002337 -0.017088
v -0.013619 2.002380 -0.017737
v -0.015506 2.000324 -0.019465
v -0.016660 2.003397 -0.019478
v -0.015545 1.996011 -0.020728
v -0.017655 2.000784 -0.021099
v -0.015526 2.000351 -0.019559
v -0.016609 1.997488 -0.021129
v -0.014458 1.997064 -0.019622
v -0.015103 2.002729 -0.018481
v -0.015968 2.002799 -0.019228
v -0.018740 2.003897 -0.021257
v -0.017688 1.996472 -0.022366
v -0.017664 2.000811 -0.021195
v -0.018661 1.997979 -0.022874
v -0.016693 1.997494 -0.021150
v -0.017287 2.003178 -0.020075
v -0.018066 2.003272 -0.020908
v -0.019664 2.001321 -0.023009
v -0.020616 2.004461 -0.023261
v -0.019690 1.997010 -0.024279
v -0.019661 2.001348 -0.023105
v -0.020557 1.998545 -0.024886
v -0.018801 1.998003 -0.022961
v -0.019335 2.003704 -0.021947
v -0.020017 2.003821 -0.022859
v -0.022248 2.005078 -0.025453
v -0.021430 1.997596 -0.026360
v -0.025262 2.007681 -0.045619
v -0.021396 2.001933 -0.025182
v -0.022181 1.999154 -0.027054
v -0.020657 1.998564 -0.024954
v -0.021125 2.004280 -0.023993
v -0.021702 2.004415 -0.024972
v -0.022929 2.002550 -0.027377
v -0.023608 2.005735 -0.027789
v -0.022943 1.998240 -0.028652
v -0.024140 2.003215 -0.029742
v -0.022905 2.002576 -0.027470
v -0.023567 1.999820 -0.029420
v -0.022297 1.999187 -0.027169
v -0.022693 2.004916 -0.026254
v -0.023156 2.005067 -0.027290
v -0.024691 2.006429 -0.030256
v -0.024147 1.998906 -0.031018
v -0.025760 2.004684 -0.034965
v -0.024105 2.003241 -0.029832
v -0.024640 2.000502 -0.031845
v -0.023633 1.999835 -0.029474
v -0.023952 2.005575 -0.028597
v -0.024300 2.005738 -0.029675
v -0.025100 2.003934 -0.032298
v -0.025498 2.007166 -0.032875
v -0.025100 1.999625 -0.033574
v -0.025055 2.003958 -0.032383
v -0.025452 2.001234 -0.034446
v -0.024728 2.000541 -0.031981
v -0.024966 2.006289 -0.031135
v -0.025190 2.006461 -0.032244
v -0.025992 2.007922 -0.035564
v -0.025754 2.000375 -0.036241
v -0.025706 2.004707 -0.035045
v -0.025959 2.001993 -0.037143
v -0.025529 2.001281 -0.034615
v -0.025682 2.007036 -0.033790
v -0.025778 2.007213 -0.034917
v -0.026101 2.005443 -0.037662
v -0.026169 2.008674 -0.038237
v -0.026088 2.001134 -0.038937
v -0.026130 2.006185 -0.040298
v -0.026038 2.005464 -0.037736
v -0.026146 2.002755 -0.039854
v -0.026013 2.002036 -0.037295
v -0.026079 2.007793 -0.036482
v -0.026047 2.007971 -0.037612
v -0.026037 2.009427 -0.040913
v -0.026110 2.001875 -0.041571
v -0.026058 2.006203 -0.040365
v -0.026023 2.003496 -0.042487
v -0.026181 2.002777 -0.039930
v -0.026162 2.008535 -0.039119
v -0.026007 2.008710 -0.040239
v -0.025847 2.006945 -0.043002
v -0.025594 2.010176 -0.043577
v -0.025821 2.002635 -0.044273
v -0.025768 2.006962 -0.043060
v -0.025587 2.004251 -0.045170
v -0.026041 2.003541 -0.042647
v -0.025935 2.009297 -0.041829
v -0.025655 2.009465 -0.042926
v -0.024846 2.010908 -0.046178
v -0.025230 2.003370 -0.046886
v -0.025177 2.007695 -0.045668
v -0.024853 2.004977 -0.047752
v -0.025594 2.004285 -0.045291
v -0.025404 2.010037 -0.044458
v -0.025004 2.010195 -0.045519
v -0.024365 2.008406 -0.048195
v -0.023811 2.011607 -0.048664
v -0.024327 2.004093 -0.049459
v -0.023213 2.009079 -0.050587
v -0.024275 2.008417 -0.048235
v -0.023810 2.005687 -0.050276
v -0.024833 2.005022 -0.047911
v -0.024559 2.010767 -0.047052
v -0.024042 2.010911 -0.048064
v -0.022496 2.012271 -0.051025
v -0.023170 2.004765 -0.051846
v -0.020008 2.010343 -0.055080
v -0.023118 2.009088 -0.050617
v -0.022523 2.006341 -0.052602
v -0.023808 2.005710 -0.050359
v -0.023456 2.011446 -0.049467
v -0.022832 2.011573 -0.050418
v -0.021749 2.009732 -0.052910
v -0.020885 2.012904 -0.053273
v -0.021701 2.005417 -0.054165
v -0.021652 2.009738 -0.052931
v -0.020930 2.006972 -0.054844
v -0.022468 2.006384 -0.052754
v -0.022040 2.012108 -0.051820
v -0.021313 2.012214 -0.052698
v -0.019022 2.013483 -0.055332
v -0.019956 2.006026 -0.056329
v -0.011084 2.012119 -0.061394
v -0.019909 2.010345 -0.055089
v -0.019068 2.007555 -0.056917
v -0.020841 2.007018 -0.055008
v -0.020342 2.012727 -0.054023
v -0.019522 2.012810 -0.054817
v -0.018041 2.010891 -0.057029
v -0.016971 2.013992 -0.057143
v -0.017986 2.006573 -0.058272
v -0.015927 2.011363 -0.058705
v -0.017941 2.010891 -0.057028
v -0.016993 2.008073 -0.058759
v -0.018978 2.007593 -0.057053
v -0.018415 2.013286 -0.056011
v -0.017511 2.013343 -0.056711
v -0.014725 2.014437 -0.058724
v -0.015869 2.007043 -0.059943
v -0.015828 2.011359 -0.058694
v -0.014787 2.008512 -0.060320
v -0.016953 2.008094 -0.058832
v -0.016335 2.013770 -0.057728
v -0.015362 2.013799 -0.058330
v -0.013563 2.011781 -0.060191
v -0.012294 2.014814 -0.060064
v -0.013504 2.007459 -0.061422
v -0.013467 2.011774 -0.060169
v -0.012343 2.008894 -0.061678
v -0.014669 2.008544 -0.060433
v -0.014002 2.014200 -0.059260
v -0.012968 2.014199 -0.059752
v -0.009723 2.015116 -0.061136
v -0.011023 2.007795 -0.062619
v -0.010990 2.012110 -0.061362
v -0.009799 2.009195 -0.062748
v -0.012253 2.008917 -0.061758
v -0.011546 2.014552 -0.060511
v -0.010467 2.014519 -0.060891
v -0.008437 2.012385 -0.062340
v -0.007063 2.015337 -0.061922
v -0.008376 2.008060 -0.063558
v -0.005780 2.012565 -0.062978
v -0.008348 2.012373 -0.062297
v -0.007103 2.009421 -0.063551
v -0.009658 2.009219 -0.062833
v -0.008918 2.014833 -0.061508
v -0.007805 2.014766 -0.061769
v -0.003996 2.015536 -0.062399
v -0.005719 2.008237 -0.064190
v -0.005696 2.012550 -0.062927
v -0.004415 2.009561 -0.064048
v -0.007035 2.009436 -0.063602
v -0.006273 2.015027 -0.062197
v -0.005142 2.014927 -0.062341
v -0.002849 2.012667 -0.063341
v -0.002922 2.008337 -0.064546
v -0.002672 2.012650 -0.063281
v 0.000000 2.009621 -0.064262
v -0.004257 2.009576 -0.064101
v -0.003149 2.015203 -0.062593
v -0.002113 2.014968 -0.062488
v 0.000000 2.015477 -0.062420
v -0.612044 1.565100 -0.026534
v -0.620468 1.584460 -0.068513
v -0.626676 1.596133 -0.038792
v -0.599466 1.617485 -0.030899
v -0.601712 1.622205 -0.046522
v -0.576587 1.571058 -0.048697
v -0.589558 1.597912 -0.022067
v -0.580041 1.579568 -0.067162
v -0.588348 1.597348 -0.075034
v -0.599562 1.618065 -0.062805
v -0.580151 1.576466 -0.030286
v -0.604426 1.552863 -0.047988
v -0.627663 1.598401 -0.045974
v -0.625689 1.593865 -0.031610
v -0.616393 1.574618 -0.023397
v -0.607487 1.560105 -0.063826
v -0.615235 1.574101 -0.074529
v -0.625700 1.594820 -0.062496
v -0.607173 1.553503 -0.031997
v -0.552047 0.213778 0.134233
v -0.548091 0.214480 0.132128
v -0.553613 0.213500 0.138070
v -0.550732 0.214011 0.143497
v -0.547722 0.214546 0.144810
v -0.545232 0.214988 0.144225
v -0.544643 0.215093 0.132974
v -0.542550 0.215464 0.141937
v -0.541983 0.215565 0.136169
v -0.556524 0.216189 0.129377
v -0.548197 0.217391 0.124970
v -0.559820 0.215713 0.137411
v -0.553755 0.216589 0.148776
v -0.547419 0.217503 0.151525
v -0.542179 0.218260 0.150301
v -0.540938 0.218439 0.126740
v -0.536534 0.219075 0.145510
v -0.535339 0.219247 0.133432
v -0.562692 0.221290 0.123615
v -0.549203 0.223237 0.116476
v -0.568032 0.220519 0.136630
v -0.558207 0.221937 0.155041
v -0.547942 0.223419 0.159493
v -0.539453 0.224645 0.157510
v -0.537444 0.224935 0.119343
v -0.530308 0.225965 0.149749
v -0.528373 0.226244 0.130184
v -0.565874 0.229174 0.121310
v -0.550565 0.231385 0.113621
v -0.572449 0.228225 0.135989
v -0.562074 0.229723 0.158718
v -0.549246 0.231575 0.163188
v -0.538866 0.233073 0.161470
v -0.537081 0.233331 0.116032
v -0.527425 0.234725 0.152092
v -0.525534 0.234998 0.128058
v -0.565916 0.237698 0.121146
v -0.551174 0.239826 0.113741
v -0.572247 0.236784 0.135280
v -0.562256 0.238226 0.157166
v -0.549904 0.240009 0.161470
v -0.539909 0.241452 0.159816
v -0.538191 0.241700 0.116063
v -0.528892 0.243043 0.150786
v -0.527072 0.243306 0.127643
v -0.563785 0.246844 0.124447
v -0.551911 0.248558 0.118483
v -0.568886 0.246108 0.135833
v -0.560838 0.247270 0.153463
v -0.550888 0.248706 0.156930
v -0.542837 0.249868 0.155598
v -0.541453 0.250068 0.120353
v -0.533962 0.251150 0.148323
v -0.532496 0.251362 0.129681
v -0.559274 0.253746 0.129403
v -0.551703 0.254839 0.125599
v -0.562527 0.253276 0.136663
v -0.557395 0.254017 0.147905
v -0.551050 0.254933 0.150116
v -0.545917 0.255674 0.149266
v -0.545034 0.255802 0.126792
v -0.540258 0.256491 0.144627
v -0.539323 0.256626 0.132740
v -0.551472 0.257319 0.136984
v -0.550483 0.257462 0.136488
v -0.551897 0.257258 0.137933
v -0.551226 0.257355 0.139401
v -0.550397 0.257475 0.139690
v -0.549726 0.257571 0.139579
v -0.549611 0.257588 0.136643
v -0.548987 0.257678 0.138973
v -0.548866 0.257696 0.137420
v -0.550440 0.257468 0.138089
v -0.025714 2.364954 0.138916
v -0.020223 2.351690 0.134498
v 0.000000 2.225181 -0.173873
v -0.049480 2.256789 -0.140486
v -0.060295 2.263723 -0.111231
v -0.060544 2.260373 -0.078623
v 0.000000 2.338307 0.130490
v -0.043532 2.277568 -0.034573
v 0.000000 2.276848 -0.023492
v 0.000000 2.381191 0.136912
v -0.006493 2.380246 0.136301
v 0.000000 2.255531 -0.177138
v -0.045116 2.282289 -0.134748
v -0.055078 2.288676 -0.107801
v -0.055314 2.285565 -0.077745
v -0.013099 2.373310 0.133754
v -0.038912 2.299294 -0.051631
v 0.000000 2.295851 -0.032222
v -0.014946 2.366711 0.131442
v -0.011556 2.358524 0.128714
v 0.000000 2.289327 -0.181745
v -0.043416 2.317858 -0.148098
v -0.053378 2.324244 -0.121150
v -0.053614 2.321134 -0.091095
v 0.000000 2.350264 0.126249
v -0.037213 2.334863 -0.064981
v 0.000000 2.334798 -0.060730
v 0.000000 2.373550 0.130468
v -0.001925 2.373106 0.130142
v 0.000000 2.318561 -0.194110
v -0.031561 2.348690 -0.177554
v -0.038846 2.360850 -0.159983
v -0.038678 2.367006 -0.137638
v -0.005077 2.369832 0.128815
v -0.025721 2.383954 -0.122964
v 0.000000 2.384775 -0.120501
v -0.005957 2.366718 0.127609
v -0.004335 2.362852 0.126182
v 0.000000 2.368106 -0.260852
v -0.004400 2.372813 -0.262114
v -0.006227 2.377481 -0.263344
v -0.005150 2.381239 -0.264300
v 0.000000 2.358953 0.124898
v -0.001422 2.385188 -0.265270
v 0.000000 2.385729 -0.265433
v 0.000000 2.386438 0.006830
v -0.017922 2.385525 0.007929
v 0.000000 2.358214 -0.263533
v -0.012688 2.368153 -0.265934
v -0.016518 2.378001 -0.268196
v -0.014267 2.385933 -0.269939
v -0.029479 2.369694 0.018391
v -0.006463 2.394268 -0.271691
v 0.000000 2.395408 -0.271919
v -0.030364 2.362332 0.036845
v -0.024678 2.350295 0.050917
v 0.000000 2.344909 -0.269983
v -0.022505 2.361015 -0.273905
v -0.028709 2.376968 -0.277568
v -0.025064 2.389818 -0.280393
v 0.000000 2.323009 0.063321
v -0.012422 2.403322 -0.283232
v 0.000000 2.405160 -0.283568
v 0.000000 2.349466 -0.048845
v -0.025660 2.349149 -0.046512
v 0.000000 2.337129 -0.281369
v -0.028199 2.354334 -0.285618
v -0.034258 2.374203 -0.290157
v -0.030895 2.389958 -0.293636
v -0.040569 2.334985 -0.026115
v -0.015593 2.406871 -0.297200
v 0.000000 2.408387 -0.297439
v -0.041396 2.334796 -0.000201
v -0.033751 2.326793 0.022498
v 0.000000 2.336381 -0.294624
v -0.025538 2.352943 -0.298686
v -0.031373 2.372075 -0.303056
v -0.028134 2.387246 -0.306406
v 0.000000 2.299246 0.050018
v -0.013399 2.403533 -0.309838
v 0.000000 2.404997 -0.310098
v 0.000000 2.318946 -0.076827
v -0.026558 2.320077 -0.061308
v 0.000000 2.340491 -0.309438
v -0.019427 2.353831 -0.312699
v -0.024126 2.369243 -0.316220
v -0.021518 2.381463 -0.318918
v -0.041467 2.305913 -0.040910
v -0.009648 2.394582 -0.321683
v 0.000000 2.395764 -0.321903
v -0.042294 2.305724 -0.014996
v -0.034649 2.297722 0.007703
v 0.000000 2.349506 -0.321277
v -0.010386 2.358009 -0.323335
v -0.013383 2.367836 -0.325580
v -0.011719 2.375628 -0.327300
v 0.000000 2.270859 0.042897
v -0.004151 2.383995 -0.329063
v 0.000000 2.384752 -0.329225
v 0.000000 2.303564 -0.086064
v -0.029875 2.303165 -0.078054
v 0.000000 2.365527 -0.328700
v 0.000000 2.366632 -0.328929
v 0.000000 2.367914 -0.329213
v 0.000000 2.368933 -0.329442
v -0.045906 2.284350 -0.042721
v 0.000000 2.370029 -0.329696
v 0.000000 2.370131 -0.329738
v -0.046810 2.284124 -0.014609
v 0.000000 2.340600 -0.217325
v -0.025369 2.387099 -0.203921
v -0.015391 2.401518 -0.202043
v -0.021211 2.363442 -0.217724
v -0.038510 2.275436 0.010035
v 0.000000 2.245283 0.037246
v 0.000000 2.402523 -0.201615
v -0.026297 2.376475 -0.213061
v 0.000000 2.367761 -0.329199
v -0.022723 2.375643 0.142661
v -0.012020 2.386881 0.146787
v 0.000000 2.388407 0.147763
v 0.000000 2.330595 0.139460
v -0.025483 2.344889 0.143654
v -0.030891 2.361410 0.149193
v -0.028173 2.374515 0.153761
v -0.015224 2.388590 0.158917
v 0.000000 2.389848 0.159893
v 0.000000 2.328704 0.150688
v -0.023641 2.342466 0.154749
v -0.028849 2.358373 0.160082
v -0.026231 2.370992 0.164481
v -0.013763 2.384547 0.169447
v 0.000000 2.385760 0.170364
v 0.000000 2.330809 0.163705
v -0.018880 2.341893 0.166983
v -0.023075 2.354708 0.171280
v -0.020966 2.364872 0.174823
v -0.010922 2.375791 0.178823
v 0.000000 2.376770 0.179555
v 0.000000 2.337379 0.174649
v -0.011502 2.344444 0.176750
v -0.014177 2.352615 0.179489
v -0.012832 2.359097 0.181748
v -0.006428 2.366059 0.184299
v 0.000000 2.366686 0.184756
v 0.000000 2.350340 0.182491
v 0.000000 2.351260 0.182791
v 0.000000 2.352327 0.183154
v 0.000000 2.353174 0.183446
v 0.000000 2.354085 0.183765
v 0.000000 2.354168 0.183811
v 0.000000 2.339610 0.085194
v -0.020379 2.380554 0.077228
v -0.011804 2.393021 0.077329
v -0.017213 2.359070 0.086895
v 0.000000 2.393906 0.077654
v -0.021454 2.370630 0.083980
v 0.000000 2.352198 0.183127
vt 0.988422 0.611070
vt 0.987045 0.623199
vt 0.969868 0.623016
vt 0.972453 0.606967
vt 0.988077 0.633056
vt 0.990253 0.644921
vt 0.970587 0.645146
vt 0.970234 0.633572
vt 0.986074 0.669056
vt 0.986079 0.675080
vt 0.971935 0.676149
vt 0.971177 0.669267
vt 0.994014 0.601544
vt 0.981398 0.589255
vt 0.986758 0.660174
vt 0.970430 0.660290
vt 0.987649 0.682792
vt 0.994014 0.695038
vt 0.986008 0.707512
vt 0.974874 0.685530
vt 0.957813 0.634767
vt 0.956483 0.623449
vt 0.960165 0.661333
vt 0.959315 0.646433
vt 0.963171 0.687677
vt 0.961186 0.677352
vt 0.955984 0.604541
vt 0.960715 0.670323
vt 0.960708 0.575750
vt 0.969861 0.720524
vt 0.954059 0.670585
vt 0.953765 0.661596
vt 0.952663 0.726340
vt 0.953966 0.688129
vt 0.950455 0.635850
vt 0.948180 0.625005
vt 0.952470 0.646887
vt 0.954184 0.677800
vt 0.943529 0.606237
vt 0.936926 0.573166
vt 0.947149 0.647308
vt 0.944602 0.637448
vt 0.947840 0.676957
vt 0.948468 0.669893
vt 0.933331 0.611858
vt 0.914749 0.583537
vt 0.948651 0.661160
vt 0.935418 0.722777
vt 0.946008 0.687685
vt 0.941346 0.627939
vt 0.942515 0.661253
vt 0.940995 0.648854
vt 0.936780 0.684473
vt 0.940293 0.675322
vt 0.933222 0.632068
vt 0.922857 0.620501
vt 0.937850 0.640151
vt 0.941792 0.669052
vt 0.899113 0.606656
vt 0.918030 0.710561
vt 0.934495 0.667047
vt 0.935936 0.660727
vt 0.907953 0.690234
vt 0.927666 0.678247
vt 0.930991 0.644394
vt 0.925974 0.639037
vt 0.934409 0.651025
vt 0.932339 0.671872
vt 0.915611 0.633535
vt 0.898056 0.632880
vt 0.919956 0.660908
vt 0.920796 0.660185
vt 0.916439 0.654919
vt 0.914365 0.656192
vt 0.921290 0.658823
vt 0.914931 0.661003
vt 0.918532 0.661630
vt 0.919791 0.655497
vt 0.918490 0.654865
vt 0.920808 0.656696
vt 0.917701 0.658270
vt 0.156873 0.502527
vt 0.135722 0.502811
vt 0.134341 0.497614
vt 0.156528 0.495288
vt 0.160778 0.488234
vt 0.159954 0.504932
vt 0.130914 0.537676
vt 0.126292 0.582836
vt 0.106566 0.579517
vt 0.117075 0.534361
vt 0.160457 0.537120
vt 0.164662 0.582800
vt 0.216355 0.531643
vt 0.223619 0.577218
vt 0.186792 0.580703
vt 0.185970 0.534519
vt 0.176633 0.533828
vt 0.186634 0.579337
vt 0.131197 0.491035
vt 0.132802 0.505134
vt 0.174091 0.501324
vt 0.209657 0.499940
vt 0.183534 0.502413
vt 0.120546 0.501571
vt 0.988422 0.611070
vt 0.987045 0.623199
vt 0.969868 0.623016
vt 0.972453 0.606967
vt 0.988077 0.633056
vt 0.990253 0.644921
vt 0.970587 0.645146
vt 0.970234 0.633572
vt 0.986074 0.669056
vt 0.986079 0.675080
vt 0.971935 0.676149
vt 0.971177 0.669267
vt 0.994014 0.601544
vt 0.981398 0.589255
vt 0.986758 0.660174
vt 0.970430 0.660290
vt 0.987649 0.682792
vt 0.994014 0.695038
vt 0.986008 0.707512
vt 0.974874 0.685530
vt 0.957813 0.634767
vt 0.956483 0.623449
vt 0.960165 0.661333
vt 0.959315 0.646433
vt 0.963171 0.687677
vt 0.961186 0.677352
vt 0.955984 0.604541
vt 0.960715 0.670323
vt 0.960708 0.575750
vt 0.969861 0.720524
vt 0.954059 0.670585
vt 0.953765 0.661596
vt 0.952663 0.726340
vt 0.953966 0.688129
vt 0.950455 0.635850
vt 0.948180 0.625005
vt 0.952470 0.646887
vt 0.954184 0.677800
vt 0.943529 0.606237
vt 0.936926 0.573166
vt 0.947149 0.647308
vt 0.944602 0.637448
vt 0.947840 0.676957
vt 0.948468 0.669893
vt 0.933331 0.611858
vt 0.914749 0.583537
vt 0.948651 0.661160
vt 0.935418 0.722777
vt 0.946008 0.687685
vt 0.941346 0.627939
vt 0.942515 0.661253
vt 0.940995 0.648854
vt 0.936780 0.684473
vt 0.940293 0.675322
vt 0.933222 0.632068
vt 0.922857 0.620501
vt 0.937850 0.640151
vt 0.941792 0.669052
vt 0.899113 0.606656
vt 0.918030 0.710561
vt 0.934495 0.667047
vt 0.935936 0.660727
vt 0.907953 0.690234
vt 0.927666 0.678247
vt 0.930991 0.644394
vt 0.925974 0.639037
vt 0.934409 0.651025
vt 0.932339 0.671872
vt 0.915611 0.633535
vt 0.898056 0.632880
vt 0.919956 0.660908
vt 0.920796 0.660185
vt 0.916439 0.654919
vt 0.914365 0.656192
vt 0.921290 0.658823
vt 0.914931 0.661003
vt 0.918532 0.661630
vt 0.919791 0.655497
vt 0.918490 0.654865
vt 0.920808 0.656696
vt 0.917701 0.658270
vt 0.927666 0.678247
vt 0.918532 0.661630
vt 0.914931 0.661003
vt 0.907953 0.690234
vt 0.935936 0.660727
vt 0.921290 0.658823
vt 0.920796 0.660185
vt 0.934495 0.667047
vt 0.919956 0.660908
vt 0.932339 0.671872
vt 0.941792 0.669052
vt 0.940293 0.675322
vt 0.936780 0.684473
vt 0.940995 0.648854
vt 0.934409 0.651025
vt 0.942515 0.661253
vt 0.918030 0.710561
vt 0.946008 0.687685
vt 0.935418 0.722777
vt 0.948651 0.661160
vt 0.948468 0.669893
vt 0.947840 0.676957
vt 0.947149 0.647308
vt 0.954184 0.677800
vt 0.953966 0.688129
vt 0.952470 0.646887
vt 0.953765 0.661596
vt 0.952663 0.726340
vt 0.954059 0.670585
vt 0.986074 0.669056
vt 0.986079 0.675080
vt 0.971935 0.676149
vt 0.971177 0.669267
vt 0.960715 0.670323
vt 0.961186 0.677352
vt 0.986758 0.660174
vt 0.970430 0.660290
vt 0.987649 0.682792
vt 0.994014 0.695038
vt 0.986008 0.707512
vt 0.974874 0.685530
vt 0.963171 0.687677
vt 0.990253 0.644921
vt 0.970587 0.645146
vt 0.959315 0.646433
vt 0.960165 0.661333
vt 0.969861 0.720524
vt 0.960165 0.661333
vt 0.959315 0.646433
vt 0.974874 0.685530
vt 0.986008 0.707512
vt 0.970430 0.660290
vt 0.971177 0.669267
vt 0.961186 0.677352
vt 0.960715 0.670323
vt 0.971935 0.676149
vt 0.969861 0.720524
vt 0.963171 0.687677
vt 0.954059 0.670585
vt 0.953765 0.661596
vt 0.952663 0.726340
vt 0.953966 0.688129
vt 0.970587 0.645146
vt 0.952470 0.646887
vt 0.954184 0.677800
vt 0.990253 0.644921
vt 0.986758 0.660174
vt 0.987649 0.682792
vt 0.994014 0.695038
vt 0.986074 0.669056
vt 0.986079 0.675080
vt 0.947840 0.676957
vt 0.948468 0.669893
vt 0.948651 0.661160
vt 0.935418 0.722777
vt 0.946008 0.687685
vt 0.947149 0.647308
vt 0.942515 0.661253
vt 0.940995 0.648854
vt 0.936780 0.684473
vt 0.940293 0.675322
vt 0.941792 0.669052
vt 0.918030 0.710561
vt 0.934495 0.667047
vt 0.935936 0.660727
vt 0.907953 0.690234
vt 0.927666 0.678247
vt 0.934409 0.651025
vt 0.932339 0.671872
vt 0.919956 0.660908
vt 0.920796 0.660185
vt 0.921290 0.658823
vt 0.914931 0.661003
vt 0.918532 0.661630
vt 0.920808 0.656696
vt 0.920808 0.656696
vt 0.988422 0.611070
vt 0.972453 0.606967
vt 0.969868 0.623016
vt 0.987045 0.623199
vt 0.988077 0.633056
vt 0.970234 0.633572
vt 0.970587 0.645146
vt 0.990253 0.644921
vt 0.986074 0.669056
vt 0.971177 0.669267
vt 0.971935 0.676149
vt 0.986079 0.675080
vt 0.994014 0.601544
vt 0.981398 0.589255
vt 0.986758 0.660174
vt 0.970430 0.660290
vt 0.987649 0.682792
vt 0.974874 0.685530
vt 0.986008 0.707512
vt 0.994014 0.695038
vt 0.956483 0.623449
vt 0.957813 0.634767
vt 0.959315 0.646433
vt 0.960165 0.661333
vt 0.961186 0.677352
vt 0.963171 0.687677
vt 0.955984 0.604541
vt 0.960715 0.670323
vt 0.960708 0.575750
vt 0.969861 0.720524
vt 0.953765 0.661596
vt 0.954059 0.670585
vt 0.953966 0.688129
vt 0.952663 0.726340
vt 0.948180 0.625005
vt 0.950455 0.635850
vt 0.952470 0.646887
vt 0.954184 0.677800
vt 0.943529 0.606237
vt 0.936926 0.573166
vt 0.944602 0.637448
vt 0.947149 0.647308
vt 0.948468 0.669893
vt 0.947840 0.676957
vt 0.914749 0.583537
vt 0.933331 0.611858
vt 0.948651 0.661160
vt 0.946008 0.687685
vt 0.935418 0.722777
vt 0.941346 0.627939
vt 0.940995 0.648854
vt 0.942515 0.661253
vt 0.940293 0.675322
vt 0.936780 0.684473
vt 0.922857 0.620501
vt 0.933222 0.632068
vt 0.937850 0.640151
vt 0.941792 0.669052
vt 0.899113 0.606656
vt 0.918030 0.710561
vt 0.935936 0.660727
vt 0.934495 0.667047
vt 0.927666 0.678247
vt 0.907953 0.690234
vt 0.925974 0.639037
vt 0.930991 0.644394
vt 0.934409 0.651025
vt 0.932339 0.671872
vt 0.915611 0.633535
vt 0.898056 0.632880
vt 0.920796 0.660185
vt 0.919956 0.660908
vt 0.914365 0.656192
vt 0.916439 0.654919
vt 0.921290 0.658823
vt 0.918532 0.661630
vt 0.914931 0.661003
vt 0.918490 0.654865
vt 0.919791 0.655497
vt 0.920808 0.656696
vt 0.917701 0.658270
vt 0.988422 0.611070
vt 0.972453 0.606967
vt 0.969868 0.623016
vt 0.987045 0.623199
vt 0.988077 0.633056
vt 0.970234 0.633572
vt 0.970587 0.645146
vt 0.990253 0.644921
vt 0.986074 0.669056
vt 0.971177 0.669267
vt 0.971935 0.676149
vt 0.986079 0.675080
vt 0.994014 0.601544
vt 0.981398 0.589255
vt 0.986758 0.660174
vt 0.970430 0.660290
vt 0.987649 0.682792
vt 0.974874 0.685530
vt 0.986008 0.707512
vt 0.994014 0.695038
vt 0.956483 0.623449
vt 0.957813 0.634767
vt 0.959315 0.646433
vt 0.960165 0.661333
vt 0.961186 0.677352
vt 0.963171 0.687677
vt 0.955984 0.604541
vt 0.960715 0.670323
vt 0.960708 0.575750
vt 0.969861 0.720524
vt 0.953765 0.661596
vt 0.954059 0.670585
vt 0.953966 0.688129
vt 0.952663 0.726340
vt 0.948180 0.625005
vt 0.950455 0.635850
vt 0.952470 0.646887
vt 0.954184 0.677800
vt 0.943529 0.606237
vt 0.936926 0.573166
vt 0.944602 0.637448
vt 0.947149 0.647308
vt 0.948468 0.669893
vt 0.947840 0.676957
vt 0.914749 0.583537
vt 0.933331 0.611858
vt 0.948651 0.661160
vt 0.946008 0.687685
vt 0.935418 0.722777
vt 0.941346 0.627939
vt 0.940995 0.648854
vt 0.942515 0.661253
vt 0.940293 0.675322
vt 0.936780 0.684473
vt 0.922857 0.620501
vt 0.933222 0.632068
vt 0.937850 0.640151
vt 0.941792 0.669052
vt 0.899113 0.606656
vt 0.918030 0.710561
vt 0.935936 0.660727
vt 0.934495 0.667047
vt 0.927666 0.678247
vt 0.907953 0.690234
vt 0.925974 0.639037
vt 0.930991 0.644394
vt 0.934409 0.651025
vt 0.932339 0.671872
vt 0.915611 0.633535
vt 0.898056 0.632880
vt 0.920796 0.660185
vt 0.919956 0.660908
vt 0.914365 0.656192
vt 0.916439 0.654919
vt 0.921290 0.658823
vt 0.918532 0.661630
vt 0.914931 0.661003
vt 0.918490 0.654865
vt 0.919791 0.655497
vt 0.920808 0.656696
vt 0.917701 0.658270
vt 0.927666 0.678247
vt 0.935936 0.660727
vt 0.934495 0.667047
vt 0.932339 0.671872
vt 0.941792 0.669052
vt 0.940293 0.675322
vt 0.936780 0.684473
vt 0.942515 0.661253
vt 0.946008 0.687685
vt 0.948651 0.661160
vt 0.948468 0.669893
vt 0.947840 0.676957
vt 0.954184 0.677800
vt 0.953966 0.688129
vt 0.953765 0.661596
vt 0.954059 0.670585
vt 0.986074 0.669056
vt 0.971177 0.669267
vt 0.971935 0.676149
vt 0.986079 0.675080
vt 0.960715 0.670323
vt 0.961186 0.677352
vt 0.986758 0.660174
vt 0.970430 0.660290
vt 0.987649 0.682792
vt 0.974874 0.685530
vt 0.963171 0.687677
vt 0.960165 0.661333
vt 0.960165 0.661333
vt 0.974874 0.685530
vt 0.970430 0.660290
vt 0.971177 0.669267
vt 0.960715 0.670323
vt 0.961186 0.677352
vt 0.971935 0.676149
vt 0.963171 0.687677
vt 0.953765 0.661596
vt 0.954059 0.670585
vt 0.953966 0.688129
vt 0.954184 0.677800
vt 0.986758 0.660174
vt 0.987649 0.682792
vt 0.986074 0.669056
vt 0.986079 0.675080
vt 0.948468 0.669893
vt 0.947840 0.676957
vt 0.948651 0.661160
vt 0.946008 0.687685
vt 0.942515 0.661253
vt 0.940293 0.675322
vt 0.936780 0.684473
vt 0.941792 0.669052
vt 0.935936 0.660727
vt 0.934495 0.667047
vt 0.927666 0.678247
vt 0.932339 0.671872
vt 0.917701 0.658270
vt 0.917701 0.658270
vt 0.455223 0.047234
vt 0.470053 0.051670
vt 0.469239 0.067389
vt 0.452157 0.063717
vt 0.479854 0.050554
vt 0.482120 0.064889
vt 0.464415 0.694081
vt 0.452016 0.687858
vt 0.454619 0.674439
vt 0.470148 0.680993
vt 0.470689 0.698464
vt 0.477191 0.687847
vt 0.482012 0.711942
vt 0.475803 0.703621
vt 0.484084 0.695251
vt 0.490890 0.705590
vt 0.459010 0.663929
vt 0.487981 0.670690
vt 0.498483 0.677995
vt 0.507426 0.683997
vt 0.511234 0.695623
vt 0.464565 0.081798
vt 0.440709 0.071505
vt 0.481458 0.078025
vt 0.457400 0.653858
vt 0.493504 0.662678
vt 0.515214 0.675362
vt 0.534525 0.685596
vt 0.539637 0.690680
vt 0.465911 0.093756
vt 0.435127 0.081177
vt 0.481211 0.089923
vt 0.437802 0.636213
vt 0.470668 0.638289
vt 0.466013 0.124879
vt 0.435077 0.111094
vt 0.490819 0.132770
vt 0.460994 0.623720
vt 0.428213 0.620818
vt 0.417944 0.606139
vt 0.452682 0.609777
vt 0.464914 0.144497
vt 0.488555 0.150121
vt 0.485909 0.167899
vt 0.463949 0.163953
vt 0.432422 0.131145
vt 0.430947 0.151158
vt 0.409070 0.561104
vt 0.443780 0.558219
vt 0.478277 0.210830
vt 0.450887 0.200925
vt 0.415408 0.199053
vt 0.494495 0.659107
vt 0.516364 0.672192
vt 0.535858 0.683467
vt 0.541481 0.688560
vt 0.473715 0.636431
vt 0.454807 0.608884
vt 0.463510 0.622576
vt 0.445912 0.559192
vt 0.443894 0.547306
vt 0.404967 0.543481
vt 0.399429 0.528286
vt 0.445397 0.536317
vt 0.444499 0.229184
vt 0.480071 0.242681
vt 0.475012 0.268366
vt 0.437794 0.248000
vt 0.445819 0.548230
vt 0.447148 0.537237
vt 0.410197 0.217827
vt 0.407894 0.235317
vt 0.401174 0.510466
vt 0.452032 0.505930
vt 0.471338 0.286513
vt 0.431526 0.265596
vt 0.453334 0.506847
vt 0.396435 0.251350
vt 0.461808 0.486988
vt 0.462046 0.488415
vt 0.437081 0.480182
vt 0.479251 0.475109
vt 0.479493 0.476102
vt 0.457976 0.469254
vt 0.505479 0.475888
vt 0.505857 0.477964
vt 0.481262 0.459425
vt 0.533364 0.492146
vt 0.533344 0.491053
vt 0.536655 0.491838
vt 0.536640 0.492855
vt 0.527837 0.459989
vt 0.497126 0.289319
vt 0.513377 0.332923
vt 0.525539 0.289682
vt 0.515031 0.171765
vt 0.523680 0.248482
vt 0.514608 0.156410
vt 0.498978 0.089254
vt 0.511677 0.136355
vt 0.498322 0.073697
vt 0.495258 0.059799
vt 0.491863 0.046448
vt 0.501364 0.452872
vt 0.508873 0.426460
vt 0.517278 0.424821
vt 0.517278 0.373654
vt 0.516055 0.373278
vt 0.521482 0.339858
vt 0.498136 0.367306
vt 0.493235 0.338170
vt 0.433735 0.461841
vt 0.452044 0.450802
vt 0.465568 0.309711
vt 0.485852 0.419140
vt 0.426363 0.290849
vt 0.473067 0.442382
vt 0.395059 0.489630
vt 0.389953 0.273844
vt 0.435091 0.431938
vt 0.452347 0.426689
vt 0.413062 0.314007
vt 0.382561 0.298595
vt 0.460544 0.408459
vt 0.387378 0.467823
vt 0.418953 0.440167
vt 0.457226 0.350511
vt 0.439060 0.333818
vt 0.465628 0.374705
vt 0.964655 0.977533
vt 0.938026 0.990519
vt 0.929468 0.970209
vt 0.957154 0.966592
vt 0.941830 0.755364
vt 0.966422 0.773395
vt 0.961187 0.774614
vt 0.937559 0.757785
vt 0.990391 0.934896
vt 0.984232 0.958850
vt 0.974696 0.949839
vt 0.981096 0.925367
vt 0.977076 0.790294
vt 0.987161 0.808370
vt 0.977853 0.808197
vt 0.969515 0.791218
vt 0.994815 0.882071
vt 0.993885 0.896149
vt 0.983978 0.889636
vt 0.984809 0.876610
vt 0.904144 0.978647
vt 0.900242 0.978288
vt 0.895244 0.967118
vt 0.905068 0.967498
vt 0.885345 0.723699
vt 0.893852 0.727726
vt 0.892779 0.732751
vt 0.884256 0.728769
vt 0.994454 0.867791
vt 0.987004 0.865155
vt 0.917597 0.740695
vt 0.914733 0.744293
vt 0.965206 0.826122
vt 0.960517 0.812420
vt 0.889902 0.950777
vt 0.891248 0.950661
vt 0.893049 0.740137
vt 0.883695 0.737583
vt 0.963968 0.930233
vt 0.971670 0.919388
vt 0.972440 0.864236
vt 0.935357 0.771535
vt 0.911835 0.757623
vt 0.945942 0.945278
vt 0.970424 0.891711
vt 0.980370 0.876831
vt 0.955607 0.799009
vt 0.924882 0.947302
vt 0.959327 0.926763
vt 0.964823 0.915836
vt 0.963971 0.863921
vt 0.955841 0.837334
vt 0.926540 0.783681
vt 0.908609 0.763889
vt 0.941798 0.936926
vt 0.962344 0.892548
vt 0.963979 0.878007
vt 0.945753 0.812640
vt 0.923174 0.937069
vt 0.950123 0.825535
vt 0.885513 0.940847
vt 0.887250 0.940454
vt 0.892177 0.746968
vt 0.881948 0.747585
vt 0.884298 0.931659
vt 0.880044 0.930842
vt 0.879220 0.919257
vt 0.884112 0.918028
vt 0.955128 0.922212
vt 0.938052 0.929528
vt 0.936716 0.926966
vt 0.952820 0.919860
vt 0.921850 0.927517
vt 0.921589 0.925473
vt 0.956697 0.910571
vt 0.954035 0.908851
vt 0.910235 0.923785
vt 0.911190 0.920819
vt 0.909818 0.948645
vt 0.907494 0.938138
vt 0.913875 0.967747
vt 0.919839 0.983986
vt 0.520751 0.484045
vt 0.520824 0.485663
vt 0.539945 0.291695
vt 0.527043 0.342084
vt 0.547373 0.255180
vt 0.546713 0.175533
vt 0.544890 0.160835
vt 0.517339 0.082558
vt 0.538201 0.132551
vt 0.511120 0.069049
vt 0.505859 0.055930
vt 0.500488 0.043566
vt 0.923931 0.788871
vt 0.907696 0.770831
vt 0.892356 0.756006
vt 0.881097 0.753399
vt 0.904987 0.773483
vt 0.921339 0.795796
vt 0.920160 0.799902
vt 0.902241 0.776172
vt 0.879727 0.756561
vt 0.890698 0.759471
vt 0.889076 0.762800
vt 0.878438 0.760156
vt 0.917646 0.801197
vt 0.901467 0.778473
vt 0.888863 0.766276
vt 0.878008 0.763112
vt 0.955896 0.886501
vt 0.959569 0.875243
vt 0.955861 0.864472
vt 0.952956 0.854653
vt 0.946440 0.830155
vt 0.941937 0.816767
vt 0.949781 0.916698
vt 0.951245 0.909145
vt 0.901815 0.908105
vt 0.903252 0.910052
vt 0.902889 0.910879
vt 0.900890 0.910887
vt 0.940095 0.895694
vt 0.940146 0.899238
vt 0.930279 0.898235
vt 0.929760 0.895384
vt 0.910329 0.888667
vt 0.912379 0.893329
vt 0.901109 0.899158
vt 0.896887 0.895246
vt 0.915596 0.900426
vt 0.914547 0.898137
vt 0.946144 0.896987
vt 0.946113 0.900293
vt 0.950893 0.906992
vt 0.952697 0.904993
vt 0.878541 0.915365
vt 0.870118 0.900725
vt 0.873737 0.897138
vt 0.886122 0.914163
vt 0.894072 0.916787
vt 0.908640 0.930722
vt 0.521471 0.374156
vt 0.522375 0.425502
vt 0.904841 0.902634
vt 0.906314 0.904076
vt 0.898452 0.906706
vt 0.892976 0.912325
vt 0.917851 0.903715
vt 0.908030 0.907724
vt 0.936755 0.923132
vt 0.931315 0.900192
vt 0.913166 0.916003
vt 0.923542 0.921903
vt 0.945631 0.902766
vt 0.940506 0.901332
vt 0.902321 0.914706
vt 0.904051 0.912237
vt 0.898640 0.911152
vt 0.949665 0.901992
vt 0.947519 0.904179
vt 0.950623 0.899439
vt 0.862016 0.893017
vt 0.865482 0.888427
vt 0.860901 0.885384
vt 0.857042 0.890089
vt 0.851868 0.886186
vt 0.856483 0.881623
vt 0.848734 0.881777
vt 0.852598 0.880146
vt 0.852023 0.877723
vt 0.847818 0.878584
vt 0.848025 0.875625
vt 0.852515 0.875499
vt 0.852491 0.864410
vt 0.859450 0.867081
vt 0.872711 0.872139
vt 0.862104 0.869545
vt 0.860681 0.862978
vt 0.862000 0.853665
vt 0.856172 0.853069
vt 0.856859 0.847949
vt 0.862647 0.848751
vt 0.857948 0.843487
vt 0.863518 0.844807
vt 0.862015 0.833508
vt 0.867389 0.835404
vt 0.887740 0.771875
vt 0.876817 0.771143
vt 0.860503 0.876029
vt 0.871281 0.875707
vt 0.877523 0.879648
vt 0.880120 0.888360
vt 0.954391 0.902994
vt 0.952887 0.894106
vt 0.958324 0.898126
vt 0.960600 0.913436
vt 0.946250 0.890524
vt 0.894329 0.903584
vt 0.899808 0.915764
vt 0.939137 0.889196
vt 0.928544 0.889247
vt 0.922538 0.932081
vt 0.956896 0.924365
vt 0.939860 0.933025
vt 0.937402 0.882217
vt 0.927287 0.882846
vt 0.946075 0.884146
vt 0.888925 0.900628
vt 0.889896 0.846838
vt 0.897612 0.839944
vt 0.916990 0.843048
vt 0.908487 0.848248
vt 0.876632 0.847246
vt 0.883919 0.838315
vt 0.908162 0.851824
vt 0.889807 0.850144
vt 0.876150 0.850503
vt 0.892908 0.853801
vt 0.909492 0.854455
vt 0.912497 0.859244
vt 0.897520 0.859491
vt 0.878029 0.854714
vt 0.880325 0.859384
vt 0.901000 0.863492
vt 0.882098 0.873330
vt 0.915816 0.863415
vt 0.867417 0.852839
vt 0.867626 0.856505
vt 0.867914 0.845866
vt 0.867403 0.849341
vt 0.872508 0.836900
vt 0.867745 0.760436
vt 0.866741 0.768288
vt 0.868254 0.757244
vt 0.868916 0.753999
vt 0.870191 0.745926
vt 0.869616 0.750769
vt 0.871544 0.735492
vt 0.873569 0.724756
vt 0.875340 0.719789
vt 0.545528 0.697303
vt 0.547373 0.695187
vt 0.517092 0.707275
vt 0.496151 0.714846
vt 0.487570 0.720657
vt 0.853886 0.861166
vt 0.855136 0.858004
vt 0.861390 0.859248
vt 0.875597 0.868221
vt 0.925643 0.848692
vt 0.924868 0.850576
vt 0.932956 0.848353
vt 0.932699 0.851076
vt 0.935258 0.845732
vt 0.938358 0.847542
vt 0.929621 0.827047
vt 0.925595 0.828269
vt 0.912829 0.804262
vt 0.920324 0.853043
vt 0.920338 0.855315
vt 0.933301 0.854785
vt 0.934160 0.856590
vt 0.941562 0.848357
vt 0.948278 0.849759
vt 0.898775 0.783938
vt 0.939379 0.840965
vt 0.937360 0.842114
vt 0.932842 0.823305
vt 0.934261 0.843328
vt 0.935521 0.821994
vt 0.941330 0.837532
vt 0.887831 0.882103
vt 0.904045 0.876198
vt 0.922507 0.874905
vt 0.939436 0.866132
vt 0.936420 0.861042
vt 0.943916 0.873512
vt 0.934551 0.875729
vt 0.927646 0.868322
vt 0.922322 0.860115
vt 0.893790 0.727171
vt 0.917701 0.740208
vt 0.995418 0.868393
vt 0.995653 0.882680
vt 0.875454 0.719248
vt 0.885365 0.723162
vt 0.938902 0.992615
vt 0.920435 0.985621
vt 0.904702 0.979727
vt 0.942180 0.754979
vt 0.988020 0.808446
vt 0.994693 0.896867
vt 0.991157 0.935919
vt 0.985078 0.959835
vt 0.965356 0.978696
vt 0.900676 0.979339
vt 0.977628 0.790250
vt 0.966872 0.773247
vt 0.406939 0.416325
vt 0.418261 0.411404
vt 0.392504 0.334990
vt 0.372409 0.319893
vt 0.422669 0.398857
vt 0.377127 0.449115
vt 0.396417 0.424136
vt 0.418239 0.362657
vt 0.407848 0.351171
vt 0.422829 0.377556
vt 0.359385 0.339039
vt 0.370656 0.350552
vt 0.344090 0.372722
vt 0.340954 0.369554
vt 0.383826 0.393984
vt 0.382720 0.402492
vt 0.346181 0.393975
vt 0.345867 0.390571
vt 0.372411 0.414100
vt 0.363081 0.433208
vt 0.342212 0.405000
vt 0.345504 0.399741
vt 0.377326 0.362015
vt 0.381639 0.370307
vt 0.345925 0.380699
vt 0.345685 0.377111
vt 0.383340 0.380105
vt 0.345830 0.384767
vt 0.377104 0.407431
vt 0.346205 0.396505
vt 0.628688 0.532193
vt 0.624231 0.533749
vt 0.611422 0.508889
vt 0.620766 0.505876
vt 0.589888 0.508254
vt 0.571683 0.507251
vt 0.577198 0.488620
vt 0.594184 0.488325
vt 0.563749 0.503210
vt 0.556736 0.528439
vt 0.553496 0.524880
vt 0.760748 0.396075
vt 0.761083 0.390700
vt 0.779933 0.392830
vt 0.778994 0.398701
vt 0.759130 0.434873
vt 0.738378 0.433189
vt 0.743697 0.404644
vt 0.760109 0.402071
vt 0.613449 0.538340
vt 0.602658 0.524833
vt 0.744489 0.391168
vt 0.751319 0.374955
vt 0.762594 0.375990
vt 0.589728 0.524151
vt 0.576820 0.524265
vt 0.566850 0.534036
vt 0.594548 0.545465
vt 0.588897 0.544937
vt 0.583411 0.544573
vt 0.576467 0.547281
vt 0.601350 0.548496
vt 0.758471 0.354243
vt 0.765592 0.354959
vt 0.586423 0.560270
vt 0.583510 0.560699
vt 0.594831 0.561253
vt 0.591953 0.560953
vt 0.764028 0.335818
vt 0.768362 0.336171
vt 0.589224 0.560593
vt 0.767472 0.326933
vt 0.769844 0.328712
vt 0.590677 0.568389
vt 0.589423 0.568224
vt 0.588143 0.568069
vt 0.587053 0.568164
vt 0.591759 0.568421
vt 0.767713 0.325083
vt 0.769876 0.325366
vt 0.609650 0.487953
vt 0.618561 0.490675
vt 0.558689 0.497919
vt 0.562039 0.488139
vt 0.569223 0.488856
vt 0.779933 0.436224
vt 0.777849 0.448329
vt 0.760043 0.447729
vt 0.578697 0.474437
vt 0.594715 0.479513
vt 0.612891 0.470830
vt 0.629876 0.478973
vt 0.555674 0.476769
vt 0.564862 0.477623
vt 0.775767 0.468838
vt 0.760827 0.468222
vt 0.717731 0.526278
vt 0.717586 0.535133
vt 0.712599 0.533209
vt 0.712954 0.526094
vt 0.757917 0.488247
vt 0.769397 0.492402
vt 0.767154 0.497770
vt 0.756530 0.497931
vt 0.560509 0.465696
vt 0.569362 0.468178
vt 0.694014 0.522209
vt 0.694056 0.512327
vt 0.701439 0.514853
vt 0.698525 0.523555
vt 0.705690 0.525008
vt 0.707264 0.516537
vt 0.713028 0.517318
vt 0.704453 0.532034
vt 0.691880 0.530800
vt 0.696473 0.530287
vt 0.720140 0.517362
vt 0.626357 0.492393
vt 0.637998 0.483467
vt 0.627143 0.501427
vt 0.778137 0.406307
vt 0.550624 0.519963
vt 0.632357 0.526633
vt 0.639153 0.470551
vt 0.645983 0.475857
vt 0.630119 0.468731
vt 0.771988 0.484333
vt 0.758535 0.483919
vt 0.552129 0.466334
vt 0.727872 0.516204
vt 0.724614 0.526483
vt 0.685434 0.530251
vt 0.687519 0.520927
vt 0.685912 0.510462
vt 0.724106 0.536040
vt 0.719065 0.509945
vt 0.725037 0.509527
vt 0.574046 0.464136
vt 0.587516 0.467848
vt 0.703294 0.506880
vt 0.708443 0.508374
vt 0.697258 0.505244
vt 0.688803 0.503940
vt 0.612965 0.464150
vt 0.628962 0.461388
vt 0.598215 0.468562
vt 0.713373 0.509429
vt 0.741325 0.481434
vt 0.742329 0.489743
vt 0.742127 0.465506
vt 0.744628 0.397731
vt 0.746423 0.494942
vt 0.742239 0.447014
vt 0.771394 0.327531
vt 0.771822 0.325866
vt 0.771849 0.336091
vt 0.771322 0.354731
vt 0.776381 0.376453
vt 0.707691 0.499327
vt 0.703180 0.498280
vt 0.698571 0.447456
vt 0.705631 0.446942
vt 0.697865 0.497596
vt 0.692456 0.497404
vt 0.684945 0.448140
vt 0.691431 0.448104
vt 0.591144 0.459789
vt 0.577839 0.458061
vt 0.584365 0.405932
vt 0.592975 0.402531
vt 0.717270 0.501464
vt 0.711799 0.500552
vt 0.710246 0.447270
vt 0.720276 0.447713
vt 0.624312 0.455388
vt 0.613984 0.454451
vt 0.611865 0.401645
vt 0.618297 0.405269
vt 0.600201 0.458731
vt 0.602219 0.401990
vt 0.722671 0.501782
vt 0.727116 0.447169
vt 0.590760 0.356872
vt 0.602738 0.356341
vt 0.682568 0.396557
vt 0.692722 0.396007
vt 0.723210 0.395914
vt 0.733783 0.395973
vt 0.702366 0.395840
vt 0.708866 0.395916
vt 0.616078 0.355664
vt 0.672622 0.397346
vt 0.578211 0.356805
vt 0.626375 0.355525
vt 0.684272 0.363573
vt 0.693205 0.363799
vt 0.718929 0.362638
vt 0.727162 0.362221
vt 0.701569 0.365141
vt 0.706845 0.364984
vt 0.605069 0.327637
vt 0.613462 0.324106
vt 0.676420 0.363787
vt 0.581932 0.323004
vt 0.592480 0.322794
vt 0.623165 0.322787
vt 0.699698 0.358390
vt 0.707162 0.357979
vt 0.602359 0.307456
vt 0.616413 0.307771
vt 0.675517 0.357831
vt 0.684093 0.357432
vt 0.581722 0.315369
vt 0.590521 0.308457
vt 0.688125 0.357482
vt 0.718861 0.354972
vt 0.623421 0.317096
vt 0.727898 0.354730
vt 0.675320 0.342356
vt 0.683199 0.341629
vt 0.582740 0.301646
vt 0.593278 0.302164
vt 0.691805 0.340691
vt 0.700177 0.339622
vt 0.705758 0.339674
vt 0.717928 0.340738
vt 0.616315 0.301984
vt 0.624462 0.302651
vt 0.603871 0.302772
vt 0.726321 0.341016
vt 0.588291 0.218245
vt 0.572285 0.219812
vt 0.570334 0.189435
vt 0.587402 0.188279
vt 0.699375 0.248924
vt 0.685116 0.248114
vt 0.683156 0.213144
vt 0.698610 0.214649
vt 0.728335 0.255872
vt 0.708543 0.251085
vt 0.708430 0.217344
vt 0.730131 0.222704
vt 0.636875 0.212509
vt 0.622582 0.211544
vt 0.624624 0.179047
vt 0.639362 0.179091
vt 0.603627 0.215129
vt 0.604317 0.184133
vt 0.670294 0.249144
vt 0.667395 0.213860
vt 0.742217 0.258919
vt 0.744886 0.225934
vt 0.656759 0.251229
vt 0.653174 0.215775
vt 0.861952 0.163252
vt 0.878913 0.135179
vt 0.889601 0.144607
vt 0.871167 0.176852
vt 0.799821 0.177269
vt 0.843176 0.173266
vt 0.851475 0.185244
vt 0.800386 0.189438
vt 0.275751 0.661713
vt 0.252965 0.679288
vt 0.248662 0.673007
vt 0.265912 0.654231
vt 0.252191 0.721388
vt 0.256692 0.757270
vt 0.245818 0.755367
vt 0.242018 0.723353
vt 0.887487 0.102690
vt 0.900157 0.104543
vt 0.768600 0.177254
vt 0.761722 0.190629
vt 0.888192 0.071886
vt 0.901831 0.066931
vt 0.275751 0.789089
vt 0.264032 0.797239
vt 0.863652 0.194348
vt 0.809159 0.206216
vt 0.233454 0.657747
vt 0.269313 0.635170
vt 0.229088 0.756227
vt 0.225792 0.716717
vt 0.920361 0.107920
vt 0.904517 0.153812
vt 0.758553 0.209396
vt 0.886572 0.181409
vt 0.917555 0.082312
vt 0.247478 0.806260
vt 0.230806 0.611564
vt 0.199518 0.630266
vt 0.192022 0.607979
vt 0.221139 0.600133
vt 0.214479 0.759137
vt 0.205141 0.707971
vt 0.923240 0.187366
vt 0.938673 0.111575
vt 0.951892 0.114894
vt 0.938350 0.185106
vt 0.820479 0.224278
vt 0.755656 0.231276
vt 0.906132 0.199578
vt 0.872306 0.213270
vt 0.270355 0.250890
vt 0.254594 0.254617
vt 0.249240 0.238776
vt 0.270697 0.231706
vt 0.972107 0.075893
vt 0.988640 0.083500
vt 0.228958 0.815040
vt 0.922314 0.233598
vt 0.885540 0.248727
vt 0.230104 0.638186
vt 0.167777 0.714391
vt 0.161301 0.649760
vt 0.827908 0.262661
vt 0.760493 0.280391
vt 0.181247 0.827146
vt 0.177665 0.766817
vt 0.956108 0.223726
vt 0.941954 0.225664
vt 0.848685 0.298477
vt 0.784326 0.327412
vt 0.932106 0.270975
vt 0.897773 0.276818
vt 0.972985 0.265321
vt 0.956523 0.267133
vt 0.128959 0.819574
vt 0.136750 0.762759
vt 0.147290 0.712241
vt 0.132725 0.660155
vt 0.983452 0.315288
vt 0.974778 0.316381
vt 0.916082 0.325099
vt 0.876190 0.345955
vt 0.064614 0.790021
vt 0.081336 0.755179
vt 0.101986 0.707582
vt 0.095974 0.678385
vt 0.843032 0.375268
vt 0.951865 0.319942
vt 0.979135 0.333231
vt 0.986688 0.331664
vt 0.988640 0.336951
vt 0.981433 0.338114
vt 0.892029 0.363198
vt 0.921538 0.342678
vt 0.923382 0.352103
vt 0.894728 0.372155
vt 0.058188 0.747158
vt 0.045924 0.780843
vt 0.037083 0.775961
vt 0.048963 0.746420
vt 0.062422 0.716032
vt 0.053120 0.715204
vt 0.059516 0.693538
vt 0.045892 0.692090
vt 0.859941 0.388550
vt 0.869035 0.393866
vt 0.955084 0.334718
vt 0.958432 0.339305
vt 0.415507 0.074899
vt 0.425048 0.083941
vt 0.414536 0.098488
vt 0.404456 0.089633
vt 0.404818 0.066806
vt 0.394837 0.081852
vt 0.396746 0.060516
vt 0.383185 0.073962
vt 0.321211 0.408648
vt 0.308179 0.410036
vt 0.306435 0.393954
vt 0.313014 0.393129
vt 0.295047 0.411554
vt 0.279721 0.412709
vt 0.278933 0.395808
vt 0.295581 0.395186
vt 0.270890 0.411848
vt 0.268071 0.411881
vt 0.267185 0.396316
vt 0.270459 0.396239
vt 0.365849 0.117351
vt 0.357690 0.108002
vt 0.303109 0.359219
vt 0.309724 0.359147
vt 0.275690 0.360650
vt 0.290507 0.358139
vt 0.264898 0.362210
vt 0.267648 0.361836
vt 0.394404 0.127785
vt 0.382927 0.120338
vt 0.358185 0.125587
vt 0.353351 0.117757
vt 0.308825 0.329951
vt 0.317249 0.330268
vt 0.273517 0.332155
vt 0.289401 0.329951
vt 0.261733 0.333751
vt 0.264756 0.333348
vt 0.375206 0.152407
vt 0.359495 0.147286
vt 0.272126 0.303215
vt 0.291651 0.300992
vt 0.258680 0.304837
vt 0.262139 0.304415
vt 0.313718 0.292499
vt 0.356633 0.186928
vt 0.346001 0.176982
vt 0.341029 0.152663
vt 0.333160 0.138457
vt 0.322781 0.292324
vt 0.257138 0.292497
vt 0.261101 0.292010
vt 0.293944 0.288536
vt 0.310752 0.273169
vt 0.346006 0.202591
vt 0.334653 0.198582
vt 0.331602 0.157169
vt 0.326062 0.144524
vt 0.323888 0.273726
vt 0.272531 0.290740
vt 0.309148 0.169518
vt 0.322480 0.178911
vt 0.313360 0.197587
vt 0.296981 0.188061
vt 0.323795 0.210493
vt 0.315976 0.222782
vt 0.257765 0.271327
vt 0.253601 0.272026
vt 0.249577 0.256378
vt 0.307786 0.258625
vt 0.293194 0.268620
vt 0.293416 0.252290
vt 0.309144 0.243547
vt 0.270165 0.269556
vt 0.838364 0.696137
vt 0.818416 0.708228
vt 0.817362 0.700161
vt 0.836523 0.687686
vt 0.761069 0.675032
vt 0.745355 0.666489
vt 0.748391 0.659872
vt 0.764166 0.667512
vt 0.868112 0.668546
vt 0.854502 0.682585
vt 0.850817 0.674636
vt 0.865518 0.662165
vt 0.775447 0.690215
vt 0.777441 0.682000
vt 0.789694 0.704366
vt 0.791265 0.696739
vt 0.802880 0.708471
vt 0.803847 0.700724
vt 0.294092 0.210100
vt 0.240152 0.242575
vt 0.937370 0.096936
vt 0.268739 0.612803
vt 0.275944 0.170744
vt 0.281971 0.176432
vt 0.270421 0.192084
vt 0.265479 0.181637
vt 0.311898 0.130174
vt 0.316452 0.134743
vt 0.295932 0.158800
vt 0.290070 0.153593
vt 0.319326 0.124020
vt 0.323553 0.128349
vt 0.340497 0.103717
vt 0.343885 0.108606
vt 0.344494 0.098153
vt 0.348844 0.100891
vt 0.366771 0.061640
vt 0.376373 0.068210
vt 0.378324 0.046462
vt 0.391368 0.056871
vt 0.053611 0.634838
vt 0.060482 0.677341
vt 0.052945 0.678320
vt 0.044879 0.638542
vt 0.158145 0.634325
vt 0.113881 0.660756
vt 0.331369 0.659401
vt 0.320771 0.680795
vt 0.316094 0.683353
vt 0.323309 0.663863
vt 0.307954 0.637963
vt 0.302766 0.642127
vt 0.297370 0.634729
vt 0.301347 0.630213
vt 0.316888 0.690452
vt 0.315395 0.690140
vt 0.289818 0.626182
vt 0.288801 0.630206
vt 0.309956 0.650235
vt 0.316404 0.646091
vt 0.282381 0.206298
vt 0.269588 0.201685
vt 0.312045 0.232520
vt 0.269724 0.212778
vt 0.293897 0.644847
vt 0.285961 0.635582
vt 0.313223 0.690140
vt 0.310814 0.679668
vt 0.297417 0.649911
vt 0.307029 0.666623
vt 0.299344 0.655744
vt 0.808243 0.626719
vt 0.818429 0.626896
vt 0.798056 0.625568
vt 0.783462 0.621581
vt 0.760702 0.615501
vt 0.771359 0.617268
vt 0.834796 0.623730
vt 0.845875 0.620470
vt 0.856517 0.618557
vt 0.772453 0.610469
vt 0.784611 0.614719
vt 0.798991 0.618446
vt 0.761116 0.604854
vt 0.808475 0.619845
vt 0.818099 0.619771
vt 0.834077 0.616787
vt 0.845127 0.613758
vt 0.856733 0.608274
vt 0.801063 0.592825
vt 0.809511 0.594088
vt 0.775535 0.582587
vt 0.788638 0.588620
vt 0.764127 0.579569
vt 0.818099 0.593869
vt 0.831964 0.590503
vt 0.842848 0.587493
vt 0.855394 0.583305
vt 0.819212 0.569195
vt 0.830003 0.567786
vt 0.840269 0.564010
vt 0.851832 0.559638
vt 0.801743 0.569078
vt 0.810420 0.569972
vt 0.780134 0.559224
vt 0.792575 0.566144
vt 0.769512 0.556093
vt 0.818180 0.508366
vt 0.812853 0.508647
vt 0.813197 0.500365
vt 0.818018 0.500169
vt 0.800500 0.504479
vt 0.797053 0.502631
vt 0.798540 0.494641
vt 0.801637 0.496231
vt 0.810308 0.508202
vt 0.807763 0.507758
vt 0.808636 0.499490
vt 0.810917 0.499928
vt 0.822421 0.507012
vt 0.822073 0.498754
vt 0.793606 0.500784
vt 0.795444 0.493052
vt 0.362658 0.628888
vt 0.320917 0.631758
vt 0.153012 0.614559
vt 0.110275 0.619740
vt 0.097812 0.665376
vt 0.085311 0.627679
vt 0.798057 0.522206
vt 0.805887 0.525527
vt 0.789657 0.517400
vt 0.812114 0.526443
vt 0.835175 0.520335
vt 0.842758 0.517498
vt 0.827810 0.523537
vt 0.818528 0.525983
vt 0.782508 0.514928
vt 0.819532 0.716331
vt 0.801926 0.716536
vt 0.788131 0.712328
vt 0.857680 0.689960
vt 0.840055 0.704300
vt 0.773692 0.698457
vt 0.758126 0.682412
vt 0.871794 0.674864
vt 0.742163 0.673091
vt 0.674851 0.624920
vt 0.680489 0.621415
vt 0.678903 0.628475
vt 0.671356 0.632990
vt 0.877495 0.513634
vt 0.881618 0.518216
vt 0.875426 0.518762
vt 0.867535 0.513040
vt 0.860167 0.496051
vt 0.858946 0.493004
vt 0.867951 0.489120
vt 0.869459 0.494013
vt 0.679187 0.640840
vt 0.676103 0.637433
vt 0.682316 0.631963
vt 0.686879 0.635287
vt 0.664699 0.628601
vt 0.663837 0.628181
vt 0.667489 0.619545
vt 0.669935 0.621294
vt 0.684893 0.580636
vt 0.681768 0.581014
vt 0.679161 0.568773
vt 0.681314 0.568265
vt 0.889459 0.550298
vt 0.891433 0.550545
vt 0.890521 0.560674
vt 0.889072 0.560601
vt 0.688908 0.576509
vt 0.687630 0.579507
vt 0.683351 0.567603
vt 0.685980 0.566852
vt 0.893753 0.553171
vt 0.892890 0.560849
vt 0.887363 0.550594
vt 0.887577 0.560584
vt 0.884062 0.551350
vt 0.884936 0.560689
vt 0.679417 0.581169
vt 0.676845 0.569372
vt 0.677676 0.562989
vt 0.675469 0.563532
vt 0.674132 0.557329
vt 0.676200 0.556936
vt 0.679700 0.562509
vt 0.678059 0.556551
vt 0.888948 0.565302
vt 0.890279 0.565379
vt 0.889965 0.570123
vt 0.888832 0.569989
vt 0.684084 0.561113
vt 0.681630 0.561870
vt 0.679796 0.555888
vt 0.682032 0.555054
vt 0.892502 0.565617
vt 0.891972 0.570618
vt 0.887565 0.565288
vt 0.887645 0.569994
vt 0.885089 0.565447
vt 0.885413 0.570440
vt 0.887977 0.573094
vt 0.888759 0.573035
vt 0.888710 0.573986
vt 0.888337 0.574047
vt 0.886620 0.574056
vt 0.887832 0.574623
vt 0.675904 0.552820
vt 0.674232 0.552396
vt 0.675475 0.551062
vt 0.676119 0.551455
vt 0.677081 0.552706
vt 0.676728 0.551438
vt 0.889485 0.573217
vt 0.889061 0.574091
vt 0.679390 0.550765
vt 0.678055 0.552166
vt 0.677238 0.551142
vt 0.677616 0.550380
vt 0.890658 0.574199
vt 0.889476 0.574612
vt 0.676488 0.550458
vt 0.888689 0.574726
vt 0.715831 0.625040
vt 0.716356 0.622105
vt 0.725100 0.626942
vt 0.723574 0.628848
vt 0.895853 0.498932
vt 0.895216 0.496673
vt 0.903249 0.494962
vt 0.903840 0.496601
vt 0.894747 0.493101
vt 0.894725 0.489169
vt 0.902402 0.489294
vt 0.902529 0.492426
vt 0.895014 0.486856
vt 0.902543 0.487266
vt 0.722217 0.613259
vt 0.724414 0.611786
vt 0.732041 0.617525
vt 0.730796 0.619321
vt 0.718454 0.616627
vt 0.727670 0.623097
vt 0.729402 0.627377
vt 0.730830 0.625734
vt 0.733258 0.627638
vt 0.731828 0.629754
vt 0.727279 0.629711
vt 0.730767 0.631246
vt 0.907780 0.496767
vt 0.906938 0.494942
vt 0.911129 0.494354
vt 0.912193 0.496376
vt 0.905946 0.491814
vt 0.905898 0.488459
vt 0.909980 0.488079
vt 0.909957 0.491117
vt 0.906210 0.486167
vt 0.910342 0.485561
vt 0.732283 0.623555
vt 0.734136 0.621014
vt 0.736544 0.624094
vt 0.735563 0.625077
vt 0.737076 0.627729
vt 0.739043 0.627777
vt 0.738933 0.629790
vt 0.737468 0.629309
vt 0.735309 0.629289
vt 0.736490 0.630154
vt 0.734536 0.630770
vt 0.736037 0.630966
vt 0.735023 0.632791
vt 0.736944 0.632240
vt 0.916303 0.493628
vt 0.915163 0.492503
vt 0.916151 0.491266
vt 0.917090 0.491622
vt 0.915423 0.490306
vt 0.914294 0.488472
vt 0.915644 0.489024
vt 0.915795 0.490111
vt 0.915071 0.486686
vt 0.916457 0.488299
vt 0.738162 0.631214
vt 0.917069 0.489892
vt 0.914649 0.492210
vt 0.914407 0.490441
vt 0.911393 0.493650
vt 0.886753 0.494341
vt 0.885627 0.489608
vt 0.888141 0.498088
vt 0.877491 0.494099
vt 0.875489 0.488873
vt 0.880238 0.497887
vt 0.878136 0.501712
vt 0.869818 0.500725
vt 0.708540 0.620417
vt 0.707294 0.626368
vt 0.696332 0.631768
vt 0.696282 0.622285
vt 0.864369 0.484854
vt 0.874501 0.484002
vt 0.857358 0.490333
vt 0.887085 0.484315
vt 0.721745 0.606815
vt 0.726004 0.606663
vt 0.714315 0.613083
vt 0.890262 0.500810
vt 0.870185 0.505126
vt 0.878018 0.505730
vt 0.861548 0.504793
vt 0.861183 0.501622
vt 0.668319 0.612580
vt 0.675300 0.617442
vt 0.678404 0.620565
vt 0.681167 0.620522
vt 0.673633 0.600638
vt 0.681070 0.606987
vt 0.878085 0.512064
vt 0.882435 0.511115
vt 0.892837 0.512414
vt 0.892559 0.515553
vt 0.876372 0.524889
vt 0.874070 0.520415
vt 0.887195 0.527655
vt 0.884381 0.530416
vt 0.683282 0.610060
vt 0.891403 0.521715
vt 0.888753 0.525512
vt 0.689885 0.626571
vt 0.890718 0.503682
vt 0.715597 0.595799
vt 0.708987 0.598822
vt 0.712658 0.589511
vt 0.716523 0.591044
vt 0.703654 0.609620
vt 0.705073 0.599768
vt 0.708699 0.589115
vt 0.708335 0.585218
vt 0.714222 0.586307
vt 0.713730 0.609713
vt 0.721628 0.604359
vt 0.878168 0.507654
vt 0.892666 0.509021
vt 0.861274 0.508041
vt 0.869112 0.509042
vt 0.723937 0.605086
vt 0.686412 0.623840
vt 0.693769 0.611970
vt 0.697743 0.615137
vt 0.688100 0.624781
vt 0.692011 0.596069
vt 0.686647 0.596539
vt 0.686603 0.589111
vt 0.692758 0.588548
vt 0.682999 0.594539
vt 0.676870 0.591217
vt 0.678004 0.584784
vt 0.681170 0.585520
vt 0.901554 0.517570
vt 0.901738 0.514206
vt 0.907403 0.514129
vt 0.908071 0.517806
vt 0.720408 0.595536
vt 0.719672 0.595689
vt 0.718513 0.591393
vt 0.721720 0.591706
vt 0.701168 0.600463
vt 0.703876 0.589156
vt 0.897400 0.529760
vt 0.900165 0.524894
vt 0.905027 0.526747
vt 0.903259 0.531947
vt 0.892996 0.535492
vt 0.895656 0.532099
vt 0.902731 0.535549
vt 0.898429 0.539368
vt 0.901137 0.510555
vt 0.899760 0.504497
vt 0.904404 0.504235
vt 0.906616 0.510795
vt 0.885020 0.541112
vt 0.887361 0.539454
vt 0.893059 0.544994
vt 0.888802 0.546315
vt 0.871075 0.528862
vt 0.868864 0.525390
vt 0.879327 0.534025
vt 0.877502 0.534884
vt 0.856121 0.517259
vt 0.861010 0.523374
vt 0.858378 0.525647
vt 0.865447 0.528064
vt 0.864272 0.528514
vt 0.875164 0.536319
vt 0.873422 0.537176
vt 0.880343 0.543480
vt 0.882614 0.542224
vt 0.886560 0.547255
vt 0.883520 0.548393
vt 0.894802 0.550808
vt 0.687980 0.582444
vt 0.690433 0.579591
vt 0.887570 0.562832
vt 0.884925 0.562967
vt 0.889032 0.562853
vt 0.680564 0.565521
vt 0.682565 0.564840
vt 0.892809 0.563143
vt 0.890436 0.562933
vt 0.685184 0.564094
vt 0.678446 0.565999
vt 0.676114 0.566618
vt 0.696395 0.578646
vt 0.693322 0.578644
vt 0.692804 0.565571
vt 0.694556 0.565396
vt 0.902624 0.545390
vt 0.905226 0.544527
vt 0.910648 0.554670
vt 0.908928 0.555599
vt 0.701587 0.575395
vt 0.699291 0.577725
vt 0.696234 0.565035
vt 0.698552 0.565323
vt 0.910443 0.543929
vt 0.914159 0.553026
vt 0.901075 0.547788
vt 0.907218 0.556705
vt 0.897052 0.552238
vt 0.903951 0.559313
vt 0.691258 0.577632
vt 0.690910 0.566489
vt 0.692114 0.560231
vt 0.690176 0.559842
vt 0.688820 0.552883
vt 0.690851 0.552636
vt 0.693762 0.560026
vt 0.692698 0.552449
vt 0.912093 0.560865
vt 0.913554 0.560104
vt 0.916662 0.565628
vt 0.915383 0.566228
vt 0.697354 0.558784
vt 0.695358 0.559730
vt 0.694468 0.552047
vt 0.696767 0.551669
vt 0.916841 0.558759
vt 0.919023 0.564928
vt 0.910668 0.561798
vt 0.914157 0.567046
vt 0.907781 0.564275
vt 0.912273 0.569010
vt 0.916828 0.570391
vt 0.917574 0.569833
vt 0.918156 0.570841
vt 0.917826 0.571137
vt 0.916069 0.572184
vt 0.917682 0.572025
vt 0.690921 0.547999
vt 0.689334 0.547484
vt 0.690714 0.546088
vt 0.691342 0.546593
vt 0.692148 0.548040
vt 0.691965 0.546662
vt 0.918416 0.569547
vt 0.918570 0.570724
vt 0.694789 0.546432
vt 0.693221 0.547626
vt 0.692527 0.546432
vt 0.693027 0.545723
vt 0.920206 0.569742
vt 0.919311 0.570970
vt 0.691866 0.545614
vt 0.918609 0.571593
vt 0.908918 0.559188
vt 0.905693 0.561743
vt 0.910508 0.558185
vt 0.694192 0.562842
vt 0.695845 0.562495
vt 0.915561 0.555724
vt 0.912098 0.557325
vt 0.698063 0.562203
vt 0.692466 0.563017
vt 0.690512 0.563330
vt 0.889696 0.538028
vt 0.895059 0.542604
vt 0.870585 0.524119
vt 0.881686 0.532511
vt 0.864999 0.518895
vt 0.858756 0.514428
vt 0.698051 0.600812
vt 0.695444 0.596404
vt 0.696955 0.588186
vt 0.699881 0.588783
vt 0.686142 0.611759
vt 0.689391 0.612462
vt 0.683334 0.622197
vt 0.681675 0.631213
vt 0.675209 0.636462
vt 0.895237 0.550995
vt 0.691612 0.583172
vt 0.690899 0.579572
vt 0.696483 0.582308
vt 0.910465 0.488633
vt 0.910464 0.491053
vt 0.913958 0.488873
vt 0.710484 0.581172
vt 0.708428 0.579594
vt 0.715407 0.571059
vt 0.716606 0.571894
vt 0.914116 0.530605
vt 0.916444 0.527748
vt 0.927854 0.534055
vt 0.926814 0.536026
vt 0.715666 0.581919
vt 0.713100 0.582093
vt 0.717855 0.572568
vt 0.719155 0.573995
vt 0.921624 0.523626
vt 0.930171 0.530386
vt 0.913514 0.533848
vt 0.925918 0.538161
vt 0.913410 0.541079
vt 0.924620 0.542659
vt 0.707804 0.577606
vt 0.713714 0.570603
vt 0.717861 0.567330
vt 0.716856 0.566039
vt 0.719763 0.560944
vt 0.721170 0.561885
vt 0.719005 0.568091
vt 0.722429 0.562766
vt 0.933087 0.538947
vt 0.933966 0.537328
vt 0.940302 0.540499
vt 0.939494 0.541856
vt 0.721928 0.569251
vt 0.720166 0.568766
vt 0.723756 0.563469
vt 0.725401 0.564473
vt 0.936176 0.534038
vt 0.942048 0.538373
vt 0.932352 0.540703
vt 0.938872 0.543381
vt 0.931244 0.544802
vt 0.938356 0.546379
vt 0.943445 0.544806
vt 0.943785 0.543820
vt 0.944958 0.544388
vt 0.944838 0.544870
vt 0.943868 0.546945
vt 0.945263 0.545782
vt 0.723718 0.559016
vt 0.723000 0.557837
vt 0.724620 0.557706
vt 0.724740 0.558362
vt 0.724464 0.559704
vt 0.725093 0.558742
vt 0.944385 0.543027
vt 0.945267 0.544019
vt 0.726988 0.560122
vt 0.725360 0.560024
vt 0.725570 0.558900
vt 0.726266 0.558726
vt 0.946163 0.542083
vt 0.946108 0.543780
vt 0.725597 0.558031
vt 0.945850 0.544799
vt 0.929088 0.539385
vt 0.927740 0.543777
vt 0.929932 0.537451
vt 0.717755 0.570091
vt 0.718980 0.570764
vt 0.933114 0.532028
vt 0.930877 0.535653
vt 0.720528 0.571776
vt 0.716576 0.569268
vt 0.715181 0.568407
vt 0.908478 0.519636
vt 0.909310 0.540408
vt 0.704303 0.582509
vt 0.705330 0.576999
vt 0.720844 0.585527
vt 0.718850 0.584034
vt 0.726170 0.575696
vt 0.727318 0.576618
vt 0.914503 0.510496
vt 0.912677 0.507629
vt 0.924508 0.499712
vt 0.925896 0.501873
vt 0.724054 0.586610
vt 0.722555 0.586384
vt 0.728488 0.577463
vt 0.729579 0.579145
vt 0.910492 0.501242
vt 0.921882 0.495190
vt 0.917125 0.512521
vt 0.927471 0.504012
vt 0.922242 0.517378
vt 0.931229 0.508073
vt 0.718361 0.582658
vt 0.724476 0.575164
vt 0.728964 0.572271
vt 0.728003 0.570833
vt 0.731451 0.565978
vt 0.732839 0.567128
vt 0.730105 0.573184
vt 0.734078 0.568182
vt 0.932144 0.497352
vt 0.931011 0.495490
vt 0.937685 0.491092
vt 0.938586 0.492734
vt 0.733056 0.574753
vt 0.731260 0.574023
vt 0.735407 0.569058
vt 0.737052 0.570281
vt 0.928933 0.491237
vt 0.936578 0.488009
vt 0.933490 0.499159
vt 0.939777 0.494279
vt 0.937068 0.502725
vt 0.942575 0.496567
vt 0.943716 0.490591
vt 0.942913 0.489658
vt 0.944179 0.488823
vt 0.944599 0.489234
vt 0.946163 0.491410
vt 0.945783 0.489340
vt 0.735707 0.564532
vt 0.735079 0.563206
vt 0.736776 0.563246
vt 0.736834 0.563953
vt 0.736423 0.565332
vt 0.737170 0.564389
vt 0.942468 0.488573
vt 0.943988 0.488287
vt 0.739043 0.566016
vt 0.737332 0.565757
vt 0.737656 0.564606
vt 0.738410 0.564489
vt 0.942595 0.486197
vt 0.944255 0.487288
vt 0.737771 0.563691
vt 0.945129 0.488164
vt 0.930393 0.501619
vt 0.934098 0.505620
vt 0.928939 0.499608
vt 0.728648 0.575038
vt 0.729844 0.575875
vt 0.925190 0.493125
vt 0.927664 0.497587
vt 0.731348 0.577144
vt 0.727487 0.574081
vt 0.726088 0.573063
vt 0.919728 0.520860
vt 0.716184 0.587127
vt 0.715830 0.584385
vt 0.860595 0.510666
vt 0.908973 0.540596
vt 0.700317 0.582072
vt 0.705029 0.576872
vt 0.901140 0.519299
vt 0.892150 0.517343
vt 0.919729 0.521116
vt 0.715652 0.584338
vt 0.216355 0.531643
vt 0.223619 0.577218
vt 0.186792 0.580703
vt 0.185970 0.534519
vt 0.209657 0.499940
vt 0.183534 0.502413
vt 0.216355 0.531643
vt 0.223619 0.577218
vt 0.186792 0.580703
vt 0.185970 0.534519
vt 0.209657 0.499940
vt 0.183534 0.502413
vt 0.209657 0.499940
vt 0.216355 0.531643
vt 0.185970 0.534519
vt 0.183534 0.502413
vt 0.223619 0.577218
vt 0.186792 0.580703
vt 0.216355 0.531643
vt 0.223619 0.577218
vt 0.186792 0.580703
vt 0.185970 0.534519
vt 0.209657 0.499940
vt 0.183534 0.502413
vt 0.216355 0.531643
vt 0.223619 0.577218
vt 0.186792 0.580703
vt 0.185970 0.534519
vt 0.209657 0.499940
vt 0.183534 0.502413
vt 0.023645 0.367393
vt 0.025173 0.365305
vt 0.065866 0.408016
vt 0.065244 0.408843
vt 0.039150 0.017215
vt 0.041091 0.015645
vt 0.069230 0.067534
vt 0.068417 0.068175
vt 0.044199 0.482386
vt 0.042087 0.481223
vt 0.068587 0.428249
vt 0.069505 0.428725
vt 0.044071 0.351691
vt 0.048757 0.350257
vt 0.070143 0.405254
vt 0.069168 0.405587
vt 0.009967 0.048996
vt 0.011122 0.046830
vt 0.064251 0.072599
vt 0.063788 0.073519
vt 0.057573 0.348234
vt 0.064001 0.346743
vt 0.072136 0.404792
vt 0.071144 0.405025
vt 0.076745 0.007613
vt 0.083343 0.007842
vt 0.076128 0.066048
vt 0.075109 0.066015
vt 0.032633 0.359652
vt 0.039885 0.354293
vt 0.068287 0.406125
vt 0.067463 0.406734
vt 0.049680 0.012169
vt 0.058079 0.008874
vt 0.072061 0.066336
vt 0.071107 0.066711
vt 0.067700 0.007278
vt 0.074081 0.065977
vt 0.062800 0.007447
vt 0.073052 0.066045
vt 0.027047 0.363729
vt 0.066637 0.407337
vt 0.043223 0.014658
vt 0.070152 0.067079
vt 0.066505 0.345999
vt 0.073129 0.404510
vt 0.085927 0.007769
vt 0.077161 0.066031
vt 0.108242 0.014337
vt 0.112244 0.017155
vt 0.081959 0.067713
vt 0.081099 0.067148
vt 0.003869 0.405599
vt 0.004397 0.403308
vt 0.062390 0.414201
vt 0.062185 0.415210
vt 0.119240 0.022871
vt 0.124353 0.027028
vt 0.083546 0.069003
vt 0.082754 0.068363
vt 0.159647 0.065125
vt 0.161113 0.060429
vt 0.218811 0.073863
vt 0.218534 0.074860
vt 0.094956 0.010191
vt 0.103626 0.012629
vt 0.080135 0.066783
vt 0.079150 0.066506
vt 0.275311 0.133396
vt 0.269974 0.137405
vt 0.238698 0.087027
vt 0.239521 0.086406
vt 0.075878 0.346001
vt 0.084878 0.346113
vt 0.076195 0.404467
vt 0.075173 0.404454
vt 0.282640 0.127917
vt 0.240354 0.085784
vt 0.088318 0.008282
vt 0.078169 0.066224
vt 0.089777 0.346570
vt 0.077220 0.404571
vt 0.126418 0.028489
vt 0.084380 0.069610
vt 0.068976 0.345873
vt 0.074152 0.404435
vt 0.267987 0.139103
vt 0.237896 0.087696
vt 0.246260 0.148101
vt 0.241322 0.148425
vt 0.233053 0.089419
vt 0.234089 0.089318
vt 0.005240 0.094574
vt 0.004845 0.092116
vt 0.062867 0.080572
vt 0.063053 0.081587
vt 0.200389 0.142670
vt 0.196256 0.139966
vt 0.225048 0.087936
vt 0.225935 0.088476
vt 0.024610 0.469635
vt 0.021562 0.465762
vt 0.065361 0.425719
vt 0.066027 0.426512
vt 0.232189 0.148370
vt 0.225526 0.148345
vt 0.230987 0.089411
vt 0.232016 0.089412
vt 0.143850 0.060504
vt 0.145426 0.066890
vt 0.087681 0.075814
vt 0.087436 0.074828
vt 0.259346 0.142929
vt 0.250977 0.146515
vt 0.235079 0.088993
vt 0.236030 0.088586
vt 0.132118 0.035806
vt 0.137562 0.042959
vt 0.086299 0.071996
vt 0.085680 0.071183
vt 0.141709 0.051745
vt 0.087193 0.073834
vt 0.140214 0.047095
vt 0.086847 0.072867
vt 0.265781 0.140217
vt 0.236981 0.088185
vt 0.127976 0.030296
vt 0.085068 0.070369
vt 0.223018 0.148511
vt 0.229945 0.089467
vt 0.146199 0.069346
vt 0.087978 0.076799
vt 0.091046 0.327572
vt 0.086114 0.327888
vt 0.077944 0.268944
vt 0.078978 0.268845
vt 0.189004 0.134445
vt 0.183704 0.130429
vt 0.223404 0.086691
vt 0.224224 0.087309
vt 0.045242 0.322080
vt 0.041118 0.319374
vt 0.069950 0.267452
vt 0.070835 0.267993
vt 0.213931 0.146392
vt 0.205104 0.144234
vt 0.226920 0.088812
vt 0.227922 0.089057
vt 0.076993 0.327819
vt 0.070339 0.327784
vt 0.075879 0.268934
vt 0.076907 0.268937
vt 0.146335 0.078658
vt 0.146358 0.087630
vt 0.088068 0.079854
vt 0.088065 0.078835
vt 0.220691 0.148087
vt 0.228921 0.089307
vt 0.145977 0.092519
vt 0.087979 0.080877
vt 0.181534 0.128991
vt 0.222544 0.086105
vt 0.146358 0.071777
vt 0.088068 0.077818
vt 0.166971 0.110640
vt 0.165310 0.105999
vt 0.219570 0.081937
vt 0.219950 0.082901
vt 0.067833 0.327947
vt 0.074838 0.268988
vt 0.162865 0.097235
vt 0.161066 0.090846
vt 0.219012 0.079956
vt 0.219292 0.080942
vt 0.175505 0.121760
vt 0.169780 0.114724
vt 0.220531 0.083761
vt 0.221182 0.084561
vt 0.004704 0.244404
vt 0.006189 0.239720
vt 0.063761 0.253386
vt 0.063480 0.254380
vt 0.033883 0.313849
vt 0.028595 0.309830
vt 0.068310 0.266205
vt 0.069128 0.266824
vt 0.058760 0.325817
vt 0.049948 0.323648
vt 0.071818 0.268329
vt 0.072819 0.268575
vt 0.179863 0.127182
vt 0.221826 0.085362
vt 0.160214 0.088446
vt 0.218676 0.078972
vt 0.065509 0.327520
vt 0.073817 0.268827
vt 0.026430 0.308390
vt 0.067452 0.265619
vt 0.011912 0.290041
vt 0.010261 0.285403
vt 0.064487 0.261453
vt 0.064865 0.262416
vt 0.164431 0.051975
vt 0.166837 0.045803
vt 0.219557 0.071948
vt 0.219188 0.072903
vt 0.007831 0.276647
vt 0.006045 0.270264
vt 0.063933 0.259472
vt 0.064211 0.260458
vt 0.159764 0.079115
vt 0.159431 0.070068
vt 0.218481 0.075895
vt 0.218519 0.076922
vt 0.020419 0.301160
vt 0.014713 0.294125
vt 0.065445 0.263276
vt 0.066093 0.264075
vt 0.159979 0.086055
vt 0.218550 0.077948
vt 0.024764 0.306581
vt 0.066735 0.264876
vt 0.167625 0.043332
vt 0.219884 0.070965
vt 0.005185 0.267785
vt 0.063605 0.258489
vt 0.181249 0.024382
vt 0.185245 0.021528
vt 0.223069 0.066980
vt 0.222248 0.067606
vt 0.222782 0.004982
vt 0.227682 0.005102
vt 0.230597 0.064045
vt 0.229567 0.064053
vt 0.192978 0.016800
vt 0.198611 0.013337
vt 0.224816 0.065906
vt 0.223947 0.066442
vt 0.009539 0.231291
vt 0.011969 0.225137
vt 0.064514 0.251477
vt 0.064141 0.252428
vt 0.172914 0.035587
vt 0.178099 0.028187
vt 0.221583 0.068398
vt 0.220993 0.069239
vt 0.004762 0.258378
vt 0.004468 0.249341
vt 0.063423 0.255414
vt 0.063456 0.256440
vt 0.168904 0.041239
vt 0.220401 0.070074
vt 0.004946 0.265311
vt 0.063483 0.257465
vt 0.200640 0.011886
vt 0.225666 0.065314
vt 0.012767 0.222672
vt 0.064845 0.250496
vt 0.026455 0.203803
vt 0.030459 0.200969
vt 0.068043 0.246529
vt 0.067221 0.247151
vt 0.068023 0.184604
vt 0.072917 0.184745
vt 0.075575 0.243630
vt 0.074546 0.243634
vt 0.133477 0.123046
vt 0.129934 0.126516
vt 0.085113 0.087053
vt 0.085834 0.086300
vt 0.236687 0.005968
vt 0.243257 0.006584
vt 0.232635 0.064236
vt 0.231620 0.064143
vt 0.038203 0.196279
vt 0.043845 0.192845
vt 0.069793 0.245464
vt 0.068923 0.245996
vt 0.144552 0.101127
vt 0.143393 0.103743
vt 0.087377 0.083407
vt 0.087748 0.082435
vt 0.209414 0.008922
vt 0.217988 0.006128
vt 0.228561 0.064285
vt 0.227586 0.064602
vt 0.018083 0.214958
vt 0.023293 0.207589
vt 0.066553 0.247939
vt 0.065961 0.248776
vt 0.122954 0.132439
vt 0.117872 0.136770
vt 0.083537 0.088397
vt 0.084320 0.087726
vt 0.140318 0.110029
vt 0.136244 0.118429
vt 0.086384 0.085413
vt 0.086923 0.084336
vt 0.202825 0.011026
vt 0.226613 0.064913
vt 0.014053 0.220587
vt 0.065365 0.249608
vt 0.246651 0.006947
vt 0.233653 0.064356
vt 0.045878 0.191404
vt 0.070645 0.244876
vt 0.268655 0.015166
vt 0.273009 0.018726
vt 0.238323 0.066398
vt 0.237516 0.065759
vt 0.115993 0.138588
vt 0.082777 0.089114
vt 0.279569 0.025146
vt 0.284006 0.030036
vt 0.239912 0.067999
vt 0.239228 0.067246
vt 0.081907 0.185648
vt 0.088467 0.186292
vt 0.077610 0.243830
vt 0.076597 0.243733
vt 0.094853 0.148914
vt 0.089942 0.149541
vt 0.078047 0.091133
vt 0.079075 0.090968
vt 0.255584 0.009986
vt 0.264181 0.013106
vt 0.236582 0.065320
vt 0.235605 0.064966
vt 0.054654 0.188482
vt 0.063230 0.185728
vt 0.073540 0.243861
vt 0.072566 0.244174
vt 0.048716 0.146319
vt 0.044423 0.143874
vt 0.069963 0.090146
vt 0.070881 0.090631
vt 0.080819 0.150049
vt 0.074165 0.150435
vt 0.075983 0.091253
vt 0.077011 0.091191
vt 0.107600 0.142942
vt 0.099465 0.147039
vt 0.080044 0.090583
vt 0.080968 0.090118
vt 0.249006 0.007609
vt 0.234645 0.064619
vt 0.048063 0.190555
vt 0.071592 0.244480
vt 0.091046 0.186382
vt 0.078640 0.243879
vt 0.066365 0.489383
vt 0.061590 0.488124
vt 0.072460 0.429668
vt 0.073472 0.429900
vt 0.113858 0.139837
vt 0.081893 0.089659
vt 0.052965 0.485179
vt 0.046668 0.483044
vt 0.070507 0.429006
vt 0.071480 0.429333
vt 0.071671 0.150755
vt 0.074947 0.091373
vt 0.080387 0.488634
vt 0.071331 0.489376
vt 0.074512 0.429907
vt 0.075540 0.429822
vt 0.003281 0.071231
vt 0.004469 0.066454
vt 0.062886 0.076477
vt 0.062669 0.077488
vt 0.036840 0.138808
vt 0.031301 0.135125
vt 0.068244 0.089004
vt 0.069101 0.089571
vt 0.087336 0.488106
vt 0.076567 0.429744
vt 0.062466 0.149200
vt 0.053520 0.147589
vt 0.071885 0.090905
vt 0.072902 0.091088
vt 0.089777 0.487751
vt 0.077588 0.429572
vt 0.069321 0.150476
vt 0.073915 0.091277
vt 0.029045 0.133823
vt 0.067350 0.088472
vt 0.013372 0.116397
vt 0.011428 0.111865
vt 0.064122 0.084494
vt 0.064561 0.085433
vt 0.008446 0.103266
vt 0.006256 0.096997
vt 0.063443 0.082550
vt 0.063783 0.083517
vt 0.016460 0.458231
vt 0.012726 0.452745
vt 0.064202 0.424016
vt 0.064781 0.424863
vt 0.022579 0.126974
vt 0.016430 0.120302
vt 0.065195 0.086256
vt 0.065894 0.087014
vt 0.036233 0.477467
vt 0.028571 0.472615
vt 0.066852 0.427142
vt 0.067722 0.427694
vt 0.027265 0.132120
vt 0.066586 0.087775
vt 0.011131 0.450694
vt 0.063575 0.423189
vt 0.003200 0.428700
vt 0.003108 0.423781
vt 0.062089 0.418300
vt 0.062141 0.419332
vt 0.010716 0.383397
vt 0.013592 0.379418
vt 0.063931 0.410418
vt 0.063354 0.411274
vt 0.003585 0.414714
vt 0.003918 0.408098
vt 0.062192 0.416247
vt 0.062143 0.417269
vt 0.007285 0.057816
vt 0.009326 0.051510
vt 0.063519 0.074521
vt 0.063206 0.075495
vt 0.007731 0.441935
vt 0.004557 0.433458
vt 0.062417 0.420331
vt 0.062778 0.421294
vt 0.004222 0.085197
vt 0.003357 0.076181
vt 0.062677 0.078525
vt 0.062775 0.079549
vt 0.286388 0.032491
vt 0.240584 0.068759
vt 0.010127 0.448451
vt 0.063132 0.422257
vt 0.022459 0.029267
vt 0.026282 0.026182
vt 0.066734 0.069351
vt 0.065952 0.070025
vt 0.286388 0.124673
vt 0.241120 0.085077
vt 0.019411 0.372471
vt 0.064592 0.409629
vt 0.033727 0.021004
vt 0.067580 0.068763
vt 0.006394 0.396673
vt 0.008946 0.388007
vt 0.062975 0.412236
vt 0.062685 0.413221
vt 0.014794 0.040949
vt 0.019537 0.033253
vt 0.065333 0.070855
vt 0.064794 0.071730
vt 0.834028 0.511639
vt 0.827236 0.514598
vt 0.832880 0.502944
vt 0.818354 0.517175
vt 0.812484 0.517545
vt 0.806825 0.516643
vt 0.799279 0.513342
vt 0.826662 0.505658
vt 0.826128 0.497339
vt 0.831813 0.494852
vt 0.787768 0.498792
vt 0.790216 0.491284
vt 0.840877 0.509223
vt 0.791632 0.509092
vt 0.785138 0.506860
vt 0.838996 0.500948
vt 0.837246 0.493247
vt 0.457976 0.469254
vt 0.437081 0.480182
vt 0.433735 0.461841
vt 0.452044 0.450802
vt 0.516055 0.373278
vt 0.508873 0.426460
vt 0.485852 0.419140
vt 0.498136 0.367306
vt 0.481262 0.459425
vt 0.473067 0.442382
vt 0.401174 0.510466
vt 0.395059 0.489630
vt 0.435091 0.431938
vt 0.452347 0.426689
vt 0.460544 0.408459
vt 0.387378 0.467823
vt 0.418953 0.440167
vt 0.465628 0.374705
vt 0.406939 0.416325
vt 0.418261 0.411404
vt 0.422669 0.398857
vt 0.377127 0.449115
vt 0.396417 0.424136
vt 0.422829 0.377556
vt 0.383826 0.393984
vt 0.382720 0.402492
vt 0.346181 0.393975
vt 0.345867 0.390571
vt 0.372411 0.414100
vt 0.363081 0.433208
vt 0.342212 0.405000
vt 0.345504 0.399741
vt 0.383340 0.380105
vt 0.345830 0.384767
vt 0.377104 0.407431
vt 0.346205 0.396505
vt 0.382720 0.402492
vt 0.346181 0.393975
vt 0.346205 0.396505
vt 0.377104 0.407431
vt 0.345504 0.399741
vt 0.372411 0.414100
vt 0.383340 0.380105
vt 0.345830 0.384767
vt 0.345867 0.390571
vt 0.383826 0.393984
vt 0.342212 0.405000
vt 0.363081 0.433208
vt 0.435091 0.431938
vt 0.406939 0.416325
vt 0.396417 0.424136
vt 0.418953 0.440167
vt 0.465628 0.374705
vt 0.422829 0.377556
vt 0.422669 0.398857
vt 0.460544 0.408459
vt 0.377127 0.449115
vt 0.387378 0.467823
vt 0.418261 0.411404
vt 0.452347 0.426689
vt 0.452044 0.450802
vt 0.433735 0.461841
vt 0.498136 0.367306
vt 0.485852 0.419140
vt 0.395059 0.489630
vt 0.473067 0.442382
vt 0.508873 0.426460
vt 0.481262 0.459425
vt 0.437081 0.480182
vt 0.401174 0.510466
vt 0.457976 0.469254
vt 0.516055 0.373278
vt 0.455223 0.047234
vt 0.452157 0.063717
vt 0.469239 0.067389
vt 0.470053 0.051670
vt 0.482120 0.064889
vt 0.479854 0.050554
vt 0.464415 0.694081
vt 0.470148 0.680993
vt 0.454619 0.674439
vt 0.452016 0.687858
vt 0.470689 0.698464
vt 0.477191 0.687847
vt 0.482012 0.711942
vt 0.490890 0.705590
vt 0.484084 0.695251
vt 0.475803 0.703621
vt 0.487981 0.670690
vt 0.459010 0.663929
vt 0.498483 0.677995
vt 0.511234 0.695623
vt 0.507426 0.683997
vt 0.440709 0.071505
vt 0.464565 0.081798
vt 0.481458 0.078025
vt 0.493504 0.662678
vt 0.457400 0.653858
vt 0.515214 0.675362
vt 0.539637 0.690680
vt 0.534525 0.685596
vt 0.435127 0.081177
vt 0.465911 0.093756
vt 0.481211 0.089923
vt 0.470668 0.638289
vt 0.437802 0.636213
vt 0.435077 0.111094
vt 0.466013 0.124879
vt 0.490819 0.132770
vt 0.460994 0.623720
vt 0.452682 0.609777
vt 0.417944 0.606139
vt 0.428213 0.620818
vt 0.464914 0.144497
vt 0.463949 0.163953
vt 0.485909 0.167899
vt 0.488555 0.150121
vt 0.432422 0.131145
vt 0.430947 0.151158
vt 0.443780 0.558219
vt 0.409070 0.561104
vt 0.450887 0.200925
vt 0.478277 0.210830
vt 0.415408 0.199053
vt 0.516364 0.672192
vt 0.494495 0.659107
vt 0.541481 0.688560
vt 0.535858 0.683467
vt 0.473715 0.636431
vt 0.463510 0.622576
vt 0.454807 0.608884
vt 0.445912 0.559192
vt 0.443894 0.547306
vt 0.445397 0.536317
vt 0.399429 0.528286
vt 0.404967 0.543481
vt 0.444499 0.229184
vt 0.437794 0.248000
vt 0.475012 0.268366
vt 0.480071 0.242681
vt 0.445819 0.548230
vt 0.447148 0.537237
vt 0.410197 0.217827
vt 0.407894 0.235317
vt 0.452032 0.505930
vt 0.401174 0.510466
vt 0.431526 0.265596
vt 0.471338 0.286513
vt 0.453334 0.506847
vt 0.396435 0.251350
vt 0.462046 0.488415
vt 0.461808 0.486988
vt 0.437081 0.480182
vt 0.479493 0.476102
vt 0.479251 0.475109
vt 0.457976 0.469254
vt 0.505857 0.477964
vt 0.505479 0.475888
vt 0.481262 0.459425
vt 0.533364 0.492146
vt 0.533344 0.491053
vt 0.513377 0.332923
vt 0.497126 0.289319
vt 0.525539 0.289682
vt 0.523680 0.248482
vt 0.515031 0.171765
vt 0.514608 0.156410
vt 0.511677 0.136355
vt 0.498978 0.089254
vt 0.498322 0.073697
vt 0.495258 0.059799
vt 0.491863 0.046448
vt 0.501364 0.452872
vt 0.517278 0.424821
vt 0.508873 0.426460
vt 0.517278 0.373654
vt 0.516055 0.373278
vt 0.521482 0.339858
vt 0.493235 0.338170
vt 0.498136 0.367306
vt 0.452044 0.450802
vt 0.433735 0.461841
vt 0.465568 0.309711
vt 0.485852 0.419140
vt 0.426363 0.290849
vt 0.473067 0.442382
vt 0.395059 0.489630
vt 0.389953 0.273844
vt 0.452347 0.426689
vt 0.435091 0.431938
vt 0.382561 0.298595
vt 0.413062 0.314007
vt 0.460544 0.408459
vt 0.418953 0.440167
vt 0.387378 0.467823
vt 0.439060 0.333818
vt 0.457226 0.350511
vt 0.465628 0.374705
vt 0.964655 0.977533
vt 0.957154 0.966592
vt 0.929468 0.970209
vt 0.938026 0.990519
vt 0.941830 0.755364
vt 0.937559 0.757785
vt 0.961187 0.774614
vt 0.966422 0.773395
vt 0.990391 0.934896
vt 0.981096 0.925367
vt 0.974696 0.949839
vt 0.984232 0.958850
vt 0.977076 0.790294
vt 0.969515 0.791218
vt 0.977853 0.808197
vt 0.987161 0.808370
vt 0.994815 0.882071
vt 0.984809 0.876610
vt 0.983978 0.889636
vt 0.993885 0.896149
vt 0.904144 0.978647
vt 0.905068 0.967498
vt 0.885345 0.723699
vt 0.884256 0.728769
vt 0.892779 0.732751
vt 0.893852 0.727726
vt 0.987004 0.865155
vt 0.994454 0.867791
vt 0.917597 0.740695
vt 0.914733 0.744293
vt 0.960517 0.812420
vt 0.965206 0.826122
vt 0.891248 0.950661
vt 0.883695 0.737583
vt 0.893049 0.740137
vt 0.971670 0.919388
vt 0.963968 0.930233
vt 0.972440 0.864236
vt 0.911835 0.757623
vt 0.935357 0.771535
vt 0.945942 0.945278
vt 0.980370 0.876831
vt 0.970424 0.891711
vt 0.955607 0.799009
vt 0.924882 0.947302
vt 0.964823 0.915836
vt 0.959327 0.926763
vt 0.955841 0.837334
vt 0.963971 0.863921
vt 0.908609 0.763889
vt 0.926540 0.783681
vt 0.941798 0.936926
vt 0.963979 0.878007
vt 0.962344 0.892548
vt 0.945753 0.812640
vt 0.923174 0.937069
vt 0.950123 0.825535
vt 0.887250 0.940454
vt 0.881948 0.747585
vt 0.892177 0.746968
vt 0.884298 0.931659
vt 0.884112 0.918028
vt 0.955128 0.922212
vt 0.952820 0.919860
vt 0.936716 0.926966
vt 0.938052 0.929528
vt 0.921589 0.925473
vt 0.921850 0.927517
vt 0.956697 0.910571
vt 0.954035 0.908851
vt 0.911190 0.920819
vt 0.910235 0.923785
vt 0.909818 0.948645
vt 0.907494 0.938138
vt 0.913875 0.967747
vt 0.919839 0.983986
vt 0.520751 0.484045
vt 0.520824 0.485663
vt 0.907696 0.770831
vt 0.923931 0.788871
vt 0.881097 0.753399
vt 0.892356 0.756006
vt 0.904987 0.773483
vt 0.902241 0.776172
vt 0.920160 0.799902
vt 0.921339 0.795796
vt 0.879727 0.756561
vt 0.878438 0.760156
vt 0.889076 0.762800
vt 0.890698 0.759471
vt 0.901467 0.778473
vt 0.917646 0.801197
vt 0.878008 0.763112
vt 0.888863 0.766276
vt 0.959569 0.875243
vt 0.955896 0.886501
vt 0.952956 0.854653
vt 0.955861 0.864472
vt 0.946440 0.830155
vt 0.941937 0.816767
vt 0.951245 0.909145
vt 0.949781 0.916698
vt 0.901815 0.908105
vt 0.900890 0.910887
vt 0.902889 0.910879
vt 0.903252 0.910052
vt 0.940095 0.895694
vt 0.929760 0.895384
vt 0.930279 0.898235
vt 0.940146 0.899238
vt 0.910329 0.888667
vt 0.896887 0.895246
vt 0.901109 0.899158
vt 0.912379 0.893329
vt 0.914547 0.898137
vt 0.915596 0.900426
vt 0.946144 0.896987
vt 0.946113 0.900293
vt 0.950893 0.906992
vt 0.952697 0.904993
vt 0.886122 0.914163
vt 0.873737 0.897138
vt 0.894072 0.916787
vt 0.908640 0.930722
vt 0.904841 0.902634
vt 0.898452 0.906706
vt 0.906314 0.904076
vt 0.892976 0.912325
vt 0.908030 0.907724
vt 0.917851 0.903715
vt 0.936755 0.923132
vt 0.931315 0.900192
vt 0.923542 0.921903
vt 0.913166 0.916003
vt 0.940506 0.901332
vt 0.945631 0.902766
vt 0.904051 0.912237
vt 0.902321 0.914706
vt 0.898640 0.911152
vt 0.947519 0.904179
vt 0.949665 0.901992
vt 0.950623 0.899439
vt 0.865482 0.888427
vt 0.860901 0.885384
vt 0.856483 0.881623
vt 0.852598 0.880146
vt 0.852023 0.877723
vt 0.852515 0.875499
vt 0.859450 0.867081
vt 0.872711 0.872139
vt 0.860681 0.862978
vt 0.862104 0.869545
vt 0.862000 0.853665
vt 0.862647 0.848751
vt 0.863518 0.844807
vt 0.867389 0.835404
vt 0.876817 0.771143
vt 0.887740 0.771875
vt 0.860503 0.876029
vt 0.871281 0.875707
vt 0.880120 0.888360
vt 0.877523 0.879648
vt 0.954391 0.902994
vt 0.952887 0.894106
vt 0.958324 0.898126
vt 0.960600 0.913436
vt 0.946250 0.890524
vt 0.894329 0.903584
vt 0.899808 0.915764
vt 0.939137 0.889196
vt 0.928544 0.889247
vt 0.922538 0.932081
vt 0.956896 0.924365
vt 0.939860 0.933025
vt 0.937402 0.882217
vt 0.927287 0.882846
vt 0.946075 0.884146
vt 0.888925 0.900628
vt 0.889896 0.846838
vt 0.908487 0.848248
vt 0.916990 0.843048
vt 0.897612 0.839944
vt 0.876632 0.847246
vt 0.883919 0.838315
vt 0.889807 0.850144
vt 0.908162 0.851824
vt 0.876150 0.850503
vt 0.892908 0.853801
vt 0.897520 0.859491
vt 0.912497 0.859244
vt 0.909492 0.854455
vt 0.878029 0.854714
vt 0.880325 0.859384
vt 0.882098 0.873330
vt 0.901000 0.863492
vt 0.915816 0.863415
vt 0.867417 0.852839
vt 0.867626 0.856505
vt 0.867914 0.845866
vt 0.867403 0.849341
vt 0.872508 0.836900
vt 0.861390 0.859248
vt 0.875597 0.868221
vt 0.924868 0.850576
vt 0.925643 0.848692
vt 0.932699 0.851076
vt 0.932956 0.848353
vt 0.938358 0.847542
vt 0.935258 0.845732
vt 0.929621 0.827047
vt 0.912829 0.804262
vt 0.925595 0.828269
vt 0.920338 0.855315
vt 0.920324 0.853043
vt 0.934160 0.856590
vt 0.933301 0.854785
vt 0.948278 0.849759
vt 0.941562 0.848357
vt 0.898775 0.783938
vt 0.939379 0.840965
vt 0.937360 0.842114
vt 0.932842 0.823305
vt 0.934261 0.843328
vt 0.935521 0.821994
vt 0.941330 0.837532
vt 0.887831 0.882103
vt 0.904045 0.876198
vt 0.922507 0.874905
vt 0.936420 0.861042
vt 0.939436 0.866132
vt 0.943916 0.873512
vt 0.934551 0.875729
vt 0.927646 0.868322
vt 0.922322 0.860115
vt 0.893790 0.727171
vt 0.917701 0.740208
vt 0.995418 0.868393
vt 0.995653 0.882680
vt 0.885365 0.723162
vt 0.938902 0.992615
vt 0.920435 0.985621
vt 0.904702 0.979727
vt 0.942180 0.754979
vt 0.988020 0.808446
vt 0.994693 0.896867
vt 0.991157 0.935919
vt 0.985078 0.959835
vt 0.965356 0.978696
vt 0.977628 0.790250
vt 0.966872 0.773247
vt 0.418261 0.411404
vt 0.406939 0.416325
vt 0.372409 0.319893
vt 0.392504 0.334990
vt 0.422669 0.398857
vt 0.396417 0.424136
vt 0.377127 0.449115
vt 0.407848 0.351171
vt 0.418239 0.362657
vt 0.422829 0.377556
vt 0.359385 0.339039
vt 0.340954 0.369554
vt 0.344090 0.372722
vt 0.370656 0.350552
vt 0.383826 0.393984
vt 0.345867 0.390571
vt 0.346181 0.393975
vt 0.382720 0.402492
vt 0.372411 0.414100
vt 0.345504 0.399741
vt 0.342212 0.405000
vt 0.363081 0.433208
vt 0.377326 0.362015
vt 0.345685 0.377111
vt 0.345925 0.380699
vt 0.381639 0.370307
vt 0.383340 0.380105
vt 0.345830 0.384767
vt 0.377104 0.407431
vt 0.346205 0.396505
vt 0.694161 0.914848
vt 0.667844 0.922769
vt 0.670857 0.932113
vt 0.695717 0.919305
vt 0.670222 0.953647
vt 0.650294 0.949351
vt 0.650588 0.966337
vt 0.669219 0.971852
vt 0.665178 0.979787
vt 0.686848 0.990040
vt 0.690407 0.986799
vt 0.412946 0.802867
vt 0.410144 0.821087
vt 0.416005 0.822083
vt 0.418317 0.803254
vt 0.374165 0.800876
vt 0.406956 0.802170
vt 0.404541 0.785734
vt 0.376048 0.780141
vt 0.686801 0.940877
vt 0.700308 0.930087
vt 0.433012 0.804907
vt 0.434155 0.793642
vt 0.418009 0.786656
vt 0.686119 0.953807
vt 0.696004 0.976686
vt 0.686233 0.966715
vt 0.706905 0.954639
vt 0.707434 0.948987
vt 0.709249 0.967069
vt 0.706541 0.960124
vt 0.710464 0.942185
vt 0.454013 0.808107
vt 0.454797 0.800993
vt 0.722667 0.960025
vt 0.722238 0.957113
vt 0.722921 0.951582
vt 0.723221 0.948704
vt 0.472773 0.811058
vt 0.473168 0.806727
vt 0.722561 0.954312
vt 0.480218 0.812612
vt 0.482019 0.810256
vt 0.730192 0.954112
vt 0.730357 0.952859
vt 0.730132 0.956482
vt 0.730037 0.955392
vt 0.730389 0.951776
vt 0.483563 0.812675
vt 0.483867 0.810516
vt 0.652643 0.924974
vt 0.649921 0.933886
vt 0.650824 0.974312
vt 0.650107 0.981497
vt 0.659887 0.984846
vt 0.361301 0.801664
vt 0.360528 0.819464
vt 0.372613 0.821665
vt 0.641481 0.948820
vt 0.636405 0.964838
vt 0.640941 0.913659
vt 0.632798 0.930644
vt 0.639592 0.978673
vt 0.638737 0.987861
vt 0.340801 0.802251
vt 0.340041 0.817185
vt 0.301764 0.878490
vt 0.301993 0.873715
vt 0.294883 0.873291
vt 0.292911 0.878260
vt 0.320804 0.799148
vt 0.311134 0.797668
vt 0.311193 0.808293
vt 0.316540 0.810587
vt 0.630146 0.974173
vt 0.627664 0.983026
vt 0.306062 0.854814
vt 0.304672 0.859310
vt 0.313345 0.862309
vt 0.315943 0.854951
vt 0.303149 0.866461
vt 0.310769 0.873874
vt 0.311605 0.868117
vt 0.296136 0.865157
vt 0.297491 0.852597
vt 0.297960 0.857194
vt 0.310656 0.880984
vt 0.654361 0.917178
vt 0.645435 0.905537
vt 0.663395 0.916392
vt 0.402546 0.820157
vt 0.681930 0.992911
vt 0.688601 0.911178
vt 0.637825 0.897552
vt 0.632519 0.904382
vt 0.630699 0.913416
vt 0.325126 0.799808
vt 0.324583 0.813256
vt 0.628301 0.991406
vt 0.311740 0.888727
vt 0.301492 0.885370
vt 0.298102 0.846156
vt 0.307405 0.848331
vt 0.317885 0.846825
vt 0.291941 0.884770
vt 0.318443 0.885957
vt 0.318083 0.879981
vt 0.629816 0.956019
vt 0.626104 0.969490
vt 0.319756 0.869374
vt 0.321301 0.864240
vt 0.322994 0.858220
vt 0.324379 0.849778
vt 0.623356 0.914573
vt 0.626118 0.930570
vt 0.630530 0.945320
vt 0.318654 0.874294
vt 0.327777 0.782623
vt 0.319459 0.783546
vt 0.343697 0.783578
vt 0.411444 0.786732
vt 0.314221 0.787590
vt 0.362187 0.783868
vt 0.481383 0.814173
vt 0.483044 0.814617
vt 0.472819 0.814546
vt 0.454185 0.813839
vt 0.432415 0.818688
vt 0.328810 0.868710
vt 0.381213 0.867155
vt 0.380767 0.860090
vt 0.329901 0.864209
vt 0.330636 0.858901
vt 0.380187 0.852944
vt 0.380213 0.846457
vt 0.330879 0.853494
vt 0.621757 0.952391
vt 0.564499 0.950560
vt 0.567900 0.959170
vt 0.620028 0.965696
vt 0.326581 0.878268
vt 0.380301 0.881791
vt 0.380840 0.871766
vt 0.327546 0.872806
vt 0.617356 0.919223
vt 0.567237 0.925239
vt 0.563613 0.931670
vt 0.616419 0.929552
vt 0.620699 0.943334
vt 0.563958 0.941317
vt 0.326211 0.883666
vt 0.380779 0.888636
vt 0.518309 0.940798
vt 0.518840 0.952775
vt 0.432269 0.854737
vt 0.431817 0.844578
vt 0.431909 0.895796
vt 0.432069 0.885224
vt 0.432205 0.870881
vt 0.432344 0.864382
vt 0.517632 0.927458
vt 0.431124 0.834625
vt 0.518773 0.965325
vt 0.517493 0.917161
vt 0.464471 0.855530
vt 0.464784 0.846599
vt 0.465723 0.889501
vt 0.465385 0.881264
vt 0.463155 0.869158
vt 0.463049 0.863881
vt 0.486074 0.930073
vt 0.489605 0.938466
vt 0.464646 0.838746
vt 0.484762 0.951055
vt 0.484972 0.961603
vt 0.484755 0.920371
vt 0.470157 0.869543
vt 0.469818 0.862074
vt 0.469739 0.927122
vt 0.469424 0.941176
vt 0.470926 0.846479
vt 0.470610 0.837900
vt 0.470425 0.953014
vt 0.477337 0.961813
vt 0.470838 0.850511
vt 0.473051 0.881270
vt 0.479064 0.920114
vt 0.473205 0.890309
vt 0.486737 0.845738
vt 0.486086 0.837852
vt 0.464132 0.950258
vt 0.463614 0.960795
vt 0.488580 0.862734
vt 0.487592 0.854353
vt 0.487293 0.880474
vt 0.488475 0.868315
vt 0.464619 0.919074
vt 0.463952 0.927220
vt 0.464740 0.939664
vt 0.486934 0.888864
vt 0.380213 0.955244
vt 0.350247 0.956133
vt 0.351403 0.973201
vt 0.381780 0.971250
vt 0.579282 0.862806
vt 0.613562 0.862372
vt 0.615216 0.846932
vt 0.580229 0.848555
vt 0.572055 0.891698
vt 0.605204 0.893813
vt 0.610773 0.872165
vt 0.577033 0.871953
vt 0.374477 0.906661
vt 0.341059 0.904174
vt 0.341015 0.918912
vt 0.373512 0.920953
vt 0.377097 0.939909
vt 0.346101 0.939218
vt 0.614652 0.831166
vt 0.579342 0.833725
vt 0.568874 0.905550
vt 0.601832 0.908536
vt 0.612875 0.816927
vt 0.577387 0.820170
vt 0.861952 0.163252
vt 0.871167 0.176852
vt 0.889601 0.144607
vt 0.878913 0.135179
vt 0.799821 0.177269
vt 0.800386 0.189438
vt 0.851475 0.185244
vt 0.843176 0.173266
vt 0.275751 0.661713
vt 0.265912 0.654231
vt 0.248662 0.673007
vt 0.252965 0.679288
vt 0.252191 0.721388
vt 0.242018 0.723353
vt 0.245818 0.755367
vt 0.256692 0.757270
vt 0.900157 0.104543
vt 0.887487 0.102690
vt 0.768600 0.177254
vt 0.761722 0.190629
vt 0.901831 0.066931
vt 0.888192 0.071886
vt 0.264032 0.797239
vt 0.275751 0.789089
vt 0.809159 0.206216
vt 0.863652 0.194348
vt 0.269313 0.635170
vt 0.233454 0.657747
vt 0.225792 0.716717
vt 0.229088 0.756227
vt 0.904517 0.153812
vt 0.920361 0.107920
vt 0.758553 0.209396
vt 0.886572 0.181409
vt 0.917555 0.082312
vt 0.247478 0.806260
vt 0.230806 0.611564
vt 0.199518 0.630266
vt 0.205141 0.707971
vt 0.214479 0.759137
vt 0.923240 0.187366
vt 0.938673 0.111575
vt 0.755656 0.231276
vt 0.820479 0.224278
vt 0.872306 0.213270
vt 0.906132 0.199578
vt 0.345553 0.673891
vt 0.331369 0.659401
vt 0.320771 0.680795
vt 0.336665 0.688518
vt 0.972107 0.075893
vt 0.228958 0.815040
vt 0.885540 0.248727
vt 0.922314 0.233598
vt 0.230104 0.638186
vt 0.161301 0.649760
vt 0.167777 0.714391
vt 0.827908 0.262661
vt 0.760493 0.280391
vt 0.177665 0.766817
vt 0.181247 0.827146
vt 0.941954 0.225664
vt 0.784326 0.327412
vt 0.848685 0.298477
vt 0.897773 0.276818
vt 0.932106 0.270975
vt 0.956523 0.267133
vt 0.136750 0.762759
vt 0.128959 0.819574
vt 0.147290 0.712241
vt 0.132725 0.660155
vt 0.974778 0.316381
vt 0.876190 0.345955
vt 0.916082 0.325099
vt 0.081336 0.755179
vt 0.064614 0.790021
vt 0.101986 0.707582
vt 0.095974 0.678385
vt 0.843032 0.375268
vt 0.951865 0.319942
vt 0.979135 0.333231
vt 0.981433 0.338114
vt 0.892029 0.363198
vt 0.894728 0.372155
vt 0.923382 0.352103
vt 0.921538 0.342678
vt 0.058188 0.747158
vt 0.048963 0.746420
vt 0.037083 0.775961
vt 0.045924 0.780843
vt 0.062422 0.716032
vt 0.053120 0.715204
vt 0.059516 0.693538
vt 0.045892 0.692090
vt 0.859941 0.388550
vt 0.869035 0.393866
vt 0.958432 0.339305
vt 0.955084 0.334718
vt 0.320797 0.434090
vt 0.323687 0.453337
vt 0.337829 0.452320
vt 0.334680 0.433618
vt 0.306777 0.436130
vt 0.310695 0.454803
vt 0.296055 0.437538
vt 0.296113 0.457718
vt 0.502004 0.752659
vt 0.484244 0.747314
vt 0.479984 0.752878
vt 0.493381 0.763496
vt 0.484781 0.774505
vt 0.472859 0.761960
vt 0.460975 0.774950
vt 0.474279 0.786895
vt 0.467079 0.792902
vt 0.455014 0.781647
vt 0.452642 0.784168
vt 0.465012 0.795049
vt 0.302816 0.502159
vt 0.315904 0.502954
vt 0.456229 0.724579
vt 0.451376 0.729611
vt 0.441215 0.738293
vt 0.432111 0.751307
vt 0.427038 0.758239
vt 0.425279 0.760586
vt 0.330822 0.492319
vt 0.344941 0.489207
vt 0.306937 0.512661
vt 0.316416 0.514832
vt 0.440080 0.697491
vt 0.433592 0.703595
vt 0.419181 0.718213
vt 0.409055 0.731802
vt 0.403453 0.739280
vt 0.401514 0.741854
vt 0.333718 0.529946
vt 0.349227 0.521921
vt 0.399057 0.695035
vt 0.386244 0.711378
vt 0.379738 0.719784
vt 0.377489 0.722700
vt 0.409037 0.672128
vt 0.346054 0.562132
vt 0.361427 0.561509
vt 0.324064 0.547832
vt 0.307536 0.543214
vt 0.415629 0.665178
vt 0.369633 0.711362
vt 0.367059 0.714706
vt 0.392289 0.660019
vt 0.391384 0.684069
vt 0.353890 0.586697
vt 0.365330 0.581126
vt 0.320462 0.558268
vt 0.306835 0.553057
vt 0.402455 0.650547
vt 0.377157 0.701819
vt 0.313097 0.584328
vt 0.318024 0.607242
vt 0.337344 0.601982
vt 0.330056 0.581263
vt 0.358246 0.618706
vt 0.354799 0.603704
vt 0.351593 0.698528
vt 0.334268 0.693600
vt 0.349029 0.702180
vt 0.379144 0.651461
vt 0.368804 0.639253
vt 0.363715 0.657575
vt 0.375840 0.669858
vt 0.359459 0.687883
vt 0.733221 0.874088
vt 0.731381 0.865636
vt 0.712219 0.878111
vt 0.713273 0.886178
vt 0.655926 0.852982
vt 0.659023 0.845463
vt 0.643248 0.837822
vt 0.640212 0.844439
vt 0.762969 0.846497
vt 0.760376 0.840115
vt 0.745674 0.852587
vt 0.749359 0.860535
vt 0.670304 0.868165
vt 0.672299 0.859950
vt 0.684551 0.882316
vt 0.686122 0.874690
vt 0.697737 0.886421
vt 0.698704 0.878675
vt 0.332466 0.625766
vt 0.937370 0.096936
vt 0.268739 0.612803
vt 0.289385 0.610225
vt 0.301347 0.630213
vt 0.298137 0.609910
vt 0.285528 0.553069
vt 0.286959 0.586870
vt 0.295226 0.586322
vt 0.292345 0.553032
vt 0.286408 0.542913
vt 0.292801 0.542944
vt 0.286835 0.511919
vt 0.293029 0.512996
vt 0.285614 0.504782
vt 0.290902 0.503541
vt 0.274663 0.460929
vt 0.286731 0.458577
vt 0.271812 0.440974
vt 0.289322 0.438881
vt 0.052945 0.678320
vt 0.060482 0.677341
vt 0.158145 0.634325
vt 0.113881 0.660756
vt 0.323309 0.663863
vt 0.316094 0.683353
vt 0.307954 0.637963
vt 0.297370 0.634729
vt 0.302766 0.642127
vt 0.316404 0.646091
vt 0.309956 0.650235
vt 0.320917 0.631758
vt 0.362658 0.628888
vt 0.293897 0.644847
vt 0.310814 0.679668
vt 0.297417 0.649911
vt 0.299344 0.655744
vt 0.307029 0.666623
vt 0.713287 0.804847
vt 0.703100 0.804669
vt 0.692913 0.803518
vt 0.678319 0.799532
vt 0.666217 0.795218
vt 0.655560 0.793452
vt 0.729653 0.801681
vt 0.740732 0.798420
vt 0.751374 0.796507
vt 0.679469 0.792669
vt 0.667310 0.788419
vt 0.693848 0.796396
vt 0.655973 0.782804
vt 0.712956 0.797721
vt 0.703333 0.797796
vt 0.728935 0.794738
vt 0.739984 0.791708
vt 0.751591 0.786224
vt 0.704369 0.772038
vt 0.695921 0.770775
vt 0.683495 0.766571
vt 0.670392 0.760537
vt 0.658984 0.757519
vt 0.712956 0.771819
vt 0.726821 0.768453
vt 0.737705 0.765443
vt 0.750251 0.761255
vt 0.724861 0.745736
vt 0.714070 0.747145
vt 0.735126 0.741960
vt 0.746689 0.737588
vt 0.705278 0.747922
vt 0.696600 0.747029
vt 0.687432 0.744094
vt 0.674992 0.737174
vt 0.664369 0.734043
vt 0.713037 0.686316
vt 0.712875 0.678119
vt 0.708055 0.678316
vt 0.707711 0.686597
vt 0.695357 0.682430
vt 0.696494 0.674181
vt 0.693397 0.672592
vt 0.691910 0.680582
vt 0.705166 0.686153
vt 0.705774 0.677878
vt 0.703493 0.677440
vt 0.702620 0.685709
vt 0.717278 0.684963
vt 0.716930 0.676704
vt 0.690301 0.671002
vt 0.688464 0.678734
vt 0.097812 0.665376
vt 0.700745 0.703478
vt 0.692915 0.700156
vt 0.684515 0.695351
vt 0.706971 0.704394
vt 0.737615 0.695448
vt 0.730033 0.698285
vt 0.722667 0.701487
vt 0.713386 0.703934
vt 0.677366 0.692878
vt 0.714390 0.894282
vt 0.696783 0.894486
vt 0.682988 0.890279
vt 0.752538 0.867911
vt 0.734913 0.882250
vt 0.668549 0.876407
vt 0.652984 0.860362
vt 0.766651 0.852815
vt 0.637020 0.851042
vt 0.511441 0.800568
vt 0.507946 0.808637
vt 0.515492 0.804122
vt 0.517079 0.797062
vt 0.581543 0.685406
vt 0.571583 0.684812
vt 0.579474 0.690533
vt 0.585666 0.689988
vt 0.564215 0.667823
vt 0.573506 0.665784
vt 0.571999 0.660892
vt 0.562994 0.664775
vt 0.515776 0.816488
vt 0.523468 0.810934
vt 0.518905 0.807611
vt 0.512693 0.813080
vt 0.501288 0.804248
vt 0.506524 0.796942
vt 0.504078 0.795192
vt 0.500427 0.803828
vt 0.521483 0.756283
vt 0.517903 0.743912
vt 0.515751 0.744421
vt 0.518358 0.756661
vt 0.593506 0.722070
vt 0.593120 0.732373
vt 0.594568 0.732445
vt 0.595481 0.722316
vt 0.525498 0.752156
vt 0.522570 0.742499
vt 0.519940 0.743250
vt 0.524219 0.755154
vt 0.596938 0.732621
vt 0.597800 0.724943
vt 0.591411 0.722366
vt 0.591625 0.732355
vt 0.588110 0.723121
vt 0.588984 0.732461
vt 0.513435 0.745019
vt 0.516006 0.756816
vt 0.514265 0.738636
vt 0.512789 0.732583
vt 0.510722 0.732976
vt 0.512059 0.739179
vt 0.516290 0.738156
vt 0.514648 0.732198
vt 0.592996 0.737074
vt 0.592880 0.741760
vt 0.594013 0.741895
vt 0.594326 0.737151
vt 0.520673 0.736760
vt 0.518622 0.730701
vt 0.516385 0.731536
vt 0.518220 0.737517
vt 0.596020 0.742389
vt 0.596550 0.737388
vt 0.591613 0.737060
vt 0.591693 0.741766
vt 0.589137 0.737219
vt 0.589460 0.742211
vt 0.592025 0.744866
vt 0.592385 0.745819
vt 0.592758 0.745757
vt 0.592807 0.744807
vt 0.590667 0.745828
vt 0.591879 0.746395
vt 0.512493 0.728467
vt 0.512709 0.727102
vt 0.512065 0.726709
vt 0.510822 0.728043
vt 0.513671 0.728353
vt 0.513317 0.727086
vt 0.593108 0.745863
vt 0.593533 0.744989
vt 0.515980 0.726413
vt 0.514205 0.726027
vt 0.513828 0.726789
vt 0.514645 0.727813
vt 0.593523 0.746384
vt 0.594706 0.745971
vt 0.513078 0.726105
vt 0.592737 0.746498
vt 0.552421 0.800687
vt 0.560163 0.804495
vt 0.561690 0.802589
vt 0.552945 0.797752
vt 0.599900 0.670704
vt 0.607888 0.668373
vt 0.607296 0.666733
vt 0.599264 0.668444
vt 0.598794 0.664873
vt 0.606576 0.664198
vt 0.606450 0.661066
vt 0.598773 0.660940
vt 0.606591 0.659038
vt 0.599061 0.658627
vt 0.558807 0.788906
vt 0.567386 0.794968
vt 0.568630 0.793172
vt 0.561003 0.787434
vt 0.555044 0.792274
vt 0.564259 0.798744
vt 0.565992 0.803024
vt 0.568417 0.805402
vt 0.569847 0.803285
vt 0.567420 0.801381
vt 0.563868 0.805358
vt 0.567356 0.806893
vt 0.611827 0.668539
vt 0.616241 0.668148
vt 0.615177 0.666126
vt 0.610986 0.666714
vt 0.609993 0.663586
vt 0.614004 0.662888
vt 0.614027 0.659851
vt 0.609946 0.660231
vt 0.614390 0.657332
vt 0.610257 0.657939
vt 0.568872 0.799202
vt 0.572153 0.800724
vt 0.573134 0.799741
vt 0.570726 0.796662
vt 0.573665 0.803376
vt 0.574058 0.804956
vt 0.575522 0.805437
vt 0.575632 0.803424
vt 0.571899 0.804936
vt 0.573080 0.805801
vt 0.571125 0.806417
vt 0.572626 0.806613
vt 0.571613 0.808438
vt 0.573533 0.807887
vt 0.620351 0.665400
vt 0.621138 0.663394
vt 0.620199 0.663038
vt 0.619210 0.664275
vt 0.619470 0.662078
vt 0.619843 0.661882
vt 0.619691 0.660796
vt 0.618341 0.660243
vt 0.620504 0.660070
vt 0.619118 0.658458
vt 0.574752 0.806861
vt 0.621117 0.661664
vt 0.618455 0.662213
vt 0.618697 0.663981
vt 0.615440 0.665422
vt 0.589674 0.661380
vt 0.590801 0.666113
vt 0.592188 0.669860
vt 0.579536 0.660645
vt 0.581539 0.665870
vt 0.584286 0.669659
vt 0.573866 0.672497
vt 0.582184 0.673483
vt 0.545129 0.796064
vt 0.532871 0.797932
vt 0.532922 0.807415
vt 0.543884 0.802015
vt 0.578549 0.655773
vt 0.568416 0.656626
vt 0.561406 0.662105
vt 0.591132 0.656086
vt 0.562593 0.782310
vt 0.558335 0.782462
vt 0.550905 0.788730
vt 0.594310 0.672582
vt 0.574233 0.676898
vt 0.582066 0.677502
vt 0.565596 0.676565
vt 0.565231 0.673394
vt 0.511889 0.793090
vt 0.504908 0.788227
vt 0.517756 0.796169
vt 0.514993 0.796212
vt 0.517659 0.782634
vt 0.510222 0.776285
vt 0.582132 0.683835
vt 0.596606 0.687325
vt 0.596885 0.684186
vt 0.586482 0.682887
vt 0.580419 0.696660
vt 0.588428 0.702188
vt 0.591242 0.699427
vt 0.578118 0.692187
vt 0.519871 0.785707
vt 0.592801 0.697284
vt 0.595450 0.693486
vt 0.526474 0.802218
vt 0.594766 0.675453
vt 0.552186 0.771446
vt 0.553113 0.766691
vt 0.549247 0.765158
vt 0.545576 0.774469
vt 0.540243 0.785267
vt 0.541663 0.775415
vt 0.550811 0.761954
vt 0.544925 0.760865
vt 0.545288 0.764762
vt 0.558218 0.780006
vt 0.550319 0.785360
vt 0.582216 0.679426
vt 0.596713 0.680792
vt 0.565322 0.679812
vt 0.573160 0.680814
vt 0.560527 0.780733
vt 0.523001 0.799487
vt 0.534333 0.790784
vt 0.530359 0.787617
vt 0.524690 0.800429
vt 0.528601 0.771716
vt 0.529347 0.764196
vt 0.523193 0.764758
vt 0.523237 0.772186
vt 0.519588 0.770186
vt 0.517759 0.761167
vt 0.514593 0.760431
vt 0.513459 0.766864
vt 0.605602 0.689342
vt 0.612119 0.689578
vt 0.611451 0.685901
vt 0.605785 0.685978
vt 0.556997 0.771183
vt 0.558309 0.767353
vt 0.555103 0.767040
vt 0.556262 0.771336
vt 0.540466 0.764803
vt 0.537757 0.776110
vt 0.601448 0.701532
vt 0.607306 0.703718
vt 0.609074 0.698519
vt 0.604213 0.696666
vt 0.597044 0.707263
vt 0.602477 0.711139
vt 0.606779 0.707321
vt 0.599703 0.703871
vt 0.605185 0.682326
vt 0.610663 0.682567
vt 0.608451 0.676006
vt 0.603807 0.676268
vt 0.589068 0.712884
vt 0.592850 0.718087
vt 0.597107 0.716765
vt 0.591409 0.711226
vt 0.575123 0.700634
vt 0.581549 0.706656
vt 0.583374 0.705797
vt 0.572912 0.697161
vt 0.560169 0.689030
vt 0.562426 0.697419
vt 0.565058 0.695146
vt 0.569495 0.699835
vt 0.568320 0.700286
vt 0.577470 0.708948
vt 0.579212 0.708091
vt 0.584391 0.715251
vt 0.587568 0.720165
vt 0.590608 0.719026
vt 0.586662 0.713996
vt 0.598849 0.722580
vt 0.524570 0.758091
vt 0.527023 0.755238
vt 0.588973 0.734739
vt 0.591618 0.734603
vt 0.593079 0.734625
vt 0.519154 0.740487
vt 0.517154 0.741168
vt 0.594484 0.734705
vt 0.596856 0.734914
vt 0.521774 0.739741
vt 0.515036 0.741647
vt 0.512703 0.742265
vt 0.532984 0.754293
vt 0.531146 0.741044
vt 0.529393 0.741218
vt 0.529911 0.754291
vt 0.606672 0.717162
vt 0.612976 0.727370
vt 0.614696 0.726441
vt 0.609274 0.716299
vt 0.538177 0.751042
vt 0.535141 0.740970
vt 0.532824 0.740682
vt 0.535880 0.753372
vt 0.618207 0.724797
vt 0.614491 0.715701
vt 0.605123 0.719559
vt 0.611265 0.728477
vt 0.601100 0.724009
vt 0.607998 0.731084
vt 0.527499 0.742136
vt 0.527847 0.753280
vt 0.528703 0.735878
vt 0.527441 0.728283
vt 0.525410 0.728530
vt 0.526765 0.735489
vt 0.530352 0.735673
vt 0.529288 0.728096
vt 0.616140 0.732636
vt 0.619430 0.738000
vt 0.620710 0.737400
vt 0.617602 0.731875
vt 0.533944 0.734431
vt 0.533357 0.727316
vt 0.531058 0.727694
vt 0.531947 0.735377
vt 0.623071 0.736700
vt 0.620889 0.730530
vt 0.614715 0.733569
vt 0.618205 0.738817
vt 0.611828 0.736047
vt 0.616320 0.740781
vt 0.620875 0.742163
vt 0.621873 0.742909
vt 0.622204 0.742613
vt 0.621622 0.741604
vt 0.620116 0.743956
vt 0.621730 0.743796
vt 0.527511 0.723646
vt 0.527932 0.722240
vt 0.527304 0.721735
vt 0.525924 0.723132
vt 0.528738 0.723687
vt 0.528555 0.722309
vt 0.622617 0.742495
vt 0.622463 0.741319
vt 0.531378 0.722079
vt 0.529617 0.721370
vt 0.529116 0.722079
vt 0.529811 0.723273
vt 0.623359 0.742741
vt 0.624253 0.741513
vt 0.528456 0.721261
vt 0.622656 0.743365
vt 0.609741 0.733515
vt 0.612966 0.730960
vt 0.614555 0.729956
vt 0.532435 0.738142
vt 0.530782 0.738490
vt 0.616146 0.729097
vt 0.619609 0.727496
vt 0.534652 0.737850
vt 0.529055 0.738664
vt 0.527101 0.738977
vt 0.599106 0.714376
vt 0.593744 0.709799
vt 0.585734 0.704282
vt 0.574633 0.695891
vt 0.569047 0.690666
vt 0.562803 0.686199
vt 0.534640 0.776459
vt 0.536470 0.764430
vt 0.533544 0.763833
vt 0.532034 0.772051
vt 0.522731 0.787406
vt 0.519924 0.797844
vt 0.525981 0.788109
vt 0.518264 0.806860
vt 0.511799 0.812109
vt 0.599285 0.722767
vt 0.527488 0.755219
vt 0.528202 0.758819
vt 0.533073 0.757955
vt 0.614511 0.662824
vt 0.614512 0.660405
vt 0.618006 0.660645
vt 0.547074 0.756819
vt 0.553196 0.747541
vt 0.551997 0.746706
vt 0.545017 0.755241
vt 0.618164 0.702377
vt 0.630862 0.707798
vt 0.631902 0.705827
vt 0.620492 0.699519
vt 0.552256 0.757566
vt 0.555745 0.749642
vt 0.554445 0.748215
vt 0.549690 0.757740
vt 0.634218 0.702157
vt 0.625671 0.695398
vt 0.617561 0.705620
vt 0.629966 0.709933
vt 0.617457 0.712850
vt 0.628667 0.714430
vt 0.550304 0.746250
vt 0.544393 0.753253
vt 0.554450 0.742977
vt 0.557760 0.737532
vt 0.556353 0.736591
vt 0.553445 0.741686
vt 0.555595 0.743739
vt 0.559018 0.738413
vt 0.637134 0.710718
vt 0.643542 0.713627
vt 0.644350 0.712270
vt 0.638014 0.709100
vt 0.558517 0.744898
vt 0.561990 0.740120
vt 0.560345 0.739116
vt 0.556755 0.744414
vt 0.646096 0.710144
vt 0.640224 0.705809
vt 0.636400 0.712475
vt 0.642919 0.715152
vt 0.635292 0.716573
vt 0.642404 0.718150
vt 0.647493 0.716577
vt 0.648885 0.716641
vt 0.649005 0.716160
vt 0.647833 0.715591
vt 0.647916 0.718717
vt 0.649311 0.717554
vt 0.560307 0.734663
vt 0.561330 0.734009
vt 0.561209 0.733353
vt 0.559589 0.733484
vt 0.561054 0.735351
vt 0.561683 0.734389
vt 0.649314 0.715791
vt 0.648432 0.714799
vt 0.563577 0.735769
vt 0.562856 0.734373
vt 0.562159 0.734547
vt 0.561950 0.735671
vt 0.650155 0.715552
vt 0.650210 0.713854
vt 0.562187 0.733678
vt 0.649897 0.716571
vt 0.631787 0.715549
vt 0.633135 0.711157
vt 0.633980 0.709222
vt 0.555569 0.746411
vt 0.554345 0.745738
vt 0.634925 0.707425
vt 0.637162 0.703800
vt 0.557118 0.747423
vt 0.553166 0.744915
vt 0.551770 0.744054
vt 0.612526 0.691408
vt 0.613357 0.712179
vt 0.541919 0.752646
vt 0.540893 0.758157
vt 0.557434 0.761174
vt 0.563907 0.752265
vt 0.562759 0.751343
vt 0.555440 0.759681
vt 0.618550 0.682268
vt 0.629943 0.673645
vt 0.628556 0.671484
vt 0.616724 0.679401
vt 0.560644 0.762257
vt 0.566169 0.754792
vt 0.565078 0.753110
vt 0.559144 0.762031
vt 0.625930 0.666961
vt 0.614540 0.673013
vt 0.621172 0.684292
vt 0.631518 0.675783
vt 0.626289 0.689150
vt 0.635277 0.679845
vt 0.561066 0.750811
vt 0.554951 0.758306
vt 0.565553 0.747918
vt 0.569428 0.742775
vt 0.568041 0.741625
vt 0.564592 0.746480
vt 0.566694 0.748831
vt 0.570667 0.743829
vt 0.636191 0.669124
vt 0.642633 0.664506
vt 0.641733 0.662864
vt 0.635059 0.667262
vt 0.569645 0.750400
vt 0.573641 0.745928
vt 0.571996 0.744705
vt 0.567850 0.749670
vt 0.640626 0.659780
vt 0.632981 0.663009
vt 0.637538 0.670930
vt 0.643825 0.666050
vt 0.641116 0.674496
vt 0.646622 0.668338
vt 0.647763 0.662363
vt 0.648647 0.661005
vt 0.648227 0.660595
vt 0.646960 0.661430
vt 0.650210 0.663182
vt 0.649830 0.661111
vt 0.572296 0.740179
vt 0.573423 0.739600
vt 0.573365 0.738894
vt 0.571668 0.738853
vt 0.573013 0.740979
vt 0.573759 0.740036
vt 0.648036 0.660059
vt 0.646515 0.660345
vt 0.575632 0.741663
vt 0.575000 0.740137
vt 0.574245 0.740253
vt 0.573922 0.741404
vt 0.648302 0.659060
vt 0.646643 0.657969
vt 0.574361 0.739338
vt 0.649176 0.659936
vt 0.638145 0.677392
vt 0.634441 0.673390
vt 0.632987 0.671380
vt 0.566434 0.751522
vt 0.565237 0.750685
vt 0.631712 0.669359
vt 0.629238 0.664896
vt 0.567937 0.752791
vt 0.564076 0.749728
vt 0.562677 0.748710
vt 0.623775 0.692632
vt 0.552419 0.760033
vt 0.552773 0.762774
vt 0.564643 0.682438
vt 0.613021 0.712367
vt 0.536906 0.757719
vt 0.541619 0.752519
vt 0.605188 0.691071
vt 0.596198 0.689114
vt 0.623776 0.692887
vt 0.552242 0.759986
vt 0.185970 0.534519
vt 0.186792 0.580703
vt 0.183534 0.502413
vt 0.216355 0.531643
vt 0.185970 0.534519
vt 0.186792 0.580703
vt 0.223619 0.577218
vt 0.209657 0.499940
vt 0.183534 0.502413
vt 0.209657 0.499940
vt 0.183534 0.502413
vt 0.216355 0.531643
vt 0.223619 0.577218
vt 0.216355 0.531643
vt 0.185970 0.534519
vt 0.186792 0.580703
vt 0.223619 0.577218
vt 0.209657 0.499940
vt 0.183534 0.502413
vt 0.216355 0.531643
vt 0.185970 0.534519
vt 0.186792 0.580703
vt 0.223619 0.577218
vt 0.209657 0.499940
vt 0.183534 0.502413
vt 0.216355 0.531643
vt 0.185970 0.534519
vt 0.186792 0.580703
vt 0.223619 0.577218
vt 0.209657 0.499940
vt 0.183534 0.502413
vt 0.023645 0.367393
vt 0.065244 0.408843
vt 0.065866 0.408016
vt 0.025173 0.365305
vt 0.039150 0.017215
vt 0.068417 0.068175
vt 0.069230 0.067534
vt 0.041091 0.015645
vt 0.044199 0.482386
vt 0.069505 0.428725
vt 0.068587 0.428249
vt 0.042087 0.481223
vt 0.044071 0.351691
vt 0.069168 0.405587
vt 0.070143 0.405254
vt 0.048757 0.350257
vt 0.009967 0.048996
vt 0.063788 0.073519
vt 0.064251 0.072599
vt 0.011122 0.046830
vt 0.057573 0.348234
vt 0.071144 0.405025
vt 0.072136 0.404792
vt 0.064001 0.346743
vt 0.076745 0.007613
vt 0.075109 0.066015
vt 0.076128 0.066048
vt 0.083343 0.007842
vt 0.032633 0.359652
vt 0.067463 0.406734
vt 0.068287 0.406125
vt 0.039885 0.354293
vt 0.049680 0.012169
vt 0.071107 0.066711
vt 0.072061 0.066336
vt 0.058079 0.008874
vt 0.067700 0.007278
vt 0.074081 0.065977
vt 0.073052 0.066045
vt 0.062800 0.007447
vt 0.027047 0.363729
vt 0.066637 0.407337
vt 0.043223 0.014658
vt 0.070152 0.067079
vt 0.073129 0.404510
vt 0.066505 0.345999
vt 0.077161 0.066031
vt 0.085927 0.007769
vt 0.108242 0.014337
vt 0.081099 0.067148
vt 0.081959 0.067713
vt 0.112244 0.017155
vt 0.003869 0.405599
vt 0.062185 0.415210
vt 0.062390 0.414201
vt 0.004397 0.403308
vt 0.119240 0.022871
vt 0.082754 0.068363
vt 0.083546 0.069003
vt 0.124353 0.027028
vt 0.159647 0.065125
vt 0.218534 0.074860
vt 0.218811 0.073863
vt 0.161113 0.060429
vt 0.094956 0.010191
vt 0.079150 0.066506
vt 0.080135 0.066783
vt 0.103626 0.012629
vt 0.275311 0.133396
vt 0.239521 0.086406
vt 0.238698 0.087027
vt 0.269974 0.137405
vt 0.075878 0.346001
vt 0.075173 0.404454
vt 0.076195 0.404467
vt 0.084878 0.346113
vt 0.282640 0.127917
vt 0.240354 0.085784
vt 0.088318 0.008282
vt 0.078169 0.066224
vt 0.077220 0.404571
vt 0.089777 0.346570
vt 0.084380 0.069610
vt 0.126418 0.028489
vt 0.068976 0.345873
vt 0.074152 0.404435
vt 0.237896 0.087696
vt 0.267987 0.139103
vt 0.246260 0.148101
vt 0.234089 0.089318
vt 0.233053 0.089419
vt 0.241322 0.148425
vt 0.005240 0.094574
vt 0.063053 0.081587
vt 0.062867 0.080572
vt 0.004845 0.092116
vt 0.200389 0.142670
vt 0.225935 0.088476
vt 0.225048 0.087936
vt 0.196256 0.139966
vt 0.024610 0.469635
vt 0.066027 0.426512
vt 0.065361 0.425719
vt 0.021562 0.465762
vt 0.232189 0.148370
vt 0.232016 0.089412
vt 0.230987 0.089411
vt 0.225526 0.148345
vt 0.143850 0.060504
vt 0.087436 0.074828
vt 0.087681 0.075814
vt 0.145426 0.066890
vt 0.259346 0.142929
vt 0.236030 0.088586
vt 0.235079 0.088993
vt 0.250977 0.146515
vt 0.132118 0.035806
vt 0.085680 0.071183
vt 0.086299 0.071996
vt 0.137562 0.042959
vt 0.141709 0.051745
vt 0.087193 0.073834
vt 0.086847 0.072867
vt 0.140214 0.047095
vt 0.265781 0.140217
vt 0.236981 0.088185
vt 0.127976 0.030296
vt 0.085068 0.070369
vt 0.229945 0.089467
vt 0.223018 0.148511
vt 0.087978 0.076799
vt 0.146199 0.069346
vt 0.091046 0.327572
vt 0.078978 0.268845
vt 0.077944 0.268944
vt 0.086114 0.327888
vt 0.189004 0.134445
vt 0.224224 0.087309
vt 0.223404 0.086691
vt 0.183704 0.130429
vt 0.045242 0.322080
vt 0.070835 0.267993
vt 0.069950 0.267452
vt 0.041118 0.319374
vt 0.213931 0.146392
vt 0.227922 0.089057
vt 0.226920 0.088812
vt 0.205104 0.144234
vt 0.076993 0.327819
vt 0.076907 0.268937
vt 0.075879 0.268934
vt 0.070339 0.327784
vt 0.146335 0.078658
vt 0.088065 0.078835
vt 0.088068 0.079854
vt 0.146358 0.087630
vt 0.220691 0.148087
vt 0.228921 0.089307
vt 0.087979 0.080877
vt 0.145977 0.092519
vt 0.222544 0.086105
vt 0.181534 0.128991
vt 0.146358 0.071777
vt 0.088068 0.077818
vt 0.166971 0.110640
vt 0.219950 0.082901
vt 0.219570 0.081937
vt 0.165310 0.105999
vt 0.074838 0.268988
vt 0.067833 0.327947
vt 0.162865 0.097235
vt 0.219292 0.080942
vt 0.219012 0.079956
vt 0.161066 0.090846
vt 0.175505 0.121760
vt 0.221182 0.084561
vt 0.220531 0.083761
vt 0.169780 0.114724
vt 0.004704 0.244404
vt 0.063480 0.254380
vt 0.063761 0.253386
vt 0.006189 0.239720
vt 0.033883 0.313849
vt 0.069128 0.266824
vt 0.068310 0.266205
vt 0.028595 0.309830
vt 0.058760 0.325817
vt 0.072819 0.268575
vt 0.071818 0.268329
vt 0.049948 0.323648
vt 0.179863 0.127182
vt 0.221826 0.085362
vt 0.218676 0.078972
vt 0.160214 0.088446
vt 0.065509 0.327520
vt 0.073817 0.268827
vt 0.067452 0.265619
vt 0.026430 0.308390
vt 0.011912 0.290041
vt 0.064865 0.262416
vt 0.064487 0.261453
vt 0.010261 0.285403
vt 0.164431 0.051975
vt 0.219188 0.072903
vt 0.219557 0.071948
vt 0.166837 0.045803
vt 0.007831 0.276647
vt 0.064211 0.260458
vt 0.063933 0.259472
vt 0.006045 0.270264
vt 0.159764 0.079115
vt 0.218519 0.076922
vt 0.218481 0.075895
vt 0.159431 0.070068
vt 0.020419 0.301160
vt 0.066093 0.264075
vt 0.065445 0.263276
vt 0.014713 0.294125
vt 0.159979 0.086055
vt 0.218550 0.077948
vt 0.024764 0.306581
vt 0.066735 0.264876
vt 0.219884 0.070965
vt 0.167625 0.043332
vt 0.063605 0.258489
vt 0.005185 0.267785
vt 0.181249 0.024382
vt 0.222248 0.067606
vt 0.223069 0.066980
vt 0.185245 0.021528
vt 0.222782 0.004982
vt 0.229567 0.064053
vt 0.230597 0.064045
vt 0.227682 0.005102
vt 0.192978 0.016800
vt 0.223947 0.066442
vt 0.224816 0.065906
vt 0.198611 0.013337
vt 0.009539 0.231291
vt 0.064141 0.252428
vt 0.064514 0.251477
vt 0.011969 0.225137
vt 0.172914 0.035587
vt 0.220993 0.069239
vt 0.221583 0.068398
vt 0.178099 0.028187
vt 0.004762 0.258378
vt 0.063456 0.256440
vt 0.063423 0.255414
vt 0.004468 0.249341
vt 0.168904 0.041239
vt 0.220401 0.070074
vt 0.004946 0.265311
vt 0.063483 0.257465
vt 0.225666 0.065314
vt 0.200640 0.011886
vt 0.064845 0.250496
vt 0.012767 0.222672
vt 0.026455 0.203803
vt 0.067221 0.247151
vt 0.068043 0.246529
vt 0.030459 0.200969
vt 0.068023 0.184604
vt 0.074546 0.243634
vt 0.075575 0.243630
vt 0.072917 0.184745
vt 0.133477 0.123046
vt 0.085834 0.086300
vt 0.085113 0.087053
vt 0.129934 0.126516
vt 0.236687 0.005968
vt 0.231620 0.064143
vt 0.232635 0.064236
vt 0.243257 0.006584
vt 0.038203 0.196279
vt 0.068923 0.245996
vt 0.069793 0.245464
vt 0.043845 0.192845
vt 0.087377 0.083407
vt 0.143393 0.103743
vt 0.209414 0.008922
vt 0.227586 0.064602
vt 0.228561 0.064285
vt 0.217988 0.006128
vt 0.018083 0.214958
vt 0.065961 0.248776
vt 0.066553 0.247939
vt 0.023293 0.207589
vt 0.122954 0.132439
vt 0.084320 0.087726
vt 0.083537 0.088397
vt 0.117872 0.136770
vt 0.140318 0.110029
vt 0.086923 0.084336
vt 0.202825 0.011026
vt 0.226613 0.064913
vt 0.014053 0.220587
vt 0.065365 0.249608
vt 0.233653 0.064356
vt 0.246651 0.006947
vt 0.070645 0.244876
vt 0.045878 0.191404
vt 0.268655 0.015166
vt 0.237516 0.065759
vt 0.273009 0.018726
vt 0.082777 0.089114
vt 0.115993 0.138588
vt 0.279569 0.025146
vt 0.239228 0.067246
vt 0.239912 0.067999
vt 0.284006 0.030036
vt 0.081907 0.185648
vt 0.076597 0.243733
vt 0.077610 0.243830
vt 0.088467 0.186292
vt 0.094853 0.148914
vt 0.079075 0.090968
vt 0.078047 0.091133
vt 0.089942 0.149541
vt 0.255584 0.009986
vt 0.235605 0.064966
vt 0.236582 0.065320
vt 0.264181 0.013106
vt 0.054654 0.188482
vt 0.072566 0.244174
vt 0.073540 0.243861
vt 0.063230 0.185728
vt 0.048716 0.146319
vt 0.070881 0.090631
vt 0.069963 0.090146
vt 0.044423 0.143874
vt 0.080819 0.150049
vt 0.077011 0.091191
vt 0.075983 0.091253
vt 0.074165 0.150435
vt 0.107600 0.142942
vt 0.080968 0.090118
vt 0.080044 0.090583
vt 0.099465 0.147039
vt 0.249006 0.007609
vt 0.234645 0.064619
vt 0.048063 0.190555
vt 0.071592 0.244480
vt 0.078640 0.243879
vt 0.091046 0.186382
vt 0.066365 0.489383
vt 0.073472 0.429900
vt 0.072460 0.429668
vt 0.061590 0.488124
vt 0.113858 0.139837
vt 0.081893 0.089659
vt 0.052965 0.485179
vt 0.071480 0.429333
vt 0.070507 0.429006
vt 0.046668 0.483044
vt 0.074947 0.091373
vt 0.071671 0.150755
vt 0.080387 0.488634
vt 0.075540 0.429822
vt 0.074512 0.429907
vt 0.071331 0.489376
vt 0.003281 0.071231
vt 0.062669 0.077488
vt 0.062886 0.076477
vt 0.004469 0.066454
vt 0.036840 0.138808
vt 0.069101 0.089571
vt 0.068244 0.089004
vt 0.031301 0.135125
vt 0.087336 0.488106
vt 0.076567 0.429744
vt 0.062466 0.149200
vt 0.072902 0.091088
vt 0.071885 0.090905
vt 0.053520 0.147589
vt 0.089777 0.487751
vt 0.077588 0.429572
vt 0.069321 0.150476
vt 0.073915 0.091277
vt 0.067350 0.088472
vt 0.029045 0.133823
vt 0.013372 0.116397
vt 0.064561 0.085433
vt 0.064122 0.084494
vt 0.011428 0.111865
vt 0.008446 0.103266
vt 0.063783 0.083517
vt 0.063443 0.082550
vt 0.006256 0.096997
vt 0.016460 0.458231
vt 0.064781 0.424863
vt 0.064202 0.424016
vt 0.012726 0.452745
vt 0.022579 0.126974
vt 0.065894 0.087014
vt 0.065195 0.086256
vt 0.016430 0.120302
vt 0.036233 0.477467
vt 0.067722 0.427694
vt 0.066852 0.427142
vt 0.028571 0.472615
vt 0.027265 0.132120
vt 0.066586 0.087775
vt 0.063575 0.423189
vt 0.011131 0.450694
vt 0.003200 0.428700
vt 0.062141 0.419332
vt 0.062089 0.418300
vt 0.003108 0.423781
vt 0.010716 0.383397
vt 0.063354 0.411274
vt 0.063931 0.410418
vt 0.013592 0.379418
vt 0.003585 0.414714
vt 0.062143 0.417269
vt 0.062192 0.416247
vt 0.003918 0.408098
vt 0.007285 0.057816
vt 0.063206 0.075495
vt 0.063519 0.074521
vt 0.009326 0.051510
vt 0.007731 0.441935
vt 0.062778 0.421294
vt 0.062417 0.420331
vt 0.004557 0.433458
vt 0.004222 0.085197
vt 0.062775 0.079549
vt 0.062677 0.078525
vt 0.003357 0.076181
vt 0.010127 0.448451
vt 0.063132 0.422257
vt 0.022459 0.029267
vt 0.065952 0.070025
vt 0.066734 0.069351
vt 0.026282 0.026182
vt 0.286388 0.124673
vt 0.241120 0.085077
vt 0.019411 0.372471
vt 0.064592 0.409629
vt 0.033727 0.021004
vt 0.067580 0.068763
vt 0.006394 0.396673
vt 0.062685 0.413221
vt 0.062975 0.412236
vt 0.008946 0.388007
vt 0.014794 0.040949
vt 0.064794 0.071730
vt 0.065333 0.070855
vt 0.019537 0.033253
vt 0.728885 0.689590
vt 0.727737 0.680894
vt 0.722093 0.692548
vt 0.713211 0.695125
vt 0.707341 0.695495
vt 0.701683 0.694593
vt 0.694136 0.691293
vt 0.721520 0.683609
vt 0.720985 0.675290
vt 0.726670 0.672802
vt 0.685073 0.669234
vt 0.682626 0.676742
vt 0.735734 0.687173
vt 0.686489 0.687042
vt 0.679996 0.684810
vt 0.733853 0.678899
vt 0.732103 0.671198
vt 0.457976 0.469254
vt 0.452044 0.450802
vt 0.433735 0.461841
vt 0.437081 0.480182
vt 0.485852 0.419140
vt 0.508873 0.426460
vt 0.481262 0.459425
vt 0.473067 0.442382
vt 0.452347 0.426689
vt 0.435091 0.431938
vt 0.460544 0.408459
vt 0.418953 0.440167
vt 0.418261 0.411404
vt 0.406939 0.416325
vt 0.422669 0.398857
vt 0.396417 0.424136
vt 0.383826 0.393984
vt 0.345867 0.390571
vt 0.346181 0.393975
vt 0.382720 0.402492
vt 0.372411 0.414100
vt 0.345504 0.399741
vt 0.377104 0.407431
vt 0.346205 0.396505
vt 0.382720 0.402492
vt 0.377104 0.407431
vt 0.346205 0.396505
vt 0.346181 0.393975
vt 0.372411 0.414100
vt 0.345504 0.399741
vt 0.383826 0.393984
vt 0.345867 0.390571
vt 0.435091 0.431938
vt 0.418953 0.440167
vt 0.396417 0.424136
vt 0.406939 0.416325
vt 0.460544 0.408459
vt 0.422669 0.398857
vt 0.452347 0.426689
vt 0.418261 0.411404
vt 0.452044 0.450802
vt 0.433735 0.461841
vt 0.485852 0.419140
vt 0.473067 0.442382
vt 0.508873 0.426460
vt 0.481262 0.459425
vt 0.437081 0.480182
vt 0.457976 0.469254
vt 0.963958 0.505085
vt 0.961644 0.506538
vt 0.955832 0.492077
vt 0.957945 0.491184
vt 0.953709 0.492961
vt 0.947910 0.475819
vt 0.949952 0.475076
vt 0.948935 0.470589
vt 0.946840 0.471181
vt 0.945880 0.464491
vt 0.948039 0.464118
vt 0.947621 0.455513
vt 0.945547 0.455436
vt 0.948205 0.444066
vt 0.950164 0.444837
vt 0.967865 0.427396
vt 0.964272 0.422331
vt 0.970037 0.418103
vt 0.972274 0.422848
vt 0.973369 0.416337
vt 0.975261 0.421258
vt 0.974525 0.426955
vt 0.977248 0.426571
vt 0.970034 0.430688
vt 0.949551 0.455564
vt 0.952051 0.445603
vt 0.950996 0.469995
vt 0.950150 0.463734
vt 0.952044 0.474327
vt 0.973462 0.483805
vt 0.970119 0.477417
vt 0.973801 0.474979
vt 0.977248 0.479464
vt 0.958968 0.507752
vt 0.965624 0.483007
vt 0.962239 0.475151
vt 0.968551 0.474441
vt 0.964022 0.491463
vt 0.957341 0.474297
vt 0.967386 0.500532
vt 0.970186 0.493993
vt 0.975338 0.447510
vt 0.975737 0.461999
vt 0.973022 0.459970
vt 0.972868 0.446003
vt 0.976477 0.470988
vt 0.976765 0.472728
vt 0.974216 0.472007
vt 0.973027 0.470694
vt 0.977068 0.435009
vt 0.974381 0.433913
vt 0.968462 0.437681
vt 0.968725 0.451329
vt 0.971042 0.460430
vt 0.954294 0.446865
vt 0.955309 0.453721
vt 0.955838 0.462951
vt 0.965601 0.451939
vt 0.966344 0.461203
vt 0.964475 0.440167
vt 0.965293 0.433986
vt 0.962987 0.431177
vt 0.959350 0.427256
vt 0.972657 0.472910
vt 0.971426 0.470827
vt 0.967707 0.470713
vt 0.962269 0.470373
vt 0.975178 0.473910
vt 0.977203 0.475114
vt 0.956719 0.470120
vt 0.961399 0.462048
vt 0.951188 0.438079
vt 0.953861 0.440007
vt 0.955948 0.441695
vt 0.958032 0.444329
vt 0.959941 0.452945
vt 0.765570 0.926674
vt 0.769495 0.917823
vt 0.773950 0.919911
vt 0.770820 0.928023
vt 0.798014 0.986277
vt 0.789269 0.983292
vt 0.791025 0.980570
vt 0.798829 0.984265
vt 0.763632 0.936060
vt 0.769279 0.936481
vt 0.806759 0.987469
vt 0.806998 0.986425
vt 0.763630 0.945456
vt 0.769257 0.944973
vt 0.798978 0.896712
vt 0.807356 0.895299
vt 0.799392 0.897701
vt 0.815255 0.987437
vt 0.765231 0.954712
vt 0.770724 0.953336
vt 0.790564 0.899376
vt 0.791709 0.901219
vt 0.768738 0.963631
vt 0.773682 0.961409
vt 0.782454 0.903805
vt 0.784648 0.906189
vt 0.774114 0.971685
vt 0.778147 0.968869
vt 0.775248 0.910045
vt 0.778621 0.912513
vt 0.781106 0.978370
vt 0.784009 0.975365
vt 0.776064 0.952251
vt 0.778609 0.959738
vt 0.793308 0.902720
vt 0.787299 0.907989
vt 0.782387 0.966744
vt 0.782301 0.914251
vt 0.787340 0.973025
vt 0.778490 0.921284
vt 0.793330 0.978344
vt 0.775959 0.928831
vt 0.800149 0.982513
vt 0.774726 0.936641
vt 0.807534 0.985456
vt 0.774748 0.944502
vt 0.800084 0.898565
vt 0.796086 0.976527
vt 0.801891 0.981018
vt 0.781202 0.929280
vt 0.780249 0.936620
vt 0.808330 0.984585
vt 0.780336 0.944023
vt 0.801018 0.899287
vt 0.781510 0.951331
vt 0.795279 0.903898
vt 0.783698 0.958404
vt 0.790323 0.909312
vt 0.786892 0.965075
vt 0.786270 0.915448
vt 0.791048 0.971171
vt 0.783213 0.922162
vt 0.789037 0.957289
vt 0.791686 0.963722
vt 0.793655 0.910235
vt 0.790512 0.916228
vt 0.795095 0.969678
vt 0.788167 0.922679
vt 0.799212 0.975049
vt 0.786652 0.929468
vt 0.803980 0.979767
vt 0.785980 0.936462
vt 0.809350 0.983829
vt 0.786144 0.943525
vt 0.802151 0.899858
vt 0.787184 0.950512
vt 0.797551 0.904775
vt 0.806347 0.978754
vt 0.810553 0.983200
vt 0.791949 0.936192
vt 0.792199 0.943006
vt 0.803444 0.900274
vt 0.793113 0.949761
vt 0.800056 0.905371
vt 0.794637 0.956335
vt 0.797233 0.910821
vt 0.796753 0.962606
vt 0.794990 0.916678
vt 0.799431 0.968474
vt 0.793350 0.922915
vt 0.802638 0.973863
vt 0.792333 0.929456
vt 0.800991 0.911114
vt 0.799652 0.916848
vt 0.802045 0.961687
vt 0.803996 0.967513
vt 0.798722 0.922921
vt 0.806291 0.972936
vt 0.798212 0.929277
vt 0.808920 0.977967
vt 0.798129 0.935829
vt 0.811897 0.982707
vt 0.798472 0.942468
vt 0.804852 0.900530
vt 0.799264 0.949068
vt 0.802725 0.905708
vt 0.800461 0.955509
vt 0.804458 0.935385
vt 0.804902 0.941917
vt 0.806331 0.900631
vt 0.813337 0.982356
vt 0.805577 0.948429
vt 0.805493 0.905806
vt 0.806445 0.954804
vt 0.804859 0.911145
vt 0.807498 0.960945
vt 0.804432 0.916775
vt 0.808719 0.966772
vt 0.804221 0.922724
vt 0.810097 0.972247
vt 0.804229 0.928953
vt 0.811631 0.977398
vt 0.813035 0.960377
vt 0.813527 0.966243
vt 0.809260 0.916475
vt 0.809774 0.922340
vt 0.813986 0.971787
vt 0.810309 0.928494
vt 0.814417 0.977041
vt 0.810859 0.934865
vt 0.814830 0.982147
vt 0.811417 0.941358
vt 0.807837 0.900584
vt 0.811972 0.947850
vt 0.808299 0.905685
vt 0.812514 0.954222
vt 0.808770 0.910936
vt 0.809329 0.900382
vt 0.816334 0.982091
vt 0.817922 0.940800
vt 0.818362 0.947324
vt 0.811083 0.905341
vt 0.818583 0.953750
vt 0.812656 0.910495
vt 0.818578 0.959977
vt 0.814063 0.915969
vt 0.818346 0.965926
vt 0.815305 0.921792
vt 0.817891 0.971560
vt 0.816369 0.927926
vt 0.817218 0.976905
vt 0.817245 0.934296
vt 0.818769 0.915249
vt 0.820735 0.921070
vt 0.823106 0.965834
vt 0.821744 0.971574
vt 0.822328 0.927238
vt 0.819978 0.976992
vt 0.823529 0.933667
vt 0.817809 0.982185
vt 0.824322 0.940252
vt 0.810766 0.900038
vt 0.824661 0.946875
vt 0.813787 0.904788
vt 0.824572 0.953414
vt 0.816450 0.909825
vt 0.824052 0.959763
vt 0.830546 0.939718
vt 0.830793 0.946508
vt 0.812103 0.899552
vt 0.816348 0.904014
vt 0.830407 0.953226
vt 0.820083 0.908916
vt 0.829385 0.959755
vt 0.823306 0.914309
vt 0.827737 0.965989
vt 0.825992 0.920171
vt 0.825479 0.971851
vt 0.828110 0.926430
vt 0.822633 0.977318
vt 0.829634 0.932984
vt 0.819210 0.982437
vt 0.832175 0.966424
vt 0.829027 0.972425
vt 0.831012 0.919076
vt 0.833654 0.925492
vt 0.825118 0.977905
vt 0.835502 0.932245
vt 0.820493 0.982847
vt 0.836539 0.939204
vt 0.813298 0.898929
vt 0.836701 0.946237
vt 0.818698 0.903012
vt 0.836030 0.953207
vt 0.823482 0.907746
vt 0.834519 0.959980
vt 0.827605 0.913123
vt 0.842363 0.946080
vt 0.841416 0.953392
vt 0.820766 0.901772
vt 0.826577 0.906282
vt 0.839417 0.960489
vt 0.831608 0.911648
vt 0.836371 0.967197
vt 0.835752 0.917740
vt 0.832326 0.973341
vt 0.838930 0.924393
vt 0.827368 0.978775
vt 0.841107 0.931437
vt 0.821616 0.983415
vt 0.842275 0.938713
vt 0.814309 0.898178
vt 0.835314 0.974659
vt 0.829315 0.979949
vt 0.843956 0.923069
vt 0.846484 0.930526
vt 0.822538 0.984135
vt 0.847793 0.938239
vt 0.815094 0.897312
vt 0.847816 0.946063
vt 0.822485 0.900283
vt 0.846594 0.953841
vt 0.829296 0.904474
vt 0.844082 0.961366
vt 0.835270 0.909804
vt 0.840293 0.968391
vt 0.840200 0.916082
vt 0.823780 0.898536
vt 0.831566 0.902253
vt 0.851678 0.954657
vt 0.848570 0.962746
vt 0.838554 0.907468
vt 0.843927 0.970134
vt 0.844387 0.913958
vt 0.837928 0.976463
vt 0.848826 0.921399
vt 0.830889 0.981450
vt 0.851766 0.929444
vt 0.823218 0.984998
vt 0.853225 0.937774
vt 0.815617 0.896346
vt 0.853205 0.946230
vt 0.853730 0.919166
vt 0.857223 0.928062
vt 0.832009 0.983298
vt 0.823619 0.985988
vt 0.858817 0.937294
vt 0.815845 0.895302
vt 0.858817 0.946663
vt 0.824570 0.896525
vt 0.856890 0.956023
vt 0.833285 0.899528
vt 0.852984 0.964853
vt 0.841415 0.904454
vt 0.847259 0.972616
vt 0.848378 0.911131
vt 0.840086 0.978855
vt 0.156873 0.502527
vt 0.135722 0.502811
vt 0.134341 0.497614
vt 0.156528 0.495288
vt 0.160778 0.488234
vt 0.159954 0.504932
vt 0.130914 0.537676
vt 0.126292 0.582836
vt 0.106566 0.579517
vt 0.117075 0.534361
vt 0.160457 0.537120
vt 0.164662 0.582800
vt 0.176633 0.533828
vt 0.186634 0.579337
vt 0.131197 0.491035
vt 0.132802 0.505134
vt 0.174091 0.501324
vt 0.120546 0.501571
vt 0.156873 0.502527
vt 0.135722 0.502811
vt 0.134341 0.497614
vt 0.156528 0.495288
vt 0.160778 0.488234
vt 0.159954 0.504932
vt 0.130914 0.537676
vt 0.126292 0.582836
vt 0.106566 0.579517
vt 0.117075 0.534361
vt 0.160457 0.537120
vt 0.164662 0.582800
vt 0.176633 0.533828
vt 0.186634 0.579337
vt 0.131197 0.491035
vt 0.132802 0.505134
vt 0.174091 0.501324
vt 0.120546 0.501571
vt 0.132802 0.505134
vt 0.130914 0.537676
vt 0.117075 0.534361
vt 0.120546 0.501571
vt 0.159954 0.504932
vt 0.160457 0.537120
vt 0.174091 0.501324
vt 0.176633 0.533828
vt 0.135722 0.502811
vt 0.131197 0.491035
vt 0.134341 0.497614
vt 0.156873 0.502527
vt 0.160778 0.488234
vt 0.156528 0.495288
vt 0.186634 0.579337
vt 0.164662 0.582800
vt 0.126292 0.582836
vt 0.106566 0.579517
vt 0.156873 0.502527
vt 0.135722 0.502811
vt 0.134341 0.497614
vt 0.156528 0.495288
vt 0.160778 0.488234
vt 0.159954 0.504932
vt 0.130914 0.537676
vt 0.126292 0.582836
vt 0.106566 0.579517
vt 0.117075 0.534361
vt 0.160457 0.537120
vt 0.164662 0.582800
vt 0.176633 0.533828
vt 0.186634 0.579337
vt 0.131197 0.491035
vt 0.132802 0.505134
vt 0.174091 0.501324
vt 0.120546 0.501571
vt 0.156873 0.502527
vt 0.135722 0.502811
vt 0.134341 0.497614
vt 0.156528 0.495288
vt 0.160778 0.488234
vt 0.159954 0.504932
vt 0.130914 0.537676
vt 0.126292 0.582836
vt 0.106566 0.579517
vt 0.117075 0.534361
vt 0.160457 0.537120
vt 0.164662 0.582800
vt 0.176633 0.533828
vt 0.186634 0.579337
vt 0.131197 0.491035
vt 0.132802 0.505134
vt 0.174091 0.501324
vt 0.120546 0.501571
vt 0.834672 0.082690
vt 0.841999 0.081894
vt 0.842259 0.101775
vt 0.830710 0.102579
vt 0.855530 0.083747
vt 0.855530 0.108764
vt 0.839830 0.045092
vt 0.846698 0.042183
vt 0.850663 0.055398
vt 0.841145 0.056361
vt 0.835094 0.058014
vt 0.834187 0.045391
vt 0.837118 0.122801
vt 0.826083 0.122092
vt 0.824238 0.058917
vt 0.829327 0.042224
vt 0.818103 0.093847
vt 0.853663 0.126365
vt 0.835090 0.039331
vt 0.841577 0.037446
vt 0.851628 0.142241
vt 0.834930 0.138575
vt 0.829161 0.128561
vt 0.963958 0.505085
vt 0.957945 0.491184
vt 0.955832 0.492077
vt 0.961644 0.506538
vt 0.949952 0.475076
vt 0.948935 0.470589
vt 0.948039 0.464118
vt 0.947621 0.455513
vt 0.950164 0.444837
vt 0.967865 0.427396
vt 0.972274 0.422848
vt 0.975261 0.421258
vt 0.974525 0.426955
vt 0.977248 0.426571
vt 0.970034 0.430688
vt 0.949551 0.455564
vt 0.952051 0.445603
vt 0.950996 0.469995
vt 0.950150 0.463734
vt 0.952044 0.474327
vt 0.973462 0.483805
vt 0.977248 0.479464
vt 0.973801 0.474979
vt 0.970119 0.477417
vt 0.965624 0.483007
vt 0.968551 0.474441
vt 0.962239 0.475151
vt 0.964022 0.491463
vt 0.957341 0.474297
vt 0.967386 0.500532
vt 0.970186 0.493993
vt 0.975338 0.447510
vt 0.972868 0.446003
vt 0.973022 0.459970
vt 0.975737 0.461999
vt 0.976477 0.470988
vt 0.973027 0.470694
vt 0.974216 0.472007
vt 0.976765 0.472728
vt 0.977068 0.435009
vt 0.974381 0.433913
vt 0.968462 0.437681
vt 0.968725 0.451329
vt 0.971042 0.460430
vt 0.955309 0.453721
vt 0.954294 0.446865
vt 0.955838 0.462951
vt 0.965601 0.451939
vt 0.966344 0.461203
vt 0.964475 0.440167
vt 0.965293 0.433986
vt 0.962987 0.431177
vt 0.972657 0.472910
vt 0.971426 0.470827
vt 0.967707 0.470713
vt 0.962269 0.470373
vt 0.975178 0.473910
vt 0.977203 0.475114
vt 0.956719 0.470120
vt 0.961399 0.462048
vt 0.953861 0.440007
vt 0.955948 0.441695
vt 0.958032 0.444329
vt 0.959941 0.452945
vt 0.765570 0.926674
vt 0.770820 0.928023
vt 0.773950 0.919911
vt 0.769495 0.917823
vt 0.798014 0.986277
vt 0.798829 0.984265
vt 0.791025 0.980570
vt 0.789269 0.983292
vt 0.763632 0.936060
vt 0.769279 0.936481
vt 0.806759 0.987469
vt 0.806998 0.986425
vt 0.763630 0.945456
vt 0.769257 0.944973
vt 0.798978 0.896712
vt 0.799392 0.897701
vt 0.807356 0.895299
vt 0.815255 0.987437
vt 0.765231 0.954712
vt 0.770724 0.953336
vt 0.790564 0.899376
vt 0.791709 0.901219
vt 0.768738 0.963631
vt 0.773682 0.961409
vt 0.782454 0.903805
vt 0.784648 0.906189
vt 0.774114 0.971685
vt 0.778147 0.968869
vt 0.775248 0.910045
vt 0.778621 0.912513
vt 0.781106 0.978370
vt 0.784009 0.975365
vt 0.778609 0.959738
vt 0.776064 0.952251
vt 0.787299 0.907989
vt 0.793308 0.902720
vt 0.782387 0.966744
vt 0.782301 0.914251
vt 0.787340 0.973025
vt 0.778490 0.921284
vt 0.793330 0.978344
vt 0.775959 0.928831
vt 0.800149 0.982513
vt 0.774726 0.936641
vt 0.807534 0.985456
vt 0.774748 0.944502
vt 0.800084 0.898565
vt 0.801891 0.981018
vt 0.796086 0.976527
vt 0.780249 0.936620
vt 0.781202 0.929280
vt 0.808330 0.984585
vt 0.780336 0.944023
vt 0.801018 0.899287
vt 0.781510 0.951331
vt 0.795279 0.903898
vt 0.783698 0.958404
vt 0.790323 0.909312
vt 0.786892 0.965075
vt 0.786270 0.915448
vt 0.791048 0.971171
vt 0.783213 0.922162
vt 0.791686 0.963722
vt 0.789037 0.957289
vt 0.790512 0.916228
vt 0.793655 0.910235
vt 0.795095 0.969678
vt 0.788167 0.922679
vt 0.799212 0.975049
vt 0.786652 0.929468
vt 0.803980 0.979767
vt 0.785980 0.936462
vt 0.809350 0.983829
vt 0.786144 0.943525
vt 0.802151 0.899858
vt 0.787184 0.950512
vt 0.797551 0.904775
vt 0.810553 0.983200
vt 0.806347 0.978754
vt 0.792199 0.943006
vt 0.791949 0.936192
vt 0.803444 0.900274
vt 0.793113 0.949761
vt 0.800056 0.905371
vt 0.794637 0.956335
vt 0.797233 0.910821
vt 0.796753 0.962606
vt 0.794990 0.916678
vt 0.799431 0.968474
vt 0.793350 0.922915
vt 0.802638 0.973863
vt 0.792333 0.929456
vt 0.799652 0.916848
vt 0.800991 0.911114
vt 0.803996 0.967513
vt 0.802045 0.961687
vt 0.798722 0.922921
vt 0.806291 0.972936
vt 0.798212 0.929277
vt 0.808920 0.977967
vt 0.798129 0.935829
vt 0.811897 0.982707
vt 0.798472 0.942468
vt 0.804852 0.900530
vt 0.799264 0.949068
vt 0.802725 0.905708
vt 0.800461 0.955509
vt 0.804902 0.941917
vt 0.804458 0.935385
vt 0.806331 0.900631
vt 0.813337 0.982356
vt 0.805577 0.948429
vt 0.805493 0.905806
vt 0.806445 0.954804
vt 0.804859 0.911145
vt 0.807498 0.960945
vt 0.804432 0.916775
vt 0.808719 0.966772
vt 0.804221 0.922724
vt 0.810097 0.972247
vt 0.804229 0.928953
vt 0.811631 0.977398
vt 0.813527 0.966243
vt 0.813035 0.960377
vt 0.809774 0.922340
vt 0.809260 0.916475
vt 0.813986 0.971787
vt 0.810309 0.928494
vt 0.814417 0.977041
vt 0.810859 0.934865
vt 0.814830 0.982147
vt 0.811417 0.941358
vt 0.807837 0.900584
vt 0.811972 0.947850
vt 0.808299 0.905685
vt 0.812514 0.954222
vt 0.808770 0.910936
vt 0.809329 0.900382
vt 0.816334 0.982091
vt 0.818362 0.947324
vt 0.817922 0.940800
vt 0.811083 0.905341
vt 0.818583 0.953750
vt 0.812656 0.910495
vt 0.818578 0.959977
vt 0.814063 0.915969
vt 0.818346 0.965926
vt 0.815305 0.921792
vt 0.817891 0.971560
vt 0.816369 0.927926
vt 0.817218 0.976905
vt 0.817245 0.934296
vt 0.820735 0.921070
vt 0.818769 0.915249
vt 0.821744 0.971574
vt 0.823106 0.965834
vt 0.822328 0.927238
vt 0.819978 0.976992
vt 0.823529 0.933667
vt 0.817809 0.982185
vt 0.824322 0.940252
vt 0.810766 0.900038
vt 0.824661 0.946875
vt 0.813787 0.904788
vt 0.824572 0.953414
vt 0.816450 0.909825
vt 0.824052 0.959763
vt 0.830793 0.946508
vt 0.830546 0.939718
vt 0.816348 0.904014
vt 0.812103 0.899552
vt 0.830407 0.953226
vt 0.820083 0.908916
vt 0.829385 0.959755
vt 0.823306 0.914309
vt 0.827737 0.965989
vt 0.825992 0.920171
vt 0.825479 0.971851
vt 0.828110 0.926430
vt 0.822633 0.977318
vt 0.829634 0.932984
vt 0.819210 0.982437
vt 0.829027 0.972425
vt 0.832175 0.966424
vt 0.833654 0.925492
vt 0.831012 0.919076
vt 0.825118 0.977905
vt 0.835502 0.932245
vt 0.820493 0.982847
vt 0.836539 0.939204
vt 0.813298 0.898929
vt 0.836701 0.946237
vt 0.818698 0.903012
vt 0.836030 0.953207
vt 0.823482 0.907746
vt 0.834519 0.959980
vt 0.827605 0.913123
vt 0.841416 0.953392
vt 0.842363 0.946080
vt 0.826577 0.906282
vt 0.820766 0.901772
vt 0.839417 0.960489
vt 0.831608 0.911648
vt 0.836371 0.967197
vt 0.835752 0.917740
vt 0.832326 0.973341
vt 0.838930 0.924393
vt 0.827368 0.978775
vt 0.841107 0.931437
vt 0.821616 0.983415
vt 0.842275 0.938713
vt 0.814309 0.898178
vt 0.829315 0.979949
vt 0.835314 0.974659
vt 0.846484 0.930526
vt 0.843956 0.923069
vt 0.822538 0.984135
vt 0.847793 0.938239
vt 0.815094 0.897312
vt 0.847816 0.946063
vt 0.822485 0.900283
vt 0.846594 0.953841
vt 0.829296 0.904474
vt 0.844082 0.961366
vt 0.835270 0.909804
vt 0.840293 0.968391
vt 0.840200 0.916082
vt 0.831566 0.902253
vt 0.823780 0.898536
vt 0.848570 0.962746
vt 0.851678 0.954657
vt 0.838554 0.907468
vt 0.843927 0.970134
vt 0.844387 0.913958
vt 0.837928 0.976463
vt 0.848826 0.921399
vt 0.830889 0.981450
vt 0.851766 0.929444
vt 0.823218 0.984998
vt 0.853225 0.937774
vt 0.815617 0.896346
vt 0.853205 0.946230
vt 0.857223 0.928062
vt 0.853730 0.919166
vt 0.823619 0.985988
vt 0.832009 0.983298
vt 0.858817 0.937294
vt 0.815845 0.895302
vt 0.858817 0.946663
vt 0.824570 0.896525
vt 0.856890 0.956023
vt 0.833285 0.899528
vt 0.852984 0.964853
vt 0.841415 0.904454
vt 0.847259 0.972616
vt 0.848378 0.911131
vt 0.840086 0.978855
vt 0.156873 0.502527
vt 0.156528 0.495288
vt 0.134341 0.497614
vt 0.135722 0.502811
vt 0.159954 0.504932
vt 0.160778 0.488234
vt 0.130914 0.537676
vt 0.160457 0.537120
vt 0.164662 0.582800
vt 0.176633 0.533828
vt 0.186634 0.579337
vt 0.132802 0.505134
vt 0.174091 0.501324
vt 0.156873 0.502527
vt 0.156528 0.495288
vt 0.134341 0.497614
vt 0.135722 0.502811
vt 0.159954 0.504932
vt 0.160778 0.488234
vt 0.130914 0.537676
vt 0.117075 0.534361
vt 0.106566 0.579517
vt 0.126292 0.582836
vt 0.160457 0.537120
vt 0.164662 0.582800
vt 0.176633 0.533828
vt 0.186634 0.579337
vt 0.131197 0.491035
vt 0.132802 0.505134
vt 0.174091 0.501324
vt 0.120546 0.501571
vt 0.132802 0.505134
vt 0.120546 0.501571
vt 0.117075 0.534361
vt 0.130914 0.537676
vt 0.160457 0.537120
vt 0.174091 0.501324
vt 0.135722 0.502811
vt 0.134341 0.497614
vt 0.131197 0.491035
vt 0.156873 0.502527
vt 0.156528 0.495288
vt 0.160778 0.488234
vt 0.126292 0.582836
vt 0.106566 0.579517
vt 0.156873 0.502527
vt 0.156528 0.495288
vt 0.134341 0.497614
vt 0.135722 0.502811
vt 0.159954 0.504932
vt 0.160778 0.488234
vt 0.130914 0.537676
vt 0.117075 0.534361
vt 0.106566 0.579517
vt 0.126292 0.582836
vt 0.160457 0.537120
vt 0.164662 0.582800
vt 0.176633 0.533828
vt 0.186634 0.579337
vt 0.131197 0.491035
vt 0.132802 0.505134
vt 0.174091 0.501324
vt 0.120546 0.501571
vt 0.156873 0.502527
vt 0.156528 0.495288
vt 0.134341 0.497614
vt 0.135722 0.502811
vt 0.159954 0.504932
vt 0.160778 0.488234
vt 0.130914 0.537676
vt 0.117075 0.534361
vt 0.106566 0.579517
vt 0.126292 0.582836
vt 0.160457 0.537120
vt 0.164662 0.582800
vt 0.176633 0.533828
vt 0.186634 0.579337
vt 0.131197 0.491035
vt 0.132802 0.505134
vt 0.174091 0.501324
vt 0.120546 0.501571
vt 0.156873 0.502527
vt 0.156528 0.495288
vt 0.134341 0.497614
vt 0.135722 0.502811
vt 0.159954 0.504932
vt 0.160778 0.488234
vt 0.130914 0.537676
vt 0.117075 0.534361
vt 0.106566 0.579517
vt 0.126292 0.582836
vt 0.160457 0.537120
vt 0.164662 0.582800
vt 0.176633 0.533828
vt 0.186634 0.579337
vt 0.131197 0.491035
vt 0.132802 0.505134
vt 0.174091 0.501324
vt 0.120546 0.501571
vt 0.834672 0.082690
vt 0.830710 0.102579
vt 0.842259 0.101775
vt 0.841999 0.081894
vt 0.839830 0.045092
vt 0.841145 0.056361
vt 0.835094 0.058014
vt 0.834187 0.045391
vt 0.826083 0.122092
vt 0.837118 0.122801
vt 0.829327 0.042224
vt 0.824238 0.058917
vt 0.818103 0.093847
vt 0.835090 0.039331
vt 0.841577 0.037446
vt 0.834930 0.138575
vt 0.829161 0.128561
vn -0.5231 -0.4253 -0.7385
vn -0.4051 0.2305 -0.8847
vn -0.8174 0.2958 -0.4943
vn -0.9330 -0.0160 -0.3594
vn -0.2958 0.6920 -0.6584
vn -0.2655 0.9397 -0.2154
vn -0.6079 0.7823 -0.1359
vn -0.6957 0.5919 -0.4070
vn -0.2955 0.5950 0.7474
vn -0.4028 0.2121 0.8903
vn -0.7997 0.3048 0.5172
vn -0.6980 0.5607 0.4454
vn -0.6338 -0.7660 0.1076
vn -0.9827 -0.1801 0.0421
vn -0.2703 0.8981 0.3469
vn -0.6150 0.7556 0.2254
vn -0.5205 -0.3747 0.7672
vn -0.9087 -0.0226 0.4168
vn -0.3990 0.6155 -0.6796
vn -0.5764 0.1430 -0.8045
vn -0.3052 0.8825 0.3578
vn -0.2789 0.9311 -0.2352
vn -0.7617 -0.2544 0.5958
vn -0.5907 0.1918 0.7837
vn -0.7663 -0.3158 -0.5595
vn -0.4399 0.5649 0.6981
vn -0.8585 -0.5119 0.0311
vn 0.0336 0.4283 0.9030
vn 0.1825 0.8621 0.4728
vn -0.5049 -0.8631 0.0125
vn -0.3662 -0.5619 0.7417
vn 0.0055 0.5081 -0.8613
vn -0.2069 -0.0628 -0.9763
vn 0.1787 0.9293 -0.3232
vn -0.1455 -0.0300 0.9889
vn -0.4122 -0.6083 -0.6783
vn 0.5886 0.7328 -0.3413
vn 0.3995 0.3202 -0.8590
vn 0.2695 -0.2031 0.9413
vn 0.4449 0.2350 0.8642
vn -0.0275 -0.7358 -0.6766
vn -0.1057 -0.9943 -0.0144
vn 0.5984 0.6721 0.4360
vn 0.0432 -0.7131 0.6997
vn 0.1727 -0.2192 -0.9602
vn 0.8266 0.4180 0.3768
vn 0.8491 0.4534 -0.2709
vn 0.3223 -0.7382 0.5925
vn 0.5178 -0.3077 0.7982
vn 0.5114 -0.3547 -0.7827
vn 0.3277 -0.7701 -0.5473
vn 0.7048 0.0928 -0.7033
vn 0.6758 0.0579 0.7348
vn 0.2265 -0.9740 0.0074
vn 0.8751 -0.1624 0.4559
vn 0.9687 0.0798 0.2350
vn 0.5930 -0.8050 0.0136
vn 0.6509 -0.6643 0.3675
vn 0.8900 -0.1389 -0.4342
vn 0.7707 -0.4194 -0.4797
vn 0.9811 0.1020 -0.1644
vn 0.7779 -0.3924 0.4907
vn 0.6600 -0.6723 -0.3351
vn 0.9006 -0.4145 0.1305
vn 0.9279 -0.3524 0.1218
vn 0.8675 -0.4891 -0.0903
vn 0.8484 -0.5293 0.0072
vn 0.9572 -0.2823 0.0633
vn 0.8647 -0.4921 0.1003
vn 0.9312 -0.3454 -0.1162
vn 0.8976 -0.4216 -0.1284
vn 0.9602 -0.2760 -0.0427
vn 0.9129 -0.4082 -0.0000
vn 0.4386 -0.8961 0.0668
vn 0.0910 -0.8620 0.4986
vn -0.5069 -0.8619 -0.0074
vn -0.1687 -0.8766 -0.4506
vn -0.0723 -0.3897 -0.9181
vn 0.8681 -0.4902 -0.0782
vn 0.0175 -0.1337 0.9908
vn -0.0155 -0.0659 0.9977
vn -0.9980 -0.0529 0.0322
vn -0.9978 -0.0368 0.0541
vn 0.9839 -0.1777 0.0200
vn 0.9922 -0.1245 -0.0034
vn -0.0363 -0.1136 -0.9929
vn -0.0430 -0.0728 -0.9964
vn -0.9324 -0.3570 0.0565
vn -0.0375 -0.4443 0.8951
vn 0.1954 -0.9393 -0.2820
vn -0.0718 -0.9230 -0.3779
vn -0.0609 -0.8671 -0.4943
vn 0.2707 -0.8930 -0.3594
vn -0.3175 -0.9007 -0.2964
vn -0.4576 -0.8844 -0.0914
vn -0.5861 -0.7987 -0.1359
vn -0.3789 -0.8311 -0.4070
vn -0.2994 -0.8947 0.3313
vn -0.0820 -0.9129 0.3999
vn -0.0745 -0.8526 0.5172
vn -0.3483 -0.8248 0.4454
vn 0.3341 -0.9411 0.0526
vn 0.4420 -0.8960 0.0421
vn -0.4402 -0.8838 0.1581
vn -0.5585 -0.7983 0.2254
vn 0.2133 -0.9203 0.3280
vn 0.2704 -0.8679 0.4168
vn -0.4828 -0.5522 -0.6796
vn 0.0201 -0.5936 -0.8045
vn -0.7653 -0.5349 0.3578
vn -0.8192 -0.5230 -0.2352
vn 0.4531 -0.6631 0.5958
vn -0.0229 -0.6207 0.7837
vn 0.5134 -0.6507 -0.5595
vn -0.4230 -0.5777 0.6980
vn 0.7272 -0.6857 0.0311
vn -0.4212 -0.0848 0.9030
vn -0.8791 -0.0603 0.4728
vn 0.9683 -0.2495 0.0126
vn 0.6407 -0.1985 0.7417
vn -0.4902 -0.1336 -0.8613
vn 0.1170 -0.1818 -0.9763
vn -0.9427 -0.0823 -0.3232
vn 0.0686 -0.1318 0.9889
vn 0.6978 -0.2300 -0.6783
vn -0.8659 0.3657 -0.3413
vn -0.4173 0.2967 -0.8590
vn 0.1216 0.3148 0.9413
vn -0.3477 0.3637 0.8642
vn 0.7152 0.1748 -0.6766
vn 0.9853 0.1703 -0.0144
vn -0.8102 0.3917 0.4360
vn 0.6741 0.2366 0.6997
vn 0.1636 0.2261 -0.9602
vn -0.6282 0.6807 0.3768
vn -0.6684 0.6927 -0.2709
vn 0.6219 0.5119 0.5925
vn 0.1544 0.5822 0.7982
vn 0.2013 0.5889 -0.7827
vn 0.6511 0.5259 -0.5473
vn -0.2821 0.6525 -0.7033
vn -0.2406 0.6341 0.7348
vn 0.8748 0.4843 0.0074
vn -0.0832 0.8861 0.4559
vn -0.3418 0.9099 0.2350
vn 0.6121 0.7906 0.0136
vn 0.4609 0.8078 0.3675
vn -0.1099 0.8941 -0.4342
vn 0.1926 0.8560 -0.4797
vn -0.3665 0.9157 -0.1644
vn 0.1646 0.8556 0.4907
vn 0.4661 0.8188 -0.3351
vn 0.1523 0.9797 0.1305
vn 0.0851 0.9889 0.1218
vn 0.2331 0.9682 -0.0903
vn 0.2770 0.9608 0.0072
vn 0.0096 0.9979 0.0633
vn 0.2368 0.9663 0.1003
vn 0.0775 0.9902 -0.1162
vn 0.1599 0.9787 -0.1284
vn 0.0028 0.9991 -0.0426
vn 0.1429 0.9897 0.0000
vn 0.4169 -0.5641 0.7127
vn 0.0000 -0.4220 0.9066
vn 0.0000 -0.5059 0.8626
vn 0.0000 -0.7495 0.6619
vn 0.2634 0.1597 0.9514
vn -0.4250 -0.1417 0.8940
vn -0.4573 -0.2174 0.8623
vn 0.4713 -0.0697 0.8792
vn -0.4438 -0.2987 0.8448
vn 0.5115 -0.3025 0.8043
vn 0.7380 0.1453 0.6590
vn 0.8139 -0.2304 0.5334
vn 0.6459 -0.6569 0.3889
vn 0.0000 0.5956 0.8033
vn 0.0000 0.2099 0.9777
vn 0.3920 0.4910 0.7779
vn 0.0000 -0.9488 0.3158
vn 0.7506 -0.6528 0.1022
vn 0.0000 -1.0000 -0.0032
vn 0.4402 0.7267 0.5273
vn 0.8585 0.3056 0.4117
vn 0.9507 -0.1432 0.2751
vn 0.0000 0.8383 0.5451
vn 0.9880 -0.0062 -0.1543
vn 0.7791 -0.5384 -0.3211
vn 0.0000 0.9920 0.1258
vn 0.4630 0.8813 0.0940
vn 0.0000 -0.8975 -0.4410
vn 0.8863 0.4628 -0.0156
vn 0.7357 0.5531 0.3907
vn 0.8947 0.1625 0.4161
vn 0.5310 0.1600 0.8321
vn 0.4475 0.4278 0.7852
vn 0.6722 0.5488 -0.4969
vn 0.7706 0.1672 -0.6149
vn 0.3689 0.8376 0.4028
vn 0.2426 0.6128 0.7521
vn 0.8424 -0.3684 0.3933
vn 0.0000 -0.8317 0.5553
vn 0.0000 -0.3507 0.9365
vn 0.4733 -0.1559 0.8670
vn 0.6176 -0.2758 -0.7365
vn 0.0000 0.9057 0.4239
vn 0.0000 0.6751 0.7377
vn 0.0000 0.9399 -0.3415
vn 0.3419 0.8531 -0.3940
vn 0.0000 -0.5618 -0.8273
vn 0.3643 0.8024 0.4726
vn 0.0000 0.8945 0.4471
vn 0.4311 -0.0657 -0.8999
vn 0.0000 -0.2519 -0.9677
vn 0.2058 0.6959 -0.6879
vn 0.4176 0.5122 -0.7505
vn 0.7946 0.1011 0.5986
vn 0.6919 0.4931 0.5273
vn 0.4982 0.2512 -0.8299
vn 0.0000 -0.6479 0.7617
vn 0.6511 -0.3452 0.6759
vn 0.8867 0.4613 0.0313
vn 0.4654 0.8850 -0.0134
vn 0.0000 -0.9417 0.3364
vn 0.7969 -0.5583 0.2308
vn 0.0000 0.7551 -0.6556
vn 0.0000 0.9999 -0.0112
vn 0.9933 -0.0197 0.1134
vn 0.0000 0.9477 -0.3192
vn 0.3451 0.8794 -0.3279
vn 0.8212 -0.3288 -0.4664
vn 0.0000 -0.7413 -0.6711
vn 0.7216 0.5935 -0.3563
vn 0.8781 0.2081 -0.4308
vn 0.9389 -0.1087 -0.3266
vn 0.8418 0.3521 -0.4092
vn 0.4272 0.7786 -0.4596
vn 0.0000 -0.9928 -0.1199
vn 0.7559 -0.6237 -0.1992
vn 0.0000 0.8940 -0.4480
vn 0.3725 0.5704 -0.7320
vn 0.0000 0.6796 -0.7336
vn 0.6456 -0.5934 -0.4807
vn 0.7918 -0.1675 -0.5873
vn 0.7114 0.2195 -0.6676
vn 0.0000 -0.9020 -0.4317
vn 0.4521 0.0398 -0.8911
vn 0.2410 0.2635 -0.9340
vn 0.0000 -0.6732 -0.7394
vn 0.4119 -0.4700 -0.7806
vn 0.0000 0.3255 -0.9455
vn 0.4980 -0.2090 -0.8416
vn -0.4453 -0.2026 -0.8721
vn -0.4583 -0.1071 -0.8823
vn -0.4213 -0.0226 -0.9066
vn 0.0000 -0.4079 -0.9130
vn 0.0000 -0.3226 -0.9465
vn -0.0315 0.0319 -0.9990
vn -0.0312 -0.0783 0.9964
vn 0.5231 -0.4253 -0.7385
vn 0.9330 -0.0160 -0.3594
vn 0.8174 0.2958 -0.4943
vn 0.4051 0.2305 -0.8847
vn 0.2958 0.6920 -0.6584
vn 0.6957 0.5919 -0.4070
vn 0.6079 0.7823 -0.1359
vn 0.2655 0.9397 -0.2154
vn 0.2955 0.5950 0.7474
vn 0.6980 0.5607 0.4454
vn 0.7997 0.3048 0.5172
vn 0.4028 0.2121 0.8903
vn 0.6338 -0.7660 0.1076
vn 0.9827 -0.1801 0.0421
vn 0.2703 0.8981 0.3469
vn 0.6150 0.7556 0.2254
vn 0.5205 -0.3747 0.7672
vn 0.9087 -0.0226 0.4168
vn 0.5764 0.1430 -0.8045
vn 0.3990 0.6155 -0.6796
vn 0.2789 0.9311 -0.2352
vn 0.3052 0.8825 0.3578
vn 0.5907 0.1918 0.7837
vn 0.7617 -0.2544 0.5958
vn 0.7663 -0.3158 -0.5595
vn 0.4399 0.5649 0.6981
vn 0.8585 -0.5119 0.0311
vn -0.1825 0.8621 0.4728
vn -0.0336 0.4283 0.9030
vn 0.3662 -0.5619 0.7417
vn 0.5049 -0.8631 0.0126
vn 0.2069 -0.0628 -0.9763
vn -0.0055 0.5081 -0.8613
vn -0.1787 0.9293 -0.3232
vn 0.1455 -0.0300 0.9889
vn 0.4122 -0.6083 -0.6783
vn -0.3995 0.3202 -0.8590
vn -0.5886 0.7328 -0.3413
vn -0.4449 0.2350 0.8642
vn -0.2695 -0.2031 0.9413
vn 0.1057 -0.9943 -0.0144
vn 0.0275 -0.7358 -0.6766
vn -0.5984 0.6721 0.4360
vn -0.0432 -0.7131 0.6997
vn -0.1727 -0.2192 -0.9602
vn -0.8491 0.4534 -0.2709
vn -0.8266 0.4180 0.3768
vn -0.5178 -0.3077 0.7982
vn -0.3223 -0.7382 0.5925
vn -0.3277 -0.7701 -0.5473
vn -0.5114 -0.3547 -0.7827
vn -0.7048 0.0928 -0.7033
vn -0.6758 0.0579 0.7348
vn -0.2265 -0.9740 0.0074
vn -0.9687 0.0798 0.2350
vn -0.8751 -0.1624 0.4559
vn -0.6509 -0.6643 0.3675
vn -0.5930 -0.8050 0.0136
vn -0.7707 -0.4194 -0.4797
vn -0.8900 -0.1389 -0.4342
vn -0.9811 0.1020 -0.1644
vn -0.7779 -0.3924 0.4907
vn -0.6600 -0.6723 -0.3351
vn -0.9279 -0.3524 0.1218
vn -0.9006 -0.4145 0.1305
vn -0.8484 -0.5293 0.0072
vn -0.8675 -0.4891 -0.0903
vn -0.9572 -0.2823 0.0633
vn -0.8647 -0.4921 0.1003
vn -0.8976 -0.4216 -0.1284
vn -0.9312 -0.3454 -0.1162
vn -0.9602 -0.2760 -0.0426
vn -0.9129 -0.4082 -0.0000
vn -0.1954 -0.9393 -0.2820
vn -0.2707 -0.8930 -0.3594
vn 0.0609 -0.8671 -0.4943
vn 0.0718 -0.9230 -0.3779
vn 0.3175 -0.9007 -0.2964
vn 0.3789 -0.8311 -0.4070
vn 0.5861 -0.7987 -0.1359
vn 0.4576 -0.8844 -0.0914
vn 0.2994 -0.8947 0.3313
vn 0.3483 -0.8248 0.4454
vn 0.0745 -0.8526 0.5172
vn 0.0820 -0.9129 0.3999
vn -0.3341 -0.9411 0.0526
vn -0.4420 -0.8960 0.0421
vn 0.4402 -0.8838 0.1581
vn 0.5585 -0.7983 0.2254
vn -0.2133 -0.9203 0.3280
vn -0.2704 -0.8679 0.4168
vn -0.0201 -0.5936 -0.8045
vn 0.4828 -0.5522 -0.6796
vn 0.8192 -0.5230 -0.2352
vn 0.7653 -0.5349 0.3578
vn 0.0229 -0.6207 0.7837
vn -0.4531 -0.6631 0.5958
vn -0.5134 -0.6507 -0.5595
vn 0.4230 -0.5777 0.6980
vn -0.7272 -0.6857 0.0311
vn 0.8791 -0.0603 0.4728
vn 0.4212 -0.0848 0.9030
vn -0.6407 -0.1985 0.7417
vn -0.9683 -0.2495 0.0126
vn -0.1170 -0.1818 -0.9763
vn 0.4902 -0.1336 -0.8613
vn 0.9427 -0.0823 -0.3232
vn -0.0686 -0.1318 0.9889
vn -0.6978 -0.2300 -0.6783
vn 0.4173 0.2967 -0.8590
vn 0.8659 0.3657 -0.3413
vn 0.3477 0.3637 0.8642
vn -0.1216 0.3148 0.9413
vn -0.9853 0.1703 -0.0144
vn -0.7152 0.1748 -0.6766
vn 0.8102 0.3917 0.4360
vn -0.6741 0.2366 0.6997
vn -0.1636 0.2261 -0.9602
vn 0.6684 0.6927 -0.2709
vn 0.6282 0.6807 0.3768
vn -0.1544 0.5822 0.7982
vn -0.6219 0.5119 0.5925
vn -0.6511 0.5259 -0.5473
vn -0.2013 0.5889 -0.7827
vn 0.2821 0.6525 -0.7033
vn 0.2406 0.6341 0.7348
vn -0.8748 0.4843 0.0074
vn 0.3418 0.9099 0.2350
vn 0.0832 0.8861 0.4559
vn -0.4609 0.8078 0.3675
vn -0.6121 0.7906 0.0136
vn -0.1926 0.8560 -0.4797
vn 0.1099 0.8941 -0.4342
vn 0.3665 0.9157 -0.1644
vn -0.1646 0.8556 0.4907
vn -0.4661 0.8188 -0.3351
vn -0.0851 0.9889 0.1218
vn -0.1523 0.9797 0.1305
vn -0.2770 0.9608 0.0072
vn -0.2331 0.9682 -0.0903
vn -0.0096 0.9979 0.0633
vn -0.2368 0.9663 0.1003
vn -0.1599 0.9787 -0.1284
vn -0.0775 0.9902 -0.1162
vn -0.0028 0.9991 -0.0426
vn -0.1429 0.9897 0.0000
vn -0.4169 -0.5641 0.7127
vn -0.2634 0.1597 0.9514
vn -0.4713 -0.0697 0.8792
vn -0.5115 -0.3025 0.8043
vn -0.7380 0.1453 0.6590
vn -0.8139 -0.2304 0.5334
vn -0.6459 -0.6569 0.3889
vn -0.3920 0.4910 0.7779
vn -0.7506 -0.6528 0.1022
vn -0.4402 0.7267 0.5273
vn -0.8585 0.3056 0.4117
vn -0.9507 -0.1432 0.2751
vn -0.9880 -0.0062 -0.1543
vn -0.7791 -0.5384 -0.3211
vn -0.4630 0.8813 0.0940
vn -0.8863 0.4628 -0.0156
vn -0.7357 0.5531 0.3907
vn -0.4475 0.4278 0.7852
vn -0.5310 0.1600 0.8321
vn -0.8947 0.1625 0.4161
vn -0.6722 0.5488 -0.4969
vn -0.7706 0.1672 -0.6149
vn -0.3689 0.8376 0.4028
vn -0.2426 0.6128 0.7521
vn -0.8424 -0.3684 0.3933
vn -0.4733 -0.1559 0.8670
vn -0.6176 -0.2758 -0.7365
vn -0.3419 0.8531 -0.3940
vn -0.3643 0.8024 0.4726
vn -0.4311 -0.0657 -0.8999
vn -0.2058 0.6959 -0.6879
vn -0.4176 0.5122 -0.7505
vn -0.6919 0.4931 0.5273
vn -0.7946 0.1011 0.5986
vn -0.4982 0.2512 -0.8299
vn -0.6511 -0.3452 0.6759
vn -0.4654 0.8850 -0.0134
vn -0.8867 0.4613 0.0313
vn -0.7969 -0.5583 0.2308
vn -0.9933 -0.0197 0.1134
vn -0.3451 0.8794 -0.3279
vn -0.8212 -0.3288 -0.4664
vn -0.7216 0.5935 -0.3563
vn -0.8781 0.2081 -0.4308
vn -0.8418 0.3521 -0.4092
vn -0.9389 -0.1087 -0.3266
vn -0.4272 0.7786 -0.4596
vn -0.7559 -0.6237 -0.1992
vn -0.3725 0.5704 -0.7320
vn -0.7918 -0.1675 -0.5873
vn -0.6456 -0.5934 -0.4807
vn -0.7114 0.2195 -0.6676
vn -0.2410 0.2635 -0.9340
vn -0.4521 0.0398 -0.8911
vn -0.4119 -0.4700 -0.7806
vn -0.4980 -0.2090 -0.8416
vn -1.0000 0.0000 0.0000
vn 0.9926 -0.0516 -0.1096
vn 0.7001 -0.0930 -0.7079
vn 0.5868 -0.6582 -0.4715
vn 0.8074 -0.5754 -0.1302
vn 0.1584 -0.0904 -0.9832
vn 0.1910 -0.6704 -0.7170
vn 0.8640 -0.0142 0.5033
vn 0.8222 -0.5413 0.1758
vn 0.6411 -0.0001 0.7674
vn 0.6988 -0.5461 0.4620
vn 0.1111 0.0000 0.9938
vn 0.3802 0.0000 0.9249
vn 0.4845 -0.6956 0.5304
vn 0.1210 -0.7362 0.6658
vn 0.6644 -0.7458 -0.0476
vn 0.6559 -0.7540 0.0339
vn 0.5856 -0.8105 0.0086
vn 0.3878 -0.9213 -0.0260
vn 0.0775 -0.9923 -0.0967
vn 0.5129 -0.8384 -0.1842
vn 0.2356 -0.9358 -0.2622
vn 0.7969 -0.6037 0.0222
vn 0.8600 -0.1372 0.4914
vn 0.8539 -0.2808 0.4381
vn 0.5782 -0.5607 0.5926
vn 0.2978 -0.7096 0.6385
vn 0.6129 -0.7414 -0.2733
vn 0.3814 -0.8365 -0.3934
vn 0.8678 -0.4966 -0.0154
vn 0.6937 0.0120 0.7202
vn 0.7253 -0.5818 -0.3680
vn 0.5147 -0.6200 -0.5921
vn 0.6004 0.0090 0.7996
vn 0.9098 -0.4124 -0.0457
vn 0.9446 -0.3191 -0.0764
vn 0.6784 -0.1326 0.7226
vn 0.7866 -0.4447 -0.4283
vn 0.6174 -0.4069 -0.6732
vn 0.6296 -0.2477 -0.7363
vn 0.8121 -0.3126 -0.4927
vn 0.9797 -0.1998 -0.0128
vn 0.6294 -0.1943 0.7523
vn 0.6480 -0.0803 -0.7574
vn 0.8527 -0.1697 -0.4941
vn 0.7249 0.2406 0.6454
vn 0.8155 0.1032 0.5695
vn 0.5610 0.0550 0.8260
vn 0.3115 0.0485 0.9490
vn 0.5705 0.1784 0.8016
vn 0.5148 -0.0450 0.8561
vn 0.5384 -0.0106 0.8426
vn 0.5310 -0.1155 0.8395
vn 0.5976 -0.1650 0.7846
vn 0.9868 -0.1590 0.0307
vn 0.9816 -0.1910 -0.0018
vn 0.5366 -0.1294 0.8338
vn 0.8321 -0.1200 -0.5415
vn 0.5993 0.0807 -0.7964
vn 0.4944 0.1541 -0.8555
vn 0.8035 -0.1280 -0.5814
vn 0.5339 -0.0971 0.8399
vn 0.5057 -0.0443 0.8615
vn 0.9634 -0.1807 0.1979
vn 0.4731 -0.1841 0.8616
vn 0.3898 0.2881 -0.8747
vn 0.7834 -0.0922 -0.6146
vn 0.5728 0.0509 0.8181
vn 0.4961 -0.2126 0.8418
vn 0.6138 0.0985 0.7833
vn 0.6315 -0.1150 0.7668
vn 0.2797 0.2734 0.9203
vn 0.4203 -0.0243 0.9070
vn 0.3124 0.1341 0.9404
vn 0.2295 0.2406 0.9431
vn 0.4162 -0.1057 0.9031
vn -0.0220 0.6246 0.7806
vn 0.4425 0.2167 0.8701
vn 0.5294 0.1426 0.8362
vn 0.0000 0.1571 0.9875
vn 0.0000 0.2840 0.9588
vn 0.0000 0.6540 0.7565
vn 0.2797 0.5202 -0.8069
vn -0.1607 0.6748 -0.7203
vn 0.2133 0.5634 -0.7982
vn 0.3895 -0.1928 -0.9006
vn 0.3858 0.1114 -0.9158
vn 0.3614 -0.3778 -0.8524
vn 0.1682 -0.8678 -0.4676
vn 0.2720 -0.6285 -0.7287
vn 0.0256 -0.9746 -0.2225
vn -0.0294 -0.6598 -0.7508
vn -0.0102 -0.0761 -0.9970
vn 0.1269 0.7064 0.6963
vn -0.1075 0.8069 0.5808
vn 0.1392 0.9249 0.3536
vn 0.0901 0.9837 -0.1554
vn -0.2635 0.9500 -0.1675
vn 0.1083 0.8789 -0.4644
vn -0.6952 0.6635 -0.2764
vn -0.4080 0.4010 -0.8202
vn 0.5247 -0.1116 0.8439
vn 0.1410 0.0337 0.9894
vn 0.1063 0.1727 -0.9792
vn -0.5891 0.5331 0.6073
vn 0.6988 -0.0641 -0.7124
vn -0.1924 0.2170 0.9570
vn 0.9659 -0.2221 0.1328
vn 0.1477 0.0486 0.9878
vn -0.1651 0.2564 0.9523
vn 0.6221 -0.1796 -0.7620
vn 0.8784 -0.4664 0.1043
vn -0.5322 0.6550 0.5364
vn 0.4515 -0.2542 0.8553
vn -0.2024 0.5846 -0.7856
vn 0.1768 0.2672 -0.9473
vn -0.5442 0.7921 -0.2764
vn 0.4167 0.6489 0.6366
vn 0.0108 0.5976 0.8017
vn 0.0393 0.5369 0.8427
vn 0.4019 0.5318 0.7454
vn 0.9019 -0.2574 0.3469
vn 0.8888 -0.2946 0.3509
vn 0.8990 -0.3430 0.2724
vn 0.8843 -0.3080 0.3508
vn 0.9080 0.1762 0.3800
vn 0.8487 0.4237 0.3165
vn 0.8563 0.2934 0.4249
vn 0.9164 0.1086 0.3852
vn 0.8683 -0.3931 0.3023
vn 0.9184 -0.2971 0.2614
vn 0.9023 -0.2997 0.3099
vn 0.8826 -0.3750 0.2835
vn 0.9176 -0.0110 0.3973
vn 0.8750 0.0905 0.4755
vn 0.9080 0.1075 0.4050
vn 0.9450 -0.0042 0.3270
vn 0.1987 0.5969 0.7772
vn 0.0000 0.6322 0.7748
vn 0.0000 0.4741 0.8805
vn 0.1310 0.5294 0.8382
vn 0.3352 -0.1781 0.9251
vn 0.6767 -0.2867 0.6782
vn 0.6606 -0.2715 0.6999
vn 0.2875 -0.1520 0.9456
vn 0.9409 -0.1287 0.3133
vn 0.9512 -0.1266 0.2814
vn 0.8726 -0.2904 0.3927
vn 0.8729 -0.3007 0.3842
vn 0.8075 -0.2037 0.5536
vn 0.7469 -0.1760 0.6412
vn 0.0000 0.1784 0.9839
vn -0.0573 0.2376 0.9697
vn 0.6539 0.0034 0.7566
vn 0.1867 0.1936 0.9631
vn 0.8334 0.0725 0.5478
vn 0.9052 0.1042 0.4120
vn 0.9314 -0.1514 0.3310
vn 0.8560 -0.1626 0.4908
vn 0.8508 -0.0581 0.5223
vn 0.4720 0.2488 0.8457
vn 0.9098 0.1953 0.3660
vn 0.9517 0.0394 0.3045
vn 0.8319 -0.1953 0.5193
vn 0.1784 0.3598 0.9158
vn 0.7812 0.0265 0.6237
vn 0.8411 0.0875 0.5337
vn 0.8399 -0.2355 0.4890
vn 0.7202 -0.3154 0.6179
vn 0.7758 0.0021 0.6309
vn 0.7372 0.1475 0.6593
vn 0.5509 0.0948 0.8292
vn 0.7429 0.3306 0.5820
vn 0.9283 0.0814 0.3629
vn 0.7063 -0.0540 0.7058
vn 0.3045 0.1214 0.9447
vn 0.6942 -0.1784 0.6973
vn 0.0000 -0.0620 0.9980
vn -0.4171 -0.0176 0.9087
vn 0.5000 0.3455 0.7941
vn 0.1033 0.5016 0.8589
vn -0.4074 -0.1441 0.9018
vn 0.0000 -0.2271 0.9738
vn 0.0000 0.2748 0.9615
vn -0.0163 0.1348 0.9907
vn 0.4556 -0.3863 0.8020
vn 0.5911 -0.2377 0.7707
vn 0.5363 -0.7043 0.4650
vn 0.1473 -0.6973 0.7015
vn 0.3728 -0.1617 0.9137
vn 0.4974 -0.6246 0.6020
vn 0.0851 -0.1994 0.9762
vn -0.3106 -0.0560 0.9489
vn 0.2192 -0.3236 0.9204
vn 0.4313 -0.7357 0.5222
vn 0.1193 0.3435 0.9315
vn 0.1128 0.0661 0.9914
vn 0.0814 0.5302 0.8440
vn 0.0556 0.6005 0.7976
vn 0.5918 0.1050 0.7992
vn 0.4929 0.1123 0.8628
vn 0.0000 0.6244 -0.7811
vn 0.0000 0.8862 -0.4633
vn 0.0000 0.1877 -0.9822
vn 0.0000 -0.1810 -0.9835
vn 0.0000 -0.3586 -0.9335
vn 0.0000 -0.8865 -0.4627
vn 0.0000 -0.6392 -0.7690
vn 0.0000 -0.9795 -0.2015
vn 0.0000 -0.6884 -0.7253
vn 0.0000 -0.0678 -0.9977
vn 0.8231 -0.0538 0.5653
vn 0.8027 -0.0227 0.5959
vn 0.5621 0.0588 0.8249
vn 0.2004 -0.1256 0.9716
vn 0.8492 -0.1593 0.5034
vn 0.8551 -0.1311 0.5015
vn 0.7099 0.0148 0.7041
vn 0.8002 -0.0367 0.5986
vn 0.1976 -0.7472 0.6345
vn 0.6153 -0.4922 0.6157
vn 0.6218 -0.2438 0.7442
vn 0.2141 -0.4010 0.8907
vn -0.2464 0.5724 0.7821
vn 0.1581 0.5900 0.7918
vn 0.3568 0.4925 0.7938
vn 0.1161 0.4951 0.8610
vn 0.7075 0.4031 0.5804
vn 0.8522 -0.0679 0.5188
vn 0.7549 -0.3908 0.5267
vn 0.6825 -0.4871 0.5449
vn 0.7637 -0.2955 0.5740
vn 0.8185 -0.1644 0.5505
vn -0.1428 -0.8090 0.5702
vn -0.5110 -0.1077 0.8528
vn 0.0936 0.8925 0.4411
vn 0.2485 0.9614 0.1181
vn 0.9771 0.1861 0.1029
vn 0.8502 0.1457 0.5058
vn 0.4440 0.6149 0.6518
vn 0.1722 0.8784 0.4457
vn 0.1552 0.8190 0.5524
vn 0.3133 0.5332 0.7859
vn 0.1571 0.3358 0.9287
vn 0.1125 0.4640 0.8787
vn 0.0262 0.4950 0.8685
vn 0.1771 0.4703 0.8646
vn 0.0790 0.7833 0.6166
vn 0.1175 0.4704 0.8746
vn 0.5806 0.6330 0.5120
vn 0.2673 0.8720 0.4100
vn -0.5539 0.4482 0.7016
vn -0.2147 0.3952 0.8931
vn 0.0000 0.6940 0.7199
vn 0.0000 0.8069 0.5907
vn 0.5775 0.6302 0.5189
vn 0.3953 0.3546 0.8473
vn 0.2488 -0.4041 0.8802
vn 0.1494 -0.1738 0.9734
vn 0.0000 0.9869 -0.1613
vn 0.0000 0.8972 0.4415
vn -0.0353 0.5326 0.8456
vn -0.0396 0.8225 0.5673
vn 0.1427 0.6311 0.7624
vn 0.4560 -0.0035 0.8900
vn -0.0067 0.9849 0.1731
vn -0.0040 0.9907 0.1361
vn 0.2930 -0.9543 0.0587
vn -0.1047 0.9689 0.2239
vn 0.5302 -0.8478 -0.0022
vn 0.4902 -0.8710 -0.0320
vn -0.1368 0.9651 0.2231
vn -0.0761 0.9760 0.2041
vn 0.5400 -0.7804 0.3151
vn 0.6737 -0.7389 -0.0037
vn 0.5580 -0.0637 0.8273
vn 0.0707 0.7020 0.7086
vn -0.3615 0.8273 0.4299
vn 0.5259 0.4830 0.7001
vn 0.0000 0.9599 0.2803
vn 0.5397 0.8362 0.0970
vn 0.4780 0.8757 0.0686
vn 0.0000 0.9889 0.1486
vn 0.0000 0.9698 0.2436
vn 0.5485 0.7795 0.3023
vn 0.0000 0.7766 0.6300
vn 0.4493 0.7016 0.5531
vn 0.4376 0.0928 0.8943
vn 0.0000 0.0915 0.9958
vn 0.0000 -0.5199 0.8542
vn 0.3044 -0.4665 0.8304
vn 0.0000 -0.3289 0.9444
vn 0.3715 -0.3980 0.8388
vn 0.8875 -0.3659 -0.2800
vn 0.7075 -0.3137 0.6333
vn 0.4344 -0.3162 0.8433
vn 0.2203 0.3700 0.9025
vn 0.0000 0.3351 0.9422
vn 0.0000 0.0058 1.0000
vn 0.1606 0.0089 0.9870
vn 0.0000 -0.9103 0.4138
vn 0.0381 -0.9214 0.3866
vn 0.0000 -0.9382 -0.3460
vn -0.0742 -0.9385 -0.3371
vn -0.4413 0.8875 0.1326
vn -0.1543 0.9786 -0.1358
vn 0.8098 0.2376 0.5364
vn 0.8783 0.3594 -0.3152
vn 0.6908 0.6992 0.1838
vn 0.6103 0.5013 0.6133
vn 0.2173 0.1928 0.9568
vn 0.4433 0.6156 0.6515
vn 0.3555 0.2755 0.8931
vn 0.4865 -0.1047 0.8674
vn 0.4785 0.6604 0.5787
vn 0.2351 0.5208 0.8207
vn 0.3844 -0.6303 0.6745
vn 0.4256 0.5362 0.7289
vn 0.3262 0.4818 0.8133
vn 0.3567 -0.0776 0.9310
vn 0.6620 -0.1373 0.7368
vn 0.5863 -0.0666 0.8073
vn 0.4828 0.3712 0.7931
vn 0.3159 0.3297 0.8896
vn 0.6082 0.4203 0.6734
vn 0.4382 0.5262 0.7287
vn 0.4488 -0.8527 0.2672
vn -0.3242 -0.8641 -0.3850
vn -0.2102 -0.8683 -0.4493
vn 0.5102 -0.8229 0.2500
vn 0.4169 -0.8078 0.4167
vn -0.2484 -0.9282 -0.2771
vn 0.6699 0.3851 0.6347
vn 0.8071 0.3220 0.4949
vn 0.6358 0.2418 0.7330
vn 0.7105 0.5362 0.4556
vn 0.5939 0.3731 0.7128
vn 0.5596 -0.0071 0.8288
vn 0.7071 0.4004 0.5827
vn 0.6052 0.5989 0.5244
vn 0.6114 0.5870 0.5307
vn 0.5994 0.0721 0.7971
vn 0.4220 0.3543 0.8345
vn 0.3457 -0.3595 0.8667
vn 0.3562 0.5191 0.7769
vn 0.4275 0.6375 0.6409
vn 0.1654 -0.8873 0.4304
vn 0.3356 0.0927 0.9374
vn -0.1069 -0.9466 -0.3042
vn 0.0000 0.4497 0.8932
vn 0.0000 0.9970 -0.0768
vn 0.0000 -0.5058 0.8626
vn 0.0000 -0.8022 0.5970
vn 0.0000 0.5105 0.8599
vn 0.0000 -0.1098 0.9939
vn 0.0000 0.2809 0.9597
vn 0.0000 -0.1099 0.9939
vn 0.0000 -0.1193 0.9928
vn 0.0000 -0.6949 0.7190
vn 0.0000 0.0726 0.9973
vn 0.0000 -0.9939 -0.1104
vn 0.0000 -0.7655 0.6434
vn 0.0000 0.0000 1.0000
vn 0.0000 0.0172 0.9998
vn 0.0000 0.1624 0.9867
vn 0.3811 0.1810 0.9066
vn 0.7316 0.2045 0.6503
vn 0.0985 -0.9237 -0.3701
vn 0.5185 -0.8357 0.1807
vn 0.1016 -0.9678 -0.2301
vn 0.4986 -0.8441 0.1971
vn -0.6254 -0.7197 0.3015
vn 0.1689 -0.7118 0.6818
vn -0.5020 0.4447 0.7418
vn -0.8447 0.4549 0.2818
vn -0.7852 0.5549 0.2748
vn 0.5368 0.1621 0.8280
vn 0.4790 0.0111 0.8777
vn 0.5744 -0.5111 0.6394
vn 0.5527 -0.4712 0.6873
vn 0.6138 -0.5310 0.5842
vn 0.6641 -0.4486 0.5981
vn -0.7121 0.6464 0.2741
vn 0.4913 -0.0812 0.8672
vn -0.3867 0.2437 0.8894
vn 0.6165 -0.0180 0.7871
vn -0.8927 0.1856 0.4106
vn 0.8590 -0.2342 0.4552
vn 0.7840 -0.2873 0.5503
vn 0.4229 0.3345 0.8422
vn 0.3526 0.0185 0.9356
vn 0.2609 -0.1078 0.9593
vn 0.6692 -0.5015 0.5482
vn 0.5662 -0.6240 0.5384
vn 0.7705 -0.1255 0.6249
vn 0.5013 -0.0421 0.8643
vn 0.3811 -0.5290 0.7582
vn 0.3987 -0.4354 0.8071
vn 0.1982 0.0692 0.9777
vn 0.0089 0.4199 0.9075
vn 0.4661 -0.4145 -0.7816
vn 0.6563 -0.7498 0.0840
vn -0.1889 0.8524 0.4875
vn 0.3611 -0.3948 0.8448
vn -0.0685 0.5941 -0.8014
vn 0.1880 0.1700 -0.9673
vn -0.2298 0.9162 -0.3282
vn 0.3980 -0.9144 0.0735
vn 0.3521 -0.5929 -0.7242
vn 0.2391 0.8436 0.4807
vn 0.2231 0.3913 0.8928
vn 0.2762 -0.5486 0.7891
vn 0.3048 0.0263 -0.9520
vn 0.2323 0.5648 -0.7918
vn 0.2292 0.9201 -0.3176
vn 0.2806 -0.0317 0.9593
vn -0.3452 -0.2251 0.9111
vn -0.5379 0.0459 0.8417
vn -0.6541 0.6814 0.3283
vn -0.9113 0.0688 0.4059
vn -0.0059 0.9983 -0.0583
vn 0.6468 0.6844 -0.3364
vn 0.6184 0.7595 -0.2020
vn 0.1820 0.8992 0.3979
vn 0.8742 0.1518 -0.4611
vn 0.9859 0.0755 0.1491
vn 0.9488 -0.2231 0.2236
vn 0.4274 -0.4043 0.8086
vn 0.4417 -0.3226 0.8371
vn -0.1147 -0.9889 -0.0940
vn 0.6070 -0.6420 -0.4683
vn 0.7072 -0.7069 -0.0050
vn 0.2444 -0.8727 0.4225
vn -0.2829 0.3138 0.9063
vn -0.8461 0.5310 0.0467
vn 0.8383 0.3251 0.4375
vn 0.4021 0.2816 0.8712
vn -0.3793 0.0420 -0.9243
vn 0.7265 0.2422 -0.6430
vn -0.7425 0.0777 -0.6652
vn -0.3601 0.0730 -0.9301
vn 0.2706 0.1015 -0.9573
vn 0.8924 0.4338 -0.1245
vn -0.7777 0.0215 0.6283
vn 0.4414 0.0745 0.8942
vn 0.5115 0.5438 -0.6653
vn 0.9028 -0.1574 0.4002
vn -0.6120 -0.2802 0.7396
vn -0.9869 -0.1590 -0.0252
vn 0.1914 -0.1566 0.9689
vn -0.3464 0.2815 -0.8948
vn 0.7435 0.6607 -0.1028
vn 0.1108 0.8160 0.5673
vn -0.7633 0.3840 -0.5195
vn -0.3242 0.4375 -0.8387
vn 0.2746 0.3581 -0.8924
vn -0.5945 0.7472 0.2971
vn -0.5412 0.5342 0.6494
vn -0.9376 -0.0062 0.3476
vn 0.5510 -0.7309 -0.4027
vn 0.7700 0.2855 -0.5705
vn -0.7066 -0.7054 0.0563
vn -0.8050 -0.5805 0.1221
vn -0.1762 -0.9837 0.0364
vn 0.9424 0.3249 -0.0799
vn 0.2713 0.8314 0.4848
vn -0.6446 0.1589 0.7478
vn -0.8989 -0.2104 0.3843
vn 0.6242 -0.6698 -0.4022
vn 0.7766 0.2660 -0.5710
vn -0.6451 -0.6520 0.3983
vn -0.0645 -0.9852 0.1590
vn 0.6501 0.1956 -0.7342
vn 0.2970 -0.4917 -0.8185
vn -0.0199 -0.3299 -0.9438
vn 0.1297 0.1947 -0.9722
vn -0.2086 -0.8502 -0.4832
vn -0.8079 -0.5892 -0.0054
vn -0.8338 -0.3381 -0.4363
vn -0.4182 -0.3395 -0.8425
vn 0.7631 0.2178 -0.6084
vn 0.7489 0.3391 -0.5693
vn -0.9759 0.1141 0.1858
vn -0.9843 0.1714 -0.0411
vn -0.8491 0.3622 -0.3845
vn -0.9074 0.2386 -0.3459
vn -0.4318 0.1954 -0.8805
vn -0.3401 0.3703 -0.8644
vn 0.3312 0.4560 -0.8260
vn 0.6980 0.4133 -0.5847
vn -0.4061 -0.7493 0.5231
vn -0.9496 -0.0539 0.3088
vn -0.6233 -0.7528 0.2117
vn -0.9597 -0.2375 0.1500
vn -0.1093 -0.9804 -0.1640
vn 0.5087 -0.6189 -0.5985
vn 0.6236 0.2921 -0.7251
vn 0.9124 0.1575 -0.3778
vn 0.8157 0.5419 0.2022
vn -0.9048 0.0355 -0.4242
vn -0.3182 0.2860 -0.9039
vn -0.9622 -0.0807 -0.2600
vn -0.9910 -0.0930 -0.0959
vn -0.5802 0.2766 0.7660
vn 0.3554 0.5882 0.7265
vn 0.5372 0.4337 -0.7234
vn -0.3955 -0.0680 -0.9159
vn -0.8501 -0.3020 -0.4314
vn -0.8287 -0.4211 -0.3687
vn -0.3909 -0.2736 -0.8788
vn -0.9456 -0.2533 -0.2042
vn -0.9974 -0.0656 -0.0286
vn -0.8845 -0.4220 0.1990
vn -0.8992 -0.4375 0.0034
vn 0.8094 0.4731 0.3480
vn 0.7197 0.3817 -0.5799
vn 0.9049 0.2878 -0.3135
vn 0.8692 0.2683 0.4153
vn 0.6951 0.1811 -0.6957
vn 0.3923 0.1534 -0.9069
vn 0.3480 0.0476 -0.9363
vn 0.7219 0.2191 -0.6563
vn -0.7333 0.0215 0.6795
vn -0.5395 -0.3331 0.7732
vn 0.2713 0.3063 0.9124
vn 0.2900 0.0349 0.9564
vn 0.8175 0.3476 0.4592
vn 0.2967 0.1280 0.9463
vn -0.9283 -0.3707 0.0301
vn -0.8704 -0.3501 -0.3460
vn 0.7078 0.2773 -0.6496
vn 0.9000 0.3687 -0.2324
vn -0.4450 -0.1845 -0.8763
vn 0.3086 0.1127 -0.9445
vn -0.5533 -0.2091 0.8063
vn -0.8955 -0.3450 0.2810
vn -0.8836 -0.4674 0.0269
vn -0.8350 -0.4236 -0.3512
vn 0.7334 0.2005 -0.6495
vn 0.9456 0.2633 -0.1907
vn -0.4205 -0.2382 -0.8754
vn 0.3576 0.0642 -0.9316
vn 0.3346 0.0201 0.9421
vn -0.5172 -0.3634 0.7748
vn -0.8337 -0.4517 0.3176
vn 0.8959 0.1821 0.4051
vn -0.3850 -0.2594 -0.8857
vn 0.3439 0.0284 -0.9386
vn 0.2440 0.3613 0.8999
vn -0.6782 -0.1324 0.7228
vn -0.8183 -0.4971 0.2885
vn -0.8845 -0.4658 0.0255
vn 0.9520 0.2349 -0.1961
vn 0.8850 0.3857 0.2606
vn -0.8288 -0.4312 -0.3565
vn 0.7270 0.2139 -0.6524
vn -0.9360 -0.2927 0.1953
vn -0.9538 -0.2992 0.0266
vn 0.8983 0.3331 -0.2864
vn 0.7910 0.5055 0.3446
vn -0.8914 -0.2940 -0.3448
vn -0.4609 -0.1796 -0.8690
vn 0.3212 0.0853 -0.9431
vn 0.7142 0.2418 -0.6568
vn -0.7767 -0.0246 0.6294
vn 0.1587 0.5252 0.8361
vn 0.8695 0.1791 0.4602
vn 0.9449 0.2076 -0.2531
vn 0.8280 -0.5137 -0.2249
vn 0.7284 -0.5616 0.3923
vn -0.4499 -0.2050 -0.8692
vn -0.8907 -0.3111 -0.3313
vn -0.6641 -0.7144 -0.2204
vn -0.3510 -0.7620 -0.5442
vn 0.7531 0.1581 -0.6385
vn 0.3500 0.0257 -0.9364
vn 0.2596 -0.6388 -0.7242
vn 0.6507 -0.5074 -0.5649
vn -0.9245 -0.3152 0.2141
vn -0.5497 -0.2251 0.8044
vn -0.3774 -0.7302 0.5695
vn -0.7387 -0.6506 0.1758
vn 0.3371 0.0332 0.9409
vn 0.2234 -0.5549 0.8013
vn -0.9467 -0.3210 0.0269
vn -0.7313 -0.6814 0.0309
vn -0.4209 -0.8907 -0.1715
vn -0.1996 -0.8145 -0.5447
vn 0.2851 -0.7240 -0.6280
vn 0.5439 -0.7074 -0.4513
vn -0.3699 -0.7297 0.5750
vn -0.5454 -0.8134 0.2019
vn 0.5565 -0.7466 0.3643
vn 0.1825 -0.7002 0.6902
vn -0.4478 -0.8938 0.0238
vn 0.6848 -0.7142 -0.1446
vn 0.1703 -0.5256 -0.8335
vn 0.6647 -0.4267 -0.6132
vn -0.3630 -0.7035 0.6110
vn -0.5137 -0.8336 0.2030
vn 0.7299 -0.4407 0.5225
vn 0.1673 -0.5100 0.8437
vn -0.5889 -0.8075 -0.0332
vn -0.5922 -0.7654 -0.2518
vn 0.8926 -0.4184 -0.1675
vn -0.3247 -0.7035 -0.6322
vn -0.4266 -0.8425 0.3289
vn 0.2629 -0.5896 0.7637
vn 0.0000 -0.7404 0.6722
vn 0.0000 -0.9867 0.1626
vn 0.8002 -0.2277 0.5548
vn 0.0811 -0.3234 0.9428
vn -0.6930 -0.4827 -0.5355
vn -0.8442 -0.5355 0.0230
vn 0.0000 -0.9749 0.2223
vn 0.0000 -0.6519 -0.7583
vn 0.6593 -0.3279 -0.6766
vn 0.9573 -0.2542 -0.1375
vn -0.3736 -0.4465 -0.8130
vn 0.2006 -0.3857 -0.9006
vn -0.0931 0.8711 -0.4821
vn -0.4069 0.7660 -0.4976
vn -0.2100 0.9775 -0.0175
vn 0.0518 0.9798 0.1932
vn -0.3859 -0.0645 -0.9203
vn 0.2131 -0.0517 -0.9756
vn -0.6743 -0.4690 0.5704
vn 0.1672 0.1126 0.9795
vn -0.0279 -0.0065 0.9996
vn 0.7327 0.0012 -0.6805
vn 0.9922 0.0901 -0.0862
vn 0.7938 0.1485 0.5897
vn 0.0000 -0.0303 -0.9995
vn -0.6840 -0.0556 -0.7273
vn 0.6706 0.3997 -0.6249
vn 0.8716 0.4885 -0.0398
vn -0.3254 0.2802 -0.9031
vn 0.2075 0.3466 -0.9147
vn 0.0000 0.2216 -0.9751
vn -0.6612 0.2003 -0.7230
vn 0.6168 0.4492 0.6463
vn 0.1163 0.3204 0.9401
vn -0.0728 0.2761 0.9583
vn 0.0000 0.2045 -0.9789
vn -0.5042 0.1958 -0.8411
vn 0.2168 0.4621 -0.8599
vn 0.6532 0.5695 -0.4989
vn 0.7947 0.6051 -0.0472
vn 0.5033 0.5423 0.6727
vn 0.1257 0.3520 0.9275
vn -0.1541 0.2043 0.9667
vn -0.2744 0.2819 -0.9193
vn -0.0617 0.9683 -0.2419
vn 0.0000 0.9843 -0.1762
vn 0.0000 0.8506 -0.5258
vn -0.1176 0.8794 -0.4613
vn 0.0880 0.9921 -0.0891
vn 0.0846 0.9120 -0.4012
vn -0.0232 0.9885 -0.1494
vn 0.2224 0.9749 0.0005
vn 0.1203 0.9886 0.0903
vn 0.2590 0.9652 -0.0359
vn 0.0115 0.9965 0.0832
vn 0.0285 0.9995 -0.0116
vn -0.1267 0.9014 0.4140
vn -0.0428 0.9990 0.0154
vn -0.2597 0.8522 0.4542
vn 0.2155 0.8955 0.3894
vn -0.2196 0.8566 -0.4669
vn 0.1333 0.9480 -0.2889
vn 0.9773 0.1728 -0.1224
vn 0.9176 0.2747 0.2873
vn 0.5995 0.3223 0.7326
vn 0.4511 0.3024 0.8396
vn 0.9264 0.0531 -0.3726
vn -0.1404 -0.1283 -0.9817
vn 0.5497 -0.0707 -0.8324
vn 0.0000 -0.1441 -0.9896
vn -0.4571 -0.1212 -0.8811
vn 0.6011 -0.4164 0.6821
vn 0.3055 -0.4061 0.8612
vn 0.9490 -0.0817 -0.3043
vn 0.9870 -0.1143 -0.1131
vn -0.2537 -0.1525 -0.9552
vn 0.5083 -0.1726 -0.8437
vn 0.0000 -0.0648 -0.9979
vn -0.7048 -0.0804 -0.7048
vn 0.9568 -0.1422 0.2533
vn 0.4936 -0.3757 0.7843
vn 0.1793 -0.4775 0.8601
vn 0.9361 -0.1736 -0.3059
vn 0.9665 -0.2130 -0.1432
vn -0.2729 -0.0220 -0.9618
vn 0.4978 -0.0976 -0.8618
vn 0.0000 -0.0557 -0.9984
vn -0.7406 -0.0290 -0.6713
vn 0.7839 -0.1435 0.6041
vn -0.1919 0.0451 -0.9803
vn 0.5169 -0.1530 -0.8423
vn 0.0000 -0.0132 -0.9999
vn -0.6319 0.0551 -0.7731
vn 0.9542 -0.1922 -0.2293
vn 0.9900 -0.1141 -0.0823
vn 0.9499 -0.1467 0.2760
vn 0.4303 -0.2381 0.8707
vn 0.2283 -0.4199 0.8784
vn 0.0000 0.1557 -0.9878
vn -0.5788 0.1519 -0.8012
vn 0.4569 -0.0489 -0.8881
vn 0.7384 -0.4026 -0.5409
vn 0.6681 -0.7431 0.0375
vn 0.6691 -0.3581 0.6512
vn 0.5265 -0.2894 0.7993
vn 0.2017 -0.5112 0.8354
vn -0.1809 0.1354 -0.9741
vn 0.0818 0.0481 0.9955
vn 0.5515 -0.0195 0.8339
vn 0.3592 0.1981 0.9120
vn 0.0772 0.2815 0.9565
vn 0.4577 -0.0501 0.8877
vn 0.2440 0.7307 0.6375
vn -0.5256 0.2537 -0.8120
vn 0.0000 0.2611 -0.9653
vn 0.0000 0.6591 -0.7520
vn 0.5372 0.1488 -0.8302
vn 0.3407 0.2702 -0.9005
vn 0.1802 0.8654 -0.4676
vn 0.4262 0.8284 -0.3633
vn -0.1710 0.3229 -0.9308
vn 0.3728 0.0544 -0.9263
vn 0.5817 0.6317 -0.5124
vn 0.6170 0.5620 -0.5508
vn 0.3540 0.0543 -0.9336
vn -0.2436 -0.5947 0.7661
vn -0.2897 -0.9569 0.0197
vn -0.5228 -0.8524 -0.0097
vn -0.3160 -0.5312 0.7861
vn 0.0580 -0.7013 -0.7105
vn -0.1364 -0.6171 -0.7750
vn -0.0113 0.0278 0.9995
vn 0.0553 -0.0012 0.9984
vn 0.3071 0.5910 0.7459
vn 0.4455 0.5528 0.7042
vn 0.5415 0.8388 0.0558
vn 0.6389 0.7692 0.0094
vn 0.0052 0.8224 0.5688
vn 0.0000 0.9798 -0.1999
vn -0.8094 -0.5516 0.2015
vn 0.0000 0.2753 0.9613
vn 0.0711 0.2798 0.9574
vn 0.0996 0.7679 0.6327
vn 0.0000 0.6788 0.7343
vn 0.0000 -0.4573 0.8893
vn 0.0704 -0.4705 0.8796
vn 0.0739 0.0500 0.9960
vn 0.0000 0.0513 0.9987
vn 0.0000 -0.5197 0.8543
vn -0.0250 -0.4880 0.8725
vn 0.0000 -0.5396 0.8419
vn -0.0777 -0.4345 0.8973
vn 0.0000 -0.3087 0.9511
vn 0.1193 -0.3545 0.9274
vn 0.0000 0.2686 0.9633
vn 0.3547 0.2830 0.8911
vn 0.0000 0.8422 0.5392
vn 0.1231 0.9183 0.3761
vn 0.0000 0.6587 0.7524
vn -0.0540 0.6655 0.7444
vn 0.3434 -0.1227 0.9311
vn -0.1241 0.4328 0.8929
vn -0.1190 0.7977 -0.5911
vn 0.2047 0.9646 0.1661
vn 0.1675 0.9426 0.2888
vn 0.5325 0.6650 0.5236
vn 0.2376 0.7658 0.5975
vn 0.0000 0.7181 -0.6959
vn 0.0000 0.7309 0.6825
vn 0.4922 0.7740 0.3981
vn 0.1605 0.9444 0.2868
vn -0.0809 0.9895 0.1194
vn 0.2435 0.9587 0.1467
vn 0.4999 0.5430 0.6747
vn 0.0000 0.6146 0.7888
vn 0.0000 0.1245 -0.9922
vn 0.0046 0.9391 -0.3435
vn 0.6307 0.4809 0.6091
vn 0.2618 0.9633 -0.0587
vn 0.5582 0.7180 0.4157
vn 0.5826 0.8126 -0.0121
vn 0.4532 0.5993 -0.6599
vn 0.3876 0.5430 0.7449
vn -0.0029 0.0056 1.0000
vn -0.6851 -0.7280 -0.0224
vn -0.4467 -0.4730 0.7594
vn 0.0529 0.0446 -0.9976
vn -0.4418 -0.5020 -0.7435
vn -0.4411 -0.4164 0.7949
vn -0.0704 0.0352 0.9969
vn 0.2672 0.6139 0.7428
vn -0.6670 -0.7435 -0.0483
vn 0.4476 0.8942 -0.0055
vn 0.3085 0.6692 -0.6760
vn -0.0486 0.0850 -0.9952
vn -0.4410 -0.4335 -0.7859
vn 0.4107 0.5534 0.7246
vn 0.6015 0.7988 -0.0092
vn -0.3680 -0.4675 0.8037
vn -0.0041 0.0201 0.9998
vn -0.6002 -0.7957 -0.0811
vn 0.4472 0.6059 -0.6579
vn 0.0354 0.0674 -0.9971
vn -0.3450 -0.4534 -0.8218
vn 0.5574 0.5186 -0.6483
vn 0.1102 0.0518 -0.9926
vn -0.3399 -0.4764 -0.8108
vn -0.5981 -0.7961 -0.0921
vn 0.5101 0.4632 0.7247
vn 0.7285 0.6850 -0.0066
vn -0.3589 -0.5060 0.7843
vn 0.0652 0.0136 0.9978
vn 0.5617 0.5892 -0.5808
vn 0.6806 0.7324 -0.0212
vn 0.5279 0.8485 0.0359
vn 0.3928 0.7509 -0.5309
vn 0.1199 0.0834 0.9893
vn -0.1552 -0.2389 0.9586
vn -0.3941 -0.3641 0.8438
vn -0.0833 0.1187 0.9894
vn 0.6558 0.7000 0.2828
vn 0.4745 0.4790 0.7385
vn 0.2308 0.5290 0.8166
vn 0.4646 0.7762 0.4261
vn 0.2564 0.2447 -0.9350
vn 0.0814 0.4844 -0.8710
vn -0.4760 -0.6657 0.5747
vn -0.5540 -0.7692 0.3186
vn 0.0000 -0.0954 0.9954
vn 0.0000 0.3113 0.9503
vn -0.0542 0.2417 0.9688
vn 0.0000 0.1489 0.9888
vn 0.0706 0.0078 0.9975
vn 0.5390 0.4780 0.6934
vn -0.4152 -0.5395 0.7324
vn 0.7345 0.6785 0.0044
vn -0.3836 -0.5197 -0.7633
vn -0.6181 -0.7825 -0.0753
vn 0.1155 0.0166 -0.9932
vn 0.5841 0.5151 -0.6273
vn -0.4642 -0.6915 -0.5535
vn -0.4029 -0.8621 -0.3073
vn -0.3767 -0.8785 -0.2936
vn -0.4853 -0.7210 -0.4945
vn -0.1609 0.9865 0.0284
vn -0.0305 0.9843 0.1735
vn -0.1627 0.9437 -0.2880
vn 0.0479 0.9984 -0.0307
vn -0.4982 -0.5122 0.6996
vn -0.3466 0.3005 0.8885
vn -0.5226 -0.8362 -0.1664
vn -0.3289 -0.9309 -0.1585
vn -0.3813 -0.9232 0.0483
vn -0.3713 -0.2319 -0.8991
vn -0.1944 0.4614 -0.8656
vn -0.3207 -0.2340 -0.9178
vn 0.3254 -0.9398 -0.1040
vn 0.1875 -0.6797 -0.7090
vn -0.0119 -0.7508 -0.6604
vn -0.0077 -0.9996 -0.0272
vn 0.1361 0.9907 -0.0033
vn 0.1221 0.6684 0.7337
vn 0.0077 0.7367 0.6762
vn -0.0034 0.9989 0.0468
vn 0.0647 -0.0500 0.9966
vn 0.1849 -0.6748 0.7144
vn 0.0080 -0.7602 0.6496
vn 0.0164 -0.0189 0.9997
vn 0.0723 0.7421 -0.6663
vn -0.0125 0.7844 -0.6201
vn 0.0927 0.0245 -0.9954
vn -0.0124 -0.0045 -0.9999
vn 0.0305 -0.7349 -0.6775
vn 0.0256 0.0112 -0.9996
vn 0.0591 0.0180 -0.9981
vn 0.0339 -0.7320 -0.6805
vn 0.0450 -0.9985 -0.0299
vn 0.0271 -0.9992 -0.0291
vn 0.0515 0.9977 0.0441
vn 0.0643 0.7466 0.6621
vn 0.0969 0.7492 0.6552
vn 0.1012 0.9939 0.0425
vn 0.0700 -0.0070 0.9975
vn 0.0594 -0.7588 0.6486
vn 0.0414 -0.7566 0.6526
vn 0.0721 0.0004 0.9974
vn 0.0360 0.7820 -0.6222
vn 0.0876 0.7836 -0.6151
vn 0.4998 0.6753 -0.5423
vn 0.5253 0.8505 0.0255
vn 0.9149 0.4035 -0.0116
vn 0.8933 0.3377 -0.2964
vn 0.4859 0.0013 -0.8740
vn 0.9140 0.0334 -0.4043
vn 0.4870 -0.6465 -0.5872
vn 0.9177 -0.2841 -0.2777
vn 0.4663 -0.8840 -0.0341
vn 0.9264 -0.3750 -0.0339
vn 0.5167 0.6457 0.5622
vn 0.9082 0.3226 0.2666
vn 0.4987 -0.0136 0.8666
vn 0.4981 -0.6709 0.5493
vn 0.9276 -0.2912 0.2339
vn 0.9287 0.0217 0.3702
vn 0.9995 0.0222 -0.0213
vn 0.0575 -0.9940 0.0927
vn 0.3490 -0.8238 -0.4465
vn -0.1196 -0.8133 -0.5693
vn -0.0318 -0.9989 0.0352
vn 0.2922 0.9555 0.0394
vn 0.0104 0.6741 0.7385
vn 0.0902 0.7016 0.7068
vn 0.1122 0.9901 0.0837
vn -0.1242 0.0733 0.9895
vn -0.0855 -0.7160 0.6928
vn -0.0210 -0.6989 0.7149
vn 0.0046 0.0234 0.9997
vn 0.3889 0.7637 -0.5152
vn 0.0220 0.8884 -0.4585
vn 0.5552 0.1163 -0.8235
vn -0.1885 0.1200 -0.9747
vn -0.1938 -0.6753 -0.7115
vn -0.1077 0.0527 -0.9928
vn 0.2592 0.0024 -0.9658
vn 0.0839 -0.7773 -0.6234
vn -0.1098 -0.9935 -0.0303
vn -0.0365 -0.9971 -0.0664
vn 0.0416 0.9962 0.0762
vn 0.1768 0.6767 0.7147
vn 0.0737 0.6625 0.7454
vn 0.1376 0.9898 0.0370
vn 0.1963 -0.0251 0.9802
vn 0.0670 -0.7319 0.6781
vn -0.0368 -0.6941 0.7189
vn 0.0798 -0.0310 0.9963
vn -0.0589 0.7694 -0.6359
vn 0.2319 0.8134 -0.5334
vn 0.5594 0.6141 -0.5566
vn 0.6448 0.7630 0.0446
vn 0.9591 0.2774 0.0558
vn 0.8654 0.2371 -0.4413
vn 0.5718 -0.0573 -0.8184
vn 0.8864 -0.0783 -0.4562
vn 0.4029 -0.6967 -0.5935
vn 0.8100 -0.4118 -0.4175
vn 0.4208 -0.9067 -0.0275
vn 0.8622 -0.5055 0.0331
vn 0.3789 0.5069 0.7742
vn 0.8460 0.2179 0.4865
vn 0.5562 -0.0468 0.8297
vn 0.2407 -0.6330 0.7357
vn 0.7519 -0.4682 0.4640
vn 0.8489 -0.1502 0.5067
vn 0.9919 -0.1064 0.0698
vn -0.0500 0.1227 0.9911
vn -0.0386 -0.0146 0.9991
vn -0.0308 0.1216 0.9921
vn -0.1097 0.1442 0.9834
vn -0.0829 -0.6381 0.7655
vn -0.0261 0.5681 0.8225
vn -0.3605 0.2162 0.9073
vn -0.3449 -0.6087 0.7145
vn -0.2102 0.5598 0.8015
vn -0.2218 0.6601 0.7177
vn 0.4637 -0.7514 -0.4694
vn 0.0550 -0.9889 0.1379
vn -0.1053 -0.9914 0.0775
vn 0.1995 -0.7638 -0.6138
vn 0.8811 0.4574 0.1201
vn 0.2780 0.7807 0.5596
vn 0.7723 0.0311 -0.6344
vn -0.1717 0.6701 0.7221
vn -0.1578 0.6996 0.6968
vn -0.1465 0.4704 -0.8702
vn -0.1908 -0.3907 -0.9005
vn -0.3155 -0.8063 -0.5003
vn -0.2286 -0.9588 -0.1686
vn -0.0725 0.3868 -0.9193
vn 0.0913 -0.6312 -0.7702
vn -0.1829 0.9762 0.1160
vn -0.0445 0.8395 0.5415
vn -0.0891 0.8157 0.5716
vn -0.0458 0.9872 -0.1527
vn 0.0048 0.9930 -0.1174
vn -0.1478 0.9399 -0.3076
vn -0.0529 0.9319 -0.3589
vn -0.0457 0.9881 -0.1466
vn 0.1644 -0.9375 -0.3065
vn -0.0800 0.9804 0.1798
vn -0.0372 0.8087 -0.5870
vn 0.0002 -0.8580 -0.5136
vn 0.2304 0.4599 0.8575
vn 0.0134 -0.9615 0.2742
vn 0.2070 -0.9720 0.1110
vn 0.2055 -0.9692 0.1353
vn 0.0627 -0.9957 0.0678
vn 0.4386 -0.8494 -0.2936
vn 0.1831 -0.9826 0.0295
vn 0.2032 -0.9660 0.1598
vn 0.2068 -0.9763 -0.0633
vn 0.4829 -0.8514 0.2044
vn 0.7780 -0.6172 -0.1171
vn 0.4639 -0.2578 0.8475
vn -0.1916 0.7412 0.6433
vn -0.0708 0.5052 0.8601
vn -0.0307 0.9253 0.3779
vn 0.0620 -0.9853 -0.1590
vn 0.3267 -0.8878 0.3239
vn 0.4390 -0.8494 -0.2927
vn 0.2245 -0.9680 0.1119
vn 0.3042 -0.9466 0.1071
vn 0.2011 -0.9749 0.0956
vn 0.1054 -0.9942 -0.0185
vn 0.1039 -0.6255 -0.7732
vn -0.0803 0.3521 -0.9325
vn 0.0251 0.2390 -0.9707
vn 0.1936 -0.5214 -0.8310
vn -0.1732 0.9481 -0.2666
vn -0.2459 0.8745 0.4180
vn 0.0055 0.9739 0.2267
vn 0.1355 0.8758 -0.4632
vn -0.0493 0.0556 0.9972
vn -0.0056 -0.5079 0.8614
vn 0.0566 -0.8147 0.5770
vn -0.0146 -0.0683 0.9975
vn 0.1932 -0.9724 0.1306
vn 0.1750 -0.9783 0.1110
vn -0.1438 0.7895 -0.5967
vn -0.2119 0.9655 0.1514
vn 0.1047 0.9891 0.1032
vn 0.1809 0.7407 -0.6470
vn -0.1754 0.9743 -0.1410
vn -0.1791 0.9388 -0.2942
vn 0.4007 0.8961 0.1905
vn 0.0011 0.9974 -0.0721
vn -0.1687 0.4781 0.8619
vn -0.0587 0.5986 0.7989
vn -0.1816 0.9445 -0.2736
vn -0.1187 0.9569 -0.2648
vn 0.3700 0.9266 -0.0662
vn 0.0120 0.9892 -0.1462
vn 0.0218 0.9409 -0.3380
vn -0.1785 0.8712 -0.4572
vn -0.0377 0.9565 -0.2894
vn -0.0316 0.9251 -0.3783
vn -0.1465 0.8237 -0.5477
vn -0.1320 0.8415 -0.5238
vn -0.0589 0.7672 -0.6387
vn -0.1201 0.7132 -0.6905
vn -0.0111 0.6939 -0.7199
vn 0.7351 0.0335 0.6771
vn 0.5472 -0.6665 0.5064
vn 0.0056 0.7860 -0.6182
vn -0.0025 0.0079 -0.9999
vn 0.0215 0.9986 0.0481
vn 0.0190 -0.9995 -0.0258
vn 0.0371 -0.7583 0.6508
vn 0.0439 -0.0091 0.9990
vn 0.0359 0.7462 0.6647
vn 0.0058 -0.7377 -0.6751
vn 0.1453 -0.9867 -0.0722
vn 0.0283 -0.6991 -0.7145
vn 0.0142 -0.8330 -0.5531
vn 0.0407 -0.9987 -0.0308
vn 0.1547 0.9879 -0.0091
vn 0.0858 0.6592 0.7470
vn 0.0274 0.6872 0.7260
vn 0.0232 0.9986 0.0477
vn 0.0022 -0.1621 0.9868
vn 0.0559 -0.7528 0.6558
vn 0.0374 -0.8511 0.5237
vn 0.0463 -0.2313 0.9718
vn 0.0576 0.6550 -0.7534
vn 0.0044 0.7176 -0.6964
vn -0.0158 -0.1408 -0.9899
vn 0.0023 -0.2145 -0.9767
vn -0.0068 -0.8362 -0.5483
vn 0.0162 -0.2003 -0.9796
vn 0.0511 -0.0539 -0.9972
vn -0.0050 -0.7645 -0.6446
vn -0.0128 -0.9995 -0.0284
vn -0.0276 -0.9992 -0.0271
vn 0.1291 0.9908 0.0405
vn 0.1165 0.7017 0.7028
vn 0.1347 0.7183 0.6826
vn 0.1702 0.9846 0.0404
vn 0.0533 -0.2085 0.9766
vn 0.0132 -0.8452 0.5342
vn 0.0013 -0.7838 0.6210
vn 0.0614 -0.0666 0.9959
vn 0.0900 0.7388 -0.6679
vn 0.1305 0.7528 -0.6451
vn 0.4692 0.6899 -0.5512
vn 0.4931 0.8696 0.0255
vn 0.8971 0.4415 -0.0128
vn 0.8715 0.3687 -0.3233
vn 0.4609 0.0047 -0.8874
vn 0.8961 0.0350 -0.4424
vn 0.4666 -0.6534 -0.5960
vn 0.8996 -0.3125 -0.3051
vn 0.4457 -0.8945 -0.0352
vn 0.9100 -0.4129 -0.0372
vn 0.4873 0.6605 0.5712
vn 0.8889 0.3530 0.2919
vn 0.4751 -0.0102 0.8799
vn 0.4793 -0.6787 0.5564
vn 0.9114 -0.3209 0.2575
vn 0.9135 0.0227 0.4062
vn 0.9994 0.0247 -0.0237
vn 0.0049 0.7298 -0.6836
vn -0.0019 -0.2777 -0.9607
vn 0.0211 0.9986 0.0481
vn 0.0167 -0.9995 -0.0259
vn 0.0284 -0.8650 0.5008
vn 0.0390 -0.2765 0.9602
vn 0.0363 0.6839 0.7287
vn 0.0068 -0.8590 -0.5119
vn -0.0683 0.7500 -0.6579
vn 0.0819 0.6626 -0.7444
vn -0.1440 0.9170 -0.3721
vn -0.0223 0.7984 -0.6016
vn -0.0540 0.9255 -0.3747
vn 0.2850 -0.9243 0.2538
vn 0.0876 -0.9836 -0.1579
vn 0.1634 -0.9427 -0.2908
vn 0.1848 -0.9467 0.2639
vn 0.2397 -0.9705 0.0274
vn 0.3087 -0.9145 0.2612
vn -0.0521 -0.9893 0.1357
vn 0.4663 -0.0945 -0.8795
vn 0.4792 -0.8708 -0.1091
vn 0.3023 -0.9313 -0.2033
vn -0.0559 -0.1444 0.9879
vn -0.0148 -0.0169 0.9997
vn -0.0761 -0.1367 0.9877
vn 0.0856 -0.9958 -0.0315
vn 0.0108 -0.6970 -0.7170
vn 0.0189 -0.8335 -0.5522
vn 0.0417 -0.9986 -0.0334
vn 0.3020 0.9521 0.0487
vn 0.1697 0.6314 0.7566
vn 0.0288 0.6915 0.7218
vn 0.0244 0.9988 0.0416
vn 0.0627 -0.1686 0.9837
vn 0.0630 -0.7804 0.6221
vn 0.0371 -0.8534 0.5200
vn 0.0479 -0.2320 0.9715
vn 0.1859 0.6238 -0.7591
vn 0.0118 0.7192 -0.6947
vn 0.0025 -0.1753 -0.9845
vn 0.0133 -0.2150 -0.9765
vn 0.0132 -0.8453 0.5342
vn 0.4609 0.0046 -0.8874
vn 0.8961 0.0349 -0.4424
vn 0.4666 -0.6535 -0.5960
vn 0.8889 0.3529 0.2919
vn 0.4792 -0.6787 0.5565
vn 0.4107 0.8777 0.2470
vn 0.7548 0.0923 -0.6494
vn 0.5327 -0.8162 -0.2237
vn 0.2328 -0.9711 0.0518
vn 0.1414 -0.8595 -0.4911
vn -0.0323 -0.8855 -0.4636
vn -0.0490 -0.9987 0.0158
vn 0.2003 0.9745 0.1010
vn 0.0829 0.6431 0.7613
vn 0.0066 0.6865 0.7271
vn 0.0228 0.9986 0.0477
vn 0.0297 -0.3024 0.9527
vn 0.1329 -0.8421 0.5226
vn -0.0369 -0.8845 0.4649
vn -0.0142 -0.3510 0.9362
vn 0.1083 0.6543 -0.7484
vn 0.0226 0.7136 -0.7001
vn 0.0133 -0.3407 -0.9401
vn -0.0057 -0.3348 -0.9423
vn -0.0010 -0.8363 -0.5482
vn 0.0275 -0.2021 -0.9790
vn 0.0616 -0.0538 -0.9966
vn -0.0004 -0.7645 -0.6446
vn -0.0133 -0.9995 -0.0273
vn -0.0287 -0.9992 -0.0271
vn 0.1352 0.9900 0.0409
vn 0.1152 0.7017 0.7031
vn 0.1360 0.7176 0.6831
vn 0.1784 0.9831 0.0405
vn 0.0461 -0.2084 0.9769
vn 0.0076 -0.8445 0.5355
vn -0.0035 -0.7837 0.6211
vn 0.0567 -0.0658 0.9962
vn 0.1015 0.7385 -0.6665
vn 0.1422 0.7513 -0.6444
vn 0.4830 0.6845 -0.5460
vn 0.5053 0.8625 0.0266
vn 0.9050 0.4252 -0.0126
vn 0.8807 0.3558 -0.3127
vn 0.4743 0.0040 -0.8803
vn 0.9034 0.0343 -0.4274
vn 0.4780 -0.6499 -0.5909
vn 0.9071 -0.3009 -0.2943
vn 0.4558 -0.8895 -0.0335
vn 0.9171 -0.3971 -0.0361
vn 0.4969 0.6550 0.5692
vn 0.8978 0.3396 0.2803
vn 0.4824 -0.0110 0.8759
vn 0.4864 -0.6749 0.5549
vn 0.9187 -0.3082 0.2468
vn 0.9206 0.0222 0.3898
vn 0.9995 0.0236 -0.0227
vn 0.0189 0.7311 -0.6820
vn 0.0184 -0.2772 -0.9606
vn 0.0211 0.9985 0.0497
vn 0.0182 -0.9995 -0.0234
vn 0.0180 -0.8648 0.5018
vn 0.0208 -0.2764 0.9608
vn 0.0234 0.6828 0.7302
vn 0.0193 -0.8589 -0.5117
vn 0.6288 -0.0995 -0.7711
vn 0.4542 -0.7999 -0.3923
vn 0.6892 0.1471 0.7094
vn 0.4081 -0.7309 0.5470
vn -0.1761 0.9834 0.0427
vn -0.0508 0.9971 0.0560
vn 0.7808 -0.0767 0.6200
vn 0.0000 -0.0555 -0.9984
vn 0.0000 -0.0804 -0.9967
vn 0.5359 -0.1107 -0.8370
vn 0.5347 -0.0701 -0.8421
vn 0.0000 -0.6311 -0.7757
vn 0.4689 -0.3967 -0.7891
vn 0.4401 0.0917 -0.8932
vn 0.4189 0.1066 -0.9017
vn -0.9036 0.0566 -0.4245
vn -0.9012 0.0161 -0.4331
vn 0.3926 0.4078 -0.8244
vn -0.8415 0.3382 -0.4212
vn 0.6290 0.4078 -0.6619
vn 0.6956 0.0918 -0.7125
vn 0.0000 0.0301 -0.9995
vn -0.5991 0.4154 -0.6844
vn 0.6784 0.1065 -0.7269
vn 0.0000 0.0912 -0.9958
vn -0.9674 -0.0368 -0.2505
vn -0.9610 -0.0529 -0.2714
vn 0.2659 -0.1136 -0.9573
vn 0.2607 -0.0728 -0.9626
vn -0.9057 -0.3570 -0.2284
vn 0.2090 -0.3897 -0.8969
vn -0.8709 -0.0425 0.4896
vn -0.9381 -0.0587 0.3413
vn -0.2722 -0.1249 -0.9541
vn -0.4699 -0.0836 -0.8787
vn -0.8002 -0.3929 0.4530
vn -0.4665 -0.4336 -0.7709
vn 0.3367 0.3945 0.8549
vn -0.0767 0.9294 0.3609
vn -0.0569 0.9186 0.3910
vn 0.3589 0.3384 0.8698
vn -0.6737 0.4636 0.5755
vn -0.1046 0.9727 0.2069
vn -0.1364 0.9633 0.2309
vn -0.6996 0.4084 0.5863
vn -0.1037 0.9376 0.3318
vn -0.2508 0.8100 -0.5300
vn -0.2542 0.7844 -0.5657
vn -0.0952 0.9250 0.3679
vn 0.1435 0.9756 0.1659
vn 0.6163 0.0284 0.7870
vn 0.6184 -0.0619 0.7834
vn 0.1501 0.9730 0.1751
vn -0.0967 0.9758 0.1961
vn 0.5983 0.7465 -0.2911
vn 0.6231 0.7169 -0.3125
vn -0.1283 0.9682 0.2149
vn 0.5659 -0.3036 0.7665
vn 0.4136 0.4088 0.8135
vn 0.4390 0.3536 0.8260
vn 0.5661 -0.2998 0.7679
vn -0.7452 -0.2607 0.6137
vn -0.6185 0.4547 0.6409
vn -0.6420 0.3989 0.6547
vn -0.7455 -0.2568 0.6150
vn -0.5632 0.1307 -0.8159
vn -0.4813 0.4592 -0.7466
vn -0.4978 0.3890 -0.7751
vn -0.5632 0.1302 -0.8160
vn 0.7463 0.0869 -0.6599
vn 0.7783 0.3880 -0.4936
vn 0.7847 0.3202 -0.5307
vn 0.7462 0.0863 -0.6600
vn -0.6694 0.0411 0.7418
vn -0.6901 -0.0447 0.7223
vn 0.1211 0.9122 0.3914
vn 0.1125 0.9101 0.3988
vn -0.4747 0.7795 -0.4086
vn -0.4870 0.7533 -0.4419
vn 0.5473 0.7573 -0.3562
vn 0.5703 0.7283 -0.3800
vn -0.0655 0.9273 0.3686
vn -0.0428 0.9174 0.3956
vn -0.1109 0.9695 0.2183
vn -0.1374 0.9601 0.2433
vn 0.1349 0.9161 0.3776
vn -0.5863 0.0220 0.8098
vn -0.6063 -0.0645 0.7926
vn 0.1272 0.9138 0.3858
vn -0.0867 0.9318 0.3523
vn -0.4060 0.7875 -0.4636
vn -0.4152 0.7614 -0.4978
vn -0.0692 0.9194 0.3872
vn -0.6663 -0.2822 0.6902
vn -0.5612 0.4312 0.7064
vn -0.5812 0.3747 0.7223
vn -0.6666 -0.2783 0.6915
vn 0.0665 0.9919 0.1080
vn 0.9199 0.1476 0.3633
vn 0.9327 0.0584 0.3557
vn 0.0770 0.9907 0.1124
vn 0.6677 0.1084 -0.7365
vn 0.7083 0.4107 -0.5741
vn 0.7127 0.3431 -0.6118
vn 0.6676 0.1079 -0.7366
vn 0.6551 -0.2849 0.6998
vn 0.4886 0.4198 0.7649
vn 0.5168 0.3653 0.7742
vn 0.6553 -0.2810 0.7011
vn -0.6525 0.1121 -0.7494
vn -0.5737 0.4430 -0.6890
vn -0.5910 0.3722 -0.7156
vn -0.6525 0.1115 -0.7496
vn 0.6973 0.0486 0.7151
vn 0.7017 -0.0416 0.7113
vn 0.4777 0.7789 -0.4063
vn 0.4991 0.7507 -0.4327
vn 0.1308 0.9798 0.1509
vn 0.1384 0.9775 0.1593
vn -0.1161 0.9661 0.2306
vn -0.1405 0.9554 0.2596
vn -0.5391 0.7655 -0.3511
vn -0.5542 0.7389 -0.3830
vn -0.0533 0.9254 0.3751
vn -0.0269 0.9160 0.4001
vn 0.1165 0.9836 0.1375
vn 0.7686 0.0709 0.6357
vn 0.7753 -0.0191 0.6313
vn 0.1250 0.9815 0.1450
vn -0.0875 0.9786 0.1860
vn 0.6470 0.7293 -0.2224
vn 0.6732 0.6990 -0.2411
vn -0.1204 0.9722 0.2009
vn 0.1012 0.9868 0.1261
vn 0.8286 0.0945 0.5518
vn 0.8374 0.0047 0.5465
vn 0.1105 0.9850 0.1327
vn 0.1698 0.9613 0.2168
vn 0.3365 -0.0151 0.9415
vn 0.3315 -0.1052 0.9375
vn 0.1729 0.9583 0.2275
vn 0.7352 -0.2637 0.6245
vn 0.5612 0.4259 0.7096
vn 0.5914 0.3721 0.7153
vn 0.7354 -0.2598 0.6258
vn -0.5805 -0.3009 0.7566
vn -0.4939 0.4210 0.7608
vn -0.5106 0.3640 0.7790
vn -0.5807 -0.2970 0.7580
vn -0.7327 0.0909 -0.6744
vn -0.6579 0.4242 -0.6222
vn -0.6759 0.3529 -0.6470
vn -0.7327 0.0904 -0.6745
vn 0.5821 0.1271 -0.8031
vn 0.6307 0.4307 -0.6455
vn 0.6331 0.3632 -0.6836
vn 0.5821 0.1266 -0.8032
vn -0.4973 0.0057 0.8675
vn -0.5165 -0.0813 0.8524
vn 0.1468 0.9203 0.3625
vn 0.1401 0.9178 0.3716
vn -0.5980 0.7466 -0.2915
vn -0.6156 0.7194 -0.3215
vn 0.4106 0.7891 -0.4568
vn 0.4298 0.7614 -0.4852
vn -0.0406 0.9240 0.3802
vn -0.0088 0.9146 0.4043
vn -0.1198 0.9626 0.2432
vn -0.1397 0.9518 0.2732
vn 0.1571 0.9250 0.3461
vn -0.4007 -0.0079 0.9162
vn -0.4187 -0.0956 0.9031
vn 0.1515 0.9222 0.3558
vn 0.8040 -0.2409 0.5436
vn 0.6134 0.4530 0.6469
vn 0.6462 0.4003 0.6497
vn 0.8043 -0.2370 0.5449
vn 0.1651 0.9297 0.3291
vn -0.3020 -0.0183 0.9531
vn -0.3187 -0.1064 0.9418
vn 0.1606 0.9268 0.3394
vn -0.8017 0.0683 -0.5938
vn -0.7317 0.4037 -0.5492
vn -0.7501 0.3319 -0.5721
vn -0.8017 0.0678 -0.5939
vn -0.4860 -0.3171 0.8144
vn -0.4240 0.3965 0.8143
vn -0.4365 0.3389 0.8334
vn -0.4862 -0.3132 0.8158
vn 0.4878 0.1434 -0.8610
vn 0.5439 0.4486 -0.7091
vn 0.5442 0.3811 -0.7473
vn 0.4878 0.1429 -0.8611
vn -0.6514 0.7224 -0.2321
vn -0.6708 0.6945 -0.2600
vn -0.0277 0.9230 0.3838
vn 0.0038 0.9153 0.4026
vn 0.3327 0.8035 -0.4937
vn 0.3497 0.7765 -0.5242
vn 0.0842 0.9897 0.1161
vn 0.8801 0.1206 0.4592
vn 0.8910 0.0311 0.4529
vn 0.0942 0.9881 0.1216
vn -0.1220 0.9589 0.2562
vn -0.1397 0.9464 0.2910
vn 0.8650 -0.2155 0.4532
vn 0.6692 0.4675 0.5776
vn 0.7034 0.4157 0.5766
vn 0.8653 -0.2116 0.4544
vn -0.8628 0.0429 -0.5036
vn -0.7987 0.3803 -0.4663
vn -0.8172 0.3080 -0.4872
vn -0.8628 0.0424 -0.5037
vn 0.1755 0.9402 0.2919
vn -0.0878 -0.0303 0.9957
vn -0.1012 -0.1194 0.9877
vn 0.1735 0.9371 0.3029
vn -0.3884 -0.3300 0.8603
vn -0.3460 0.3957 0.8507
vn -0.3550 0.3379 0.8716
vn -0.3885 -0.3262 0.8618
vn 0.3905 0.1564 -0.9072
vn 0.4532 0.4634 -0.7615
vn 0.4515 0.3959 -0.7996
vn 0.3905 0.1559 -0.9073
vn -0.6895 0.7078 -0.1536
vn -0.7114 0.6795 -0.1794
vn -0.0141 0.9223 0.3861
vn 0.0211 0.9153 0.4021
vn 0.2584 0.8066 -0.5315
vn 0.2728 0.7798 -0.5633
vn -0.1227 0.9552 0.2691
vn -0.1351 0.9435 0.3026
vn 0.1714 0.9348 0.3109
vn -0.1967 -0.0259 0.9801
vn -0.2118 -0.1145 0.9705
vn 0.1681 0.9318 0.3215
vn 0.9143 -0.1888 0.3583
vn 0.7088 0.4931 0.5043
vn 0.7445 0.4425 0.4998
vn 0.9146 -0.1849 0.3596
vn -0.2830 -0.3403 0.8967
vn -0.2637 0.3894 0.8825
vn -0.2687 0.3315 0.9044
vn -0.2831 -0.3364 0.8981
vn -0.9124 0.0163 -0.4090
vn -0.8547 0.3555 -0.3782
vn -0.8731 0.2826 -0.3971
vn -0.9123 0.0158 -0.4091
vn 0.2853 0.1667 -0.9438
vn 0.3540 0.4757 -0.8052
vn 0.3502 0.4081 -0.8431
vn 0.2853 0.1662 -0.9439
vn -0.7255 0.6834 -0.0810
vn -0.7490 0.6543 -0.1044
vn 0.1723 0.8187 -0.5477
vn 0.1841 0.7926 -0.5813
vn -0.0006 0.9221 0.3868
vn 0.0346 0.9165 0.3984
vn -0.1218 0.9515 0.2824
vn -0.1299 0.9398 0.3161
vn 0.0476 0.9937 0.1018
vn 0.9488 0.1760 0.2621
vn 0.9635 0.0873 0.2530
vn 0.0586 0.9927 0.1051
vn 0.0287 0.9948 0.0978
vn 0.9655 0.2043 0.1615
vn 0.9817 0.1161 0.1508
vn 0.0400 0.9942 0.0999
vn 0.9529 -0.1604 0.2572
vn 0.7508 0.5062 0.4242
vn 0.7867 0.4565 0.4155
vn 0.9532 -0.1565 0.2584
vn -0.1731 -0.3473 0.9216
vn -0.1778 0.3796 0.9079
vn -0.1786 0.3215 0.9299
vn -0.1731 -0.3434 0.9231
vn -0.9513 -0.0121 -0.3081
vn -0.9009 0.3288 -0.2831
vn -0.9191 0.2553 -0.3000
vn -0.9512 -0.0126 -0.3082
vn 0.1755 0.1738 -0.9690
vn 0.2494 0.4849 -0.8382
vn 0.2436 0.4172 -0.8755
vn 0.1755 0.1733 -0.9691
vn -0.7475 0.6642 0.0013
vn -0.7726 0.6345 -0.0195
vn 0.0859 0.8242 -0.5597
vn 0.0948 0.7985 -0.5945
vn 0.0131 0.9223 0.3862
vn 0.0529 0.9173 0.3947
vn -0.1194 0.9478 0.2956
vn -0.1236 0.9355 0.3309
vn 0.1774 0.9456 0.2728
vn 0.0212 -0.0313 0.9993
vn 0.0097 -0.1207 0.9926
vn 0.1767 0.9424 0.2839
vn 0.1770 0.9508 0.2542
vn 0.1267 -0.0291 0.9915
vn 0.1173 -0.1189 0.9859
vn 0.1776 0.9477 0.2653
vn -0.0346 0.8985 0.4375
vn -0.9610 0.1945 0.1964
vn -0.9801 0.1124 0.1637
vn -0.0504 0.8975 0.4380
vn 0.9789 -0.1318 0.1557
vn 0.7466 0.5641 0.3525
vn 0.7760 0.5287 0.3439
vn 0.9793 -0.1279 0.1568
vn -0.0619 -0.3509 0.9344
vn -0.0896 0.3648 0.9267
vn -0.0862 0.3067 0.9479
vn -0.0619 -0.3470 0.9358
vn 0.0000 0.9876 0.1571
vn 0.7501 0.6555 0.0876
vn 0.7823 0.6177 0.0800
vn -0.9775 -0.0406 -0.2067
vn -0.9350 0.3016 -0.1866
vn -0.9526 0.2277 -0.2016
vn -0.9775 -0.0411 -0.2068
vn 0.0645 0.1775 -0.9820
vn 0.1426 0.4909 -0.8594
vn 0.1348 0.4230 -0.8960
vn 0.0645 0.1769 -0.9821
vn -0.9948 -0.0969 0.0316
vn -0.7914 0.5874 0.1693
vn -0.8275 0.5372 0.1632
vn -0.9951 -0.0930 0.0328
vn 0.9895 -0.1128 -0.0897
vn 0.0000 0.9143 0.4049
vn 0.0000 0.9113 0.4118
vn 0.9892 -0.1152 -0.0904
vn -0.7682 0.6355 0.0768
vn -0.7941 0.6048 0.0587
vn 0.0002 0.8240 -0.5666
vn 0.0060 0.7984 -0.6021
vn -0.0053 0.9238 0.3827
vn 0.0135 0.9229 0.3847
vn -0.1156 0.9442 0.3083
vn -0.1157 0.9307 0.3469
vn -0.0671 0.9935 0.0921
vn 0.9564 0.2877 0.0508
vn 0.0000 0.9821 0.1882
vn -0.0639 0.9937 0.0923
vn -0.0545 0.9851 0.1630
vn -0.0918 0.9817 0.1667
vn 0.9895 -0.1411 0.0308
vn 0.7453 0.6086 0.2723
vn 0.7594 0.5933 0.2669
vn 0.9914 -0.1262 0.0349
vn 0.0467 -0.3511 0.9351
vn -0.0041 0.3741 0.9273
vn 0.0033 0.3163 0.9486
vn 0.0467 -0.3472 0.9366
vn 0.0343 0.9002 0.4342
vn -0.9397 0.1656 0.2993
vn -0.9596 0.0829 0.2688
vn 0.0229 0.8996 0.4360
vn -0.9858 -0.1271 -0.1098
vn -0.9622 0.2579 -0.0868
vn -0.9787 0.1789 -0.1005
vn -0.9859 -0.1261 -0.1095
vn -0.0440 0.1778 -0.9831
vn 0.0372 0.4936 -0.8689
vn 0.0276 0.4254 -0.9046
vn -0.0440 0.1773 -0.9832
vn 0.0530 0.9015 0.4295
vn -0.9076 0.1382 0.3964
vn -0.9282 0.0549 0.3680
vn 0.0420 0.9006 0.4326
vn -0.9821 -0.1270 0.1387
vn -0.7927 0.5540 0.2544
vn -0.8270 0.5025 0.2519
vn -0.9825 -0.1231 0.1399
vn 0.9817 -0.0468 -0.1848
vn 0.9673 0.2530 -0.0136
vn 0.9820 0.1836 -0.0450
vn 0.9816 -0.0473 -0.1849
vn -0.7940 0.5862 0.1610
vn -0.8185 0.5554 0.1466
vn -0.0828 0.8174 -0.5700
vn -0.0800 0.7917 -0.6056
vn -0.1104 0.9409 0.3202
vn -0.1063 0.9286 0.3554
vn 0.1745 0.9561 0.2351
vn 0.2338 -0.0237 0.9720
vn 0.2266 -0.1136 0.9673
vn 0.1763 0.9530 0.2461
vn 0.7481 0.6636 0.0037
vn 0.7759 0.6308 -0.0061
vn 0.1581 -0.3480 0.9241
vn 0.0858 0.3702 0.9250
vn 0.0971 0.3125 0.9449
vn 0.1581 -0.3441 0.9255
vn -0.0665 0.9833 0.1694
vn -0.1063 0.9783 0.1777
vn -0.1553 0.1747 -0.9723
vn -0.0719 0.4931 -0.8670
vn -0.0831 0.4245 -0.9015
vn -0.1553 0.1742 -0.9724
vn 0.0896 0.9059 0.4140
vn -0.8075 0.0856 0.5836
vn -0.8286 0.0010 0.5598
vn 0.0795 0.9043 0.4194
vn -0.9580 -0.1557 0.2407
vn -0.7712 0.5403 0.3366
vn -0.8047 0.4881 0.3379
vn -0.9583 -0.1518 0.2419
vn -0.1686 0.8189 -0.5485
vn -0.1689 0.7935 -0.5846
vn 0.9578 -0.0181 -0.2867
vn 0.9527 0.2814 -0.1145
vn 0.9660 0.2124 -0.1473
vn 0.9578 -0.0186 -0.2868
vn 0.7305 0.6786 -0.0764
vn 0.7577 0.6464 -0.0891
vn -0.0774 0.9811 0.1771
vn -0.1127 0.9756 0.1885
vn 0.0717 0.9033 0.4228
vn -0.8632 0.1113 0.4923
vn -0.8842 0.0273 0.4661
vn 0.0610 0.9022 0.4270
vn -0.9212 -0.1844 0.3425
vn -0.7447 0.5199 0.4184
vn -0.7764 0.4668 0.4234
vn -0.9215 -0.1805 0.3437
vn 0.2658 -0.3416 0.9015
vn 0.1712 0.3792 0.9093
vn 0.1863 0.3220 0.9282
vn 0.2659 -0.3377 0.9029
vn 0.9214 0.0105 -0.3885
vn 0.9258 0.3100 -0.2163
vn 0.9375 0.2414 -0.2504
vn 0.9213 0.0100 -0.3886
vn -0.2630 0.1685 -0.9499
vn -0.1784 0.4893 -0.8536
vn -0.1912 0.4204 -0.8869
vn -0.2630 0.1679 -0.9500
vn 0.6911 0.7069 -0.1504
vn 0.7181 0.6757 -0.1661
vn -0.0958 0.9346 0.3424
vn -0.0836 0.9228 0.3760
vn 0.1630 0.9664 0.1987
vn 0.4365 -0.0033 0.8997
vn 0.4339 -0.0936 0.8961
vn 0.1673 0.9635 0.2091
vn 0.1543 0.9711 0.1821
vn 0.5283 0.0109 0.8489
vn 0.5280 -0.0793 0.8455
vn 0.1598 0.9683 0.1919
vn 0.3719 -0.3319 0.8669
vn 0.2604 0.3753 0.8896
vn 0.2790 0.3185 0.9059
vn 0.3720 -0.3280 0.8683
vn -0.8723 -0.2120 0.4405
vn -0.7118 0.4948 0.4985
vn -0.7411 0.4406 0.5066
vn -0.8726 -0.2080 0.4418
vn -0.3691 0.1588 -0.9157
vn -0.2843 0.4823 -0.8286
vn -0.2986 0.4130 -0.8604
vn -0.3691 0.1583 -0.9158
vn 0.8728 0.0381 -0.4866
vn 0.8868 0.3379 -0.3153
vn 0.8968 0.2696 -0.3507
vn 0.8727 0.0376 -0.4867
vn 0.0000 0.9252 0.3795
vn -0.3304 0.8038 -0.4947
vn -0.3368 0.7782 -0.5301
vn 0.1062 0.9088 0.4034
vn -0.7419 0.0620 0.6676
vn -0.7630 -0.0232 0.6460
vn 0.0968 0.9070 0.4098
vn 0.4703 -0.3194 0.8226
vn 0.4705 -0.3156 0.8240
vn -0.8128 -0.2376 0.5318
vn -0.8131 -0.2337 0.5331
vn -0.4675 0.1465 -0.8717
vn -0.3837 0.4724 -0.7935
vn -0.3991 0.4027 -0.8237
vn -0.4675 0.1459 -0.8718
vn 0.8136 0.0638 -0.5779
vn 0.8368 0.3641 -0.4087
vn 0.8451 0.2961 -0.4451
vn 0.8135 0.0633 -0.5780
vn -0.3730 -0.5683 -0.7334
vn 0.0670 -0.0097 -0.9977
vn -0.4008 -0.6110 -0.6827
vn 0.5497 0.5574 -0.6222
vn 0.6930 0.7206 0.0200
vn 0.5107 0.5252 0.6807
vn 0.0310 -0.0017 0.9995
vn -0.0374 -0.1023 -0.9940
vn -0.5595 -0.8186 -0.1297
vn -0.5962 -0.7986 -0.0819
vn -0.4450 -0.5712 0.6897
vn 0.9512 0.2275 -0.2084
vn 0.7288 0.1458 -0.6690
vn 0.8357 0.0235 -0.5487
vn 0.9829 0.0995 -0.1545
vn 0.0000 0.5573 0.8303
vn 0.6219 0.4682 0.6277
vn 0.6391 0.4106 0.6503
vn 0.0000 0.5320 0.8467
vn 0.9596 0.2449 0.1384
vn 0.9546 0.2116 0.2094
vn 0.0000 0.1014 -0.9948
vn 0.0000 -0.0205 -0.9998
vn 0.9806 0.1155 -0.1581
vn 0.9478 0.2554 0.1906
vn 0.5522 0.5520 0.6247
vn 0.0000 -0.3170 -0.9484
vn 0.8556 -0.1249 -0.5024
vn 0.0000 0.6367 0.7711
vn 0.9683 0.1453 -0.2032
vn 0.8922 0.4484 0.0537
vn 0.4750 0.8120 0.3390
vn 0.0000 -0.5925 -0.8056
vn 0.8567 -0.2697 -0.4396
vn 0.0000 0.8941 0.4478
vn 0.4620 0.8833 -0.0792
vn 0.8719 0.4623 -0.1614
vn 0.8212 -0.4208 -0.3855
vn 0.0000 -0.8116 -0.5842
vn 0.0000 0.9998 -0.0207
vn 0.9508 0.0619 -0.3036
vn 0.8792 0.4425 0.1765
vn 0.9622 0.0290 0.2706
vn 0.8390 -0.4498 0.3061
vn 0.0000 0.9906 0.1368
vn 0.4719 0.8674 0.1577
vn 0.0000 -0.8775 0.4795
vn 0.9865 0.0982 0.1308
vn 0.9761 0.1229 0.1794
vn 0.8792 -0.3027 0.3679
vn 0.8811 -0.1701 0.4412
vn 0.0000 0.7190 -0.6950
vn 0.0000 0.9394 -0.3427
vn 0.4690 0.8428 -0.2639
vn 0.5434 0.6134 -0.5732
vn 0.0000 -0.6841 0.7294
vn 0.0000 -0.4249 0.9052
vn 0.8909 0.4524 -0.0394
vn 0.9404 0.2757 -0.1989
vn 0.9886 0.0828 0.1254
vn 0.8649 -0.0318 0.5009
vn 0.0000 0.6228 -0.7824
vn 0.6362 0.4712 -0.6109
vn 0.0000 -0.1261 0.9920
vn 0.9463 0.2343 -0.2225
vn 0.6201 0.5268 -0.5813
vn 0.9542 0.2596 -0.1486
vn 0.7678 0.0749 0.6363
vn 0.0000 -0.0005 1.0000
vn 0.9595 0.2040 0.1943
vn 0.0000 0.6460 -0.7633
vn -0.9926 -0.0516 -0.1096
vn -0.8074 -0.5754 -0.1302
vn -0.5868 -0.6582 -0.4715
vn -0.7001 -0.0930 -0.7079
vn -0.1910 -0.6704 -0.7170
vn -0.1584 -0.0904 -0.9832
vn -0.8640 -0.0142 0.5033
vn -0.8222 -0.5413 0.1758
vn -0.6411 -0.0001 0.7674
vn -0.6988 -0.5461 0.4620
vn -0.1111 0.0000 0.9938
vn -0.1210 -0.7362 0.6658
vn -0.4845 -0.6956 0.5304
vn -0.3802 0.0000 0.9249
vn -0.6559 -0.7540 0.0339
vn -0.6644 -0.7458 -0.0476
vn -0.5856 -0.8105 0.0086
vn -0.0775 -0.9923 -0.0967
vn -0.3878 -0.9213 -0.0260
vn -0.5129 -0.8384 -0.1842
vn -0.2356 -0.9358 -0.2622
vn -0.8600 -0.1372 0.4914
vn -0.7969 -0.6037 0.0222
vn -0.8539 -0.2808 0.4381
vn -0.2978 -0.7096 0.6385
vn -0.5782 -0.5607 0.5926
vn -0.6129 -0.7414 -0.2733
vn -0.3814 -0.8365 -0.3934
vn -0.6937 0.0120 0.7202
vn -0.8678 -0.4966 -0.0154
vn -0.7253 -0.5818 -0.3680
vn -0.5147 -0.6200 -0.5921
vn -0.6004 0.0090 0.7996
vn -0.6784 -0.1326 0.7226
vn -0.9446 -0.3191 -0.0764
vn -0.9098 -0.4124 -0.0457
vn -0.7866 -0.4447 -0.4283
vn -0.8121 -0.3126 -0.4927
vn -0.6296 -0.2477 -0.7363
vn -0.6174 -0.4069 -0.6732
vn -0.6294 -0.1943 0.7523
vn -0.9797 -0.1998 -0.0128
vn -0.8527 -0.1697 -0.4941
vn -0.6480 -0.0803 -0.7574
vn -0.8155 0.1032 0.5695
vn -0.7249 0.2406 0.6454
vn -0.3115 0.0485 0.9490
vn -0.5610 0.0550 0.8260
vn -0.5705 0.1784 0.8016
vn -0.5384 -0.0106 0.8426
vn -0.5148 -0.0450 0.8561
vn -0.5310 -0.1155 0.8395
vn -0.5976 -0.1650 0.7846
vn -0.5366 -0.1294 0.8338
vn -0.9816 -0.1910 -0.0018
vn -0.9868 -0.1590 0.0307
vn -0.8321 -0.1200 -0.5415
vn -0.8035 -0.1280 -0.5814
vn -0.4944 0.1541 -0.8555
vn -0.5993 0.0807 -0.7964
vn -0.5339 -0.0971 0.8399
vn -0.5057 -0.0443 0.8615
vn -0.4731 -0.1841 0.8616
vn -0.9634 -0.1807 0.1979
vn -0.7834 -0.0922 -0.6146
vn -0.3898 0.2881 -0.8747
vn -0.5728 0.0509 0.8181
vn -0.6137 0.0985 0.7833
vn -0.4961 -0.2126 0.8418
vn -0.6315 -0.1150 0.7668
vn -0.4203 -0.0243 0.9070
vn -0.2797 0.2734 0.9203
vn -0.3124 0.1341 0.9404
vn -0.4162 -0.1058 0.9031
vn -0.2295 0.2406 0.9431
vn 0.0220 0.6246 0.7806
vn -0.4425 0.2167 0.8701
vn -0.5294 0.1426 0.8362
vn 0.1607 0.6748 -0.7203
vn -0.2797 0.5202 -0.8069
vn -0.2133 0.5634 -0.7982
vn -0.3858 0.1114 -0.9158
vn -0.3895 -0.1928 -0.9006
vn -0.3614 -0.3778 -0.8524
vn -0.2720 -0.6285 -0.7287
vn -0.1682 -0.8678 -0.4676
vn -0.0256 -0.9746 -0.2225
vn 0.0294 -0.6598 -0.7508
vn 0.0102 -0.0761 -0.9970
vn -0.1269 0.7064 0.6963
vn -0.1392 0.9249 0.3536
vn 0.1075 0.8069 0.5808
vn -0.0901 0.9837 -0.1554
vn 0.2635 0.9500 -0.1675
vn -0.1083 0.8789 -0.4644
vn 0.4080 0.4010 -0.8202
vn 0.6952 0.6635 -0.2764
vn -0.1410 0.0337 0.9894
vn -0.5247 -0.1116 0.8439
vn -0.1063 0.1727 -0.9792
vn 0.5891 0.5331 0.6073
vn -0.6988 -0.0641 -0.7124
vn 0.1924 0.2170 0.9570
vn -0.9659 -0.2221 0.1328
vn 0.1651 0.2564 0.9523
vn -0.1477 0.0486 0.9878
vn -0.8784 -0.4664 0.1043
vn -0.6221 -0.1796 -0.7620
vn 0.5322 0.6550 0.5364
vn -0.4515 -0.2542 0.8553
vn -0.1768 0.2672 -0.9473
vn 0.2024 0.5846 -0.7856
vn 0.5442 0.7921 -0.2764
vn -0.4167 0.6489 0.6366
vn -0.4019 0.5318 0.7454
vn -0.0393 0.5369 0.8427
vn -0.0108 0.5976 0.8017
vn -0.9019 -0.2574 0.3469
vn -0.8843 -0.3080 0.3508
vn -0.8990 -0.3430 0.2724
vn -0.8888 -0.2946 0.3509
vn -0.9080 0.1762 0.3800
vn -0.9164 0.1086 0.3852
vn -0.8563 0.2934 0.4249
vn -0.8487 0.4237 0.3165
vn -0.8683 -0.3931 0.3023
vn -0.8826 -0.3750 0.2835
vn -0.9023 -0.2997 0.3099
vn -0.9184 -0.2971 0.2614
vn -0.9176 -0.0110 0.3973
vn -0.9450 -0.0042 0.3270
vn -0.9080 0.1075 0.4050
vn -0.8750 0.0905 0.4755
vn -0.1987 0.5969 0.7772
vn -0.1310 0.5294 0.8382
vn -0.3352 -0.1781 0.9251
vn -0.2875 -0.1520 0.9456
vn -0.6606 -0.2715 0.6999
vn -0.6766 -0.2867 0.6782
vn -0.9512 -0.1266 0.2814
vn -0.9409 -0.1287 0.3133
vn -0.8726 -0.2904 0.3927
vn -0.8729 -0.3007 0.3842
vn -0.7469 -0.1760 0.6412
vn -0.8075 -0.2037 0.5536
vn 0.0573 0.2376 0.9697
vn -0.1867 0.1936 0.9631
vn -0.6539 0.0034 0.7566
vn -0.9052 0.1042 0.4120
vn -0.8334 0.0725 0.5478
vn -0.9314 -0.1514 0.3310
vn -0.8508 -0.0581 0.5223
vn -0.8560 -0.1626 0.4908
vn -0.4720 0.2488 0.8457
vn -0.9517 0.0394 0.3045
vn -0.9098 0.1953 0.3660
vn -0.8319 -0.1953 0.5193
vn -0.1784 0.3598 0.9158
vn -0.8411 0.0875 0.5337
vn -0.7812 0.0265 0.6237
vn -0.7202 -0.3154 0.6179
vn -0.8399 -0.2355 0.4890
vn -0.7372 0.1475 0.6593
vn -0.7758 0.0021 0.6309
vn -0.5509 0.0948 0.8292
vn -0.9283 0.0814 0.3629
vn -0.7429 0.3306 0.5820
vn -0.7063 -0.0540 0.7058
vn -0.3045 0.1214 0.9447
vn -0.6942 -0.1784 0.6973
vn 0.4171 -0.0176 0.9087
vn -0.1033 0.5016 0.8589
vn -0.5000 0.3455 0.7941
vn 0.4074 -0.1441 0.9018
vn 0.0163 0.1348 0.9907
vn -0.4556 -0.3863 0.8020
vn -0.1473 -0.6973 0.7015
vn -0.5363 -0.7043 0.4650
vn -0.5911 -0.2377 0.7707
vn -0.4974 -0.6246 0.6020
vn -0.3728 -0.1617 0.9137
vn -0.0851 -0.1994 0.9762
vn 0.3106 -0.0560 0.9489
vn -0.4313 -0.7357 0.5222
vn -0.2192 -0.3236 0.9204
vn -0.1193 0.3435 0.9315
vn -0.1128 0.0661 0.9914
vn -0.0814 0.5302 0.8440
vn -0.0556 0.6005 0.7976
vn -0.5918 0.1050 0.7992
vn -0.4929 0.1123 0.8628
vn -0.8027 -0.0227 0.5959
vn -0.8231 -0.0538 0.5653
vn -0.2004 -0.1256 0.9716
vn -0.5621 0.0588 0.8249
vn -0.8492 -0.1593 0.5034
vn -0.8002 -0.0367 0.5986
vn -0.7099 0.0148 0.7041
vn -0.8551 -0.1311 0.5015
vn -0.1976 -0.7472 0.6345
vn -0.2141 -0.4010 0.8907
vn -0.6218 -0.2438 0.7442
vn -0.6153 -0.4922 0.6157
vn -0.1581 0.5900 0.7918
vn 0.2464 0.5724 0.7821
vn -0.1161 0.4951 0.8610
vn -0.3568 0.4925 0.7938
vn -0.8522 -0.0679 0.5188
vn -0.7075 0.4031 0.5804
vn -0.6825 -0.4871 0.5449
vn -0.7549 -0.3908 0.5267
vn -0.7637 -0.2955 0.5740
vn -0.8185 -0.1644 0.5505
vn 0.5110 -0.1077 0.8528
vn 0.1428 -0.8090 0.5702
vn -0.0937 0.8925 0.4411
vn -0.8502 0.1457 0.5058
vn -0.9771 0.1861 0.1029
vn -0.2485 0.9614 0.1181
vn -0.4440 0.6149 0.6517
vn -0.3133 0.5332 0.7859
vn -0.1552 0.8190 0.5524
vn -0.1722 0.8784 0.4457
vn -0.1571 0.3358 0.9287
vn -0.1771 0.4703 0.8646
vn -0.0262 0.4949 0.8685
vn -0.1125 0.4640 0.8787
vn -0.1175 0.4704 0.8746
vn -0.0790 0.7833 0.6166
vn -0.5806 0.6330 0.5120
vn -0.2673 0.8720 0.4100
vn 0.5539 0.4482 0.7016
vn 0.2147 0.3952 0.8931
vn -0.3953 0.3546 0.8473
vn -0.5775 0.6302 0.5189
vn -0.2488 -0.4041 0.8802
vn -0.1494 -0.1738 0.9734
vn 0.0353 0.5326 0.8456
vn -0.1427 0.6311 0.7624
vn 0.0396 0.8225 0.5673
vn -0.4560 -0.0035 0.8900
vn 0.0040 0.9907 0.1361
vn 0.0067 0.9849 0.1732
vn -0.2930 -0.9543 0.0587
vn 0.1047 0.9689 0.2239
vn -0.4902 -0.8710 -0.0320
vn -0.5302 -0.8478 -0.0022
vn 0.0761 0.9760 0.2041
vn 0.1368 0.9651 0.2231
vn -0.6737 -0.7389 -0.0037
vn -0.5400 -0.7804 0.3151
vn -0.5580 -0.0637 0.8273
vn 0.3615 0.8273 0.4299
vn -0.0707 0.7020 0.7086
vn -0.5259 0.4830 0.7001
vn -0.5397 0.8362 0.0970
vn -0.4780 0.8757 0.0686
vn -0.5485 0.7795 0.3023
vn -0.4493 0.7016 0.5531
vn -0.4376 0.0928 0.8943
vn -0.3044 -0.4665 0.8304
vn -0.3715 -0.3980 0.8388
vn -0.8875 -0.3659 -0.2800
vn -0.4344 -0.3162 0.8433
vn -0.7075 -0.3137 0.6333
vn -0.2203 0.3700 0.9025
vn -0.1606 0.0089 0.9870
vn -0.0381 -0.9214 0.3866
vn 0.0742 -0.9385 -0.3371
vn 0.1543 0.9786 -0.1358
vn 0.4413 0.8875 0.1326
vn -0.8098 0.2376 0.5364
vn -0.8783 0.3594 -0.3152
vn -0.6103 0.5013 0.6133
vn -0.6908 0.6992 0.1838
vn -0.2173 0.1928 0.9568
vn -0.4433 0.6156 0.6515
vn -0.3555 0.2755 0.8931
vn -0.4865 -0.1047 0.8674
vn -0.4785 0.6604 0.5787
vn -0.2351 0.5208 0.8207
vn -0.3844 -0.6303 0.6745
vn -0.4256 0.5362 0.7289
vn -0.3262 0.4818 0.8133
vn -0.3567 -0.0776 0.9310
vn -0.6620 -0.1373 0.7368
vn -0.5863 -0.0666 0.8073
vn -0.4828 0.3712 0.7931
vn -0.3159 0.3297 0.8896
vn -0.6082 0.4203 0.6734
vn -0.4382 0.5262 0.7287
vn -0.4488 -0.8527 0.2672
vn -0.5102 -0.8229 0.2500
vn 0.2102 -0.8683 -0.4493
vn 0.3242 -0.8641 -0.3850
vn -0.4169 -0.8078 0.4167
vn 0.2484 -0.9282 -0.2771
vn -0.8071 0.3220 0.4949
vn -0.6699 0.3851 0.6347
vn -0.6358 0.2418 0.7329
vn -0.7105 0.5362 0.4556
vn -0.7072 0.4004 0.5827
vn -0.5596 -0.0071 0.8287
vn -0.5939 0.3731 0.7128
vn -0.6052 0.5989 0.5244
vn -0.6114 0.5870 0.5307
vn -0.4220 0.3543 0.8345
vn -0.5994 0.0721 0.7971
vn -0.3457 -0.3595 0.8667
vn -0.3562 0.5191 0.7769
vn -0.4275 0.6375 0.6409
vn -0.1654 -0.8873 0.4304
vn -0.3356 0.0927 0.9374
vn 0.1069 -0.9466 -0.3042
vn -0.3811 0.1810 0.9066
vn -0.7316 0.2045 0.6503
vn -0.5185 -0.8357 0.1807
vn -0.0985 -0.9237 -0.3701
vn -0.4986 -0.8441 0.1971
vn -0.1016 -0.9678 -0.2301
vn -0.1689 -0.7118 0.6818
vn 0.6254 -0.7197 0.3015
vn 0.5020 0.4447 0.7418
vn 0.7852 0.5549 0.2748
vn 0.8447 0.4550 0.2818
vn -0.4790 0.0111 0.8777
vn -0.5368 0.1621 0.8280
vn -0.5527 -0.4712 0.6873
vn -0.5744 -0.5111 0.6394
vn -0.6641 -0.4486 0.5981
vn -0.6138 -0.5310 0.5842
vn 0.7121 0.6464 0.2741
vn -0.4913 -0.0812 0.8672
vn 0.3867 0.2437 0.8894
vn -0.6165 -0.0180 0.7871
vn 0.8927 0.1856 0.4106
vn -0.8590 -0.2342 0.4552
vn -0.7840 -0.2873 0.5503
vn -0.4229 0.3345 0.8422
vn -0.3526 0.0185 0.9356
vn -0.2609 -0.1078 0.9593
vn -0.5662 -0.6240 0.5384
vn -0.6692 -0.5015 0.5482
vn -0.7705 -0.1255 0.6249
vn -0.5013 -0.0421 0.8643
vn -0.3811 -0.5290 0.7582
vn -0.3987 -0.4354 0.8071
vn -0.0089 0.4199 0.9075
vn -0.1982 0.0692 0.9777
vn -0.6563 -0.7498 0.0840
vn -0.4661 -0.4145 -0.7816
vn 0.1889 0.8524 0.4875
vn -0.3611 -0.3948 0.8448
vn -0.1880 0.1700 -0.9673
vn 0.0685 0.5941 -0.8014
vn 0.2298 0.9162 -0.3282
vn -0.3980 -0.9144 0.0735
vn -0.3521 -0.5929 -0.7242
vn -0.2391 0.8436 0.4807
vn -0.2231 0.3913 0.8928
vn -0.2762 -0.5486 0.7891
vn -0.3048 0.0263 -0.9520
vn -0.2323 0.5648 -0.7918
vn -0.2292 0.9201 -0.3176
vn -0.2806 -0.0317 0.9593
vn 0.3452 -0.2251 0.9111
vn 0.9113 0.0688 0.4059
vn 0.6541 0.6814 0.3283
vn 0.5379 0.0459 0.8417
vn 0.0059 0.9983 -0.0583
vn -0.1820 0.8992 0.3979
vn -0.6184 0.7595 -0.2020
vn -0.6468 0.6844 -0.3364
vn -0.8742 0.1518 -0.4611
vn -0.9488 -0.2231 0.2236
vn -0.9859 0.0755 0.1491
vn -0.4274 -0.4043 0.8086
vn -0.4417 -0.3226 0.8371
vn 0.1147 -0.9889 -0.0940
vn -0.2444 -0.8727 0.4225
vn -0.7072 -0.7069 -0.0050
vn -0.6070 -0.6420 -0.4683
vn 0.8461 0.5310 0.0467
vn 0.2829 0.3138 0.9063
vn -0.4021 0.2816 0.8712
vn -0.8383 0.3251 0.4375
vn 0.3793 0.0420 -0.9243
vn -0.7265 0.2422 -0.6430
vn 0.3601 0.0730 -0.9301
vn 0.7425 0.0777 -0.6652
vn -0.8924 0.4338 -0.1245
vn -0.2706 0.1015 -0.9573
vn 0.7777 0.0215 0.6283
vn -0.4414 0.0745 0.8942
vn -0.9028 -0.1574 0.4002
vn -0.5115 0.5438 -0.6653
vn 0.9869 -0.1590 -0.0252
vn 0.6120 -0.2802 0.7396
vn -0.1914 -0.1566 0.9689
vn 0.3464 0.2815 -0.8948
vn -0.1108 0.8160 0.5673
vn -0.7435 0.6607 -0.1028
vn 0.3242 0.4375 -0.8387
vn 0.7633 0.3840 -0.5195
vn -0.2746 0.3581 -0.8924
vn 0.5945 0.7472 0.2971
vn 0.9376 -0.0062 0.3476
vn 0.5412 0.5342 0.6494
vn -0.7700 0.2855 -0.5705
vn -0.5510 -0.7309 -0.4027
vn 0.1762 -0.9837 0.0364
vn 0.8050 -0.5805 0.1221
vn 0.7066 -0.7054 0.0563
vn -0.2713 0.8314 0.4848
vn -0.9424 0.3249 -0.0799
vn 0.8989 -0.2104 0.3843
vn 0.6446 0.1589 0.7478
vn -0.7766 0.2660 -0.5710
vn -0.6242 -0.6698 -0.4022
vn 0.0645 -0.9852 0.1590
vn 0.6451 -0.6520 0.3983
vn -0.6501 0.1956 -0.7342
vn -0.1297 0.1947 -0.9722
vn 0.0199 -0.3299 -0.9438
vn -0.2970 -0.4917 -0.8185
vn 0.2086 -0.8502 -0.4832
vn 0.4182 -0.3395 -0.8425
vn 0.8338 -0.3381 -0.4363
vn 0.8079 -0.5892 -0.0054
vn -0.7489 0.3391 -0.5693
vn -0.7631 0.2178 -0.6084
vn 0.9759 0.1141 0.1858
vn 0.9074 0.2386 -0.3459
vn 0.8491 0.3622 -0.3845
vn 0.9843 0.1714 -0.0411
vn 0.4318 0.1954 -0.8805
vn -0.3312 0.4560 -0.8260
vn 0.3401 0.3703 -0.8644
vn -0.6980 0.4133 -0.5847
vn 0.4061 -0.7493 0.5231
vn 0.6233 -0.7528 0.2117
vn 0.9496 -0.0539 0.3088
vn 0.9597 -0.2375 0.1500
vn 0.1093 -0.9804 -0.1640
vn -0.5087 -0.6189 -0.5985
vn -0.9124 0.1575 -0.3778
vn -0.6236 0.2921 -0.7251
vn -0.8157 0.5419 0.2022
vn 0.3182 0.2860 -0.9039
vn 0.9048 0.0355 -0.4242
vn 0.9622 -0.0807 -0.2600
vn 0.9910 -0.0930 -0.0959
vn 0.5802 0.2766 0.7660
vn -0.3554 0.5882 0.7265
vn -0.5372 0.4337 -0.7234
vn 0.3955 -0.0680 -0.9159
vn 0.3909 -0.2736 -0.8788
vn 0.8287 -0.4211 -0.3687
vn 0.8501 -0.3020 -0.4314
vn 0.9456 -0.2533 -0.2042
vn 0.8992 -0.4375 0.0034
vn 0.8845 -0.4220 0.1990
vn 0.9974 -0.0656 -0.0286
vn -0.8094 0.4731 0.3480
vn -0.8692 0.2683 0.4153
vn -0.9049 0.2878 -0.3135
vn -0.7197 0.3817 -0.5799
vn -0.6951 0.1811 -0.6957
vn -0.7219 0.2191 -0.6563
vn -0.3480 0.0476 -0.9363
vn -0.3923 0.1534 -0.9069
vn 0.5395 -0.3331 0.7732
vn 0.7333 0.0215 0.6795
vn -0.2713 0.3063 0.9124
vn -0.2900 0.0349 0.9564
vn -0.2967 0.1280 0.9463
vn -0.8175 0.3476 0.4592
vn 0.8704 -0.3501 -0.3460
vn 0.9283 -0.3707 0.0301
vn -0.9000 0.3687 -0.2324
vn -0.7078 0.2773 -0.6496
vn -0.3086 0.1127 -0.9445
vn 0.4450 -0.1845 -0.8763
vn 0.5533 -0.2091 0.8063
vn 0.8955 -0.3450 0.2810
vn 0.8350 -0.4236 -0.3512
vn 0.8836 -0.4674 0.0269
vn -0.9456 0.2633 -0.1907
vn -0.7334 0.2005 -0.6495
vn -0.3576 0.0642 -0.9316
vn 0.4205 -0.2382 -0.8754
vn 0.5172 -0.3634 0.7748
vn -0.3346 0.0201 0.9421
vn 0.8337 -0.4517 0.3176
vn -0.8959 0.1821 0.4051
vn -0.3439 0.0284 -0.9386
vn 0.3850 -0.2594 -0.8857
vn 0.6782 -0.1324 0.7228
vn -0.2440 0.3613 0.8999
vn 0.8845 -0.4658 0.0255
vn 0.8183 -0.4971 0.2885
vn -0.8850 0.3857 0.2606
vn -0.9520 0.2349 -0.1961
vn 0.8288 -0.4312 -0.3565
vn -0.7270 0.2139 -0.6524
vn 0.9538 -0.2992 0.0266
vn 0.9360 -0.2927 0.1953
vn -0.7910 0.5055 0.3446
vn -0.8983 0.3331 -0.2864
vn 0.4609 -0.1796 -0.8690
vn 0.8914 -0.2940 -0.3448
vn -0.7142 0.2418 -0.6568
vn -0.3212 0.0853 -0.9431
vn 0.7767 -0.0246 0.6294
vn -0.1587 0.5252 0.8361
vn -0.8695 0.1791 0.4602
vn -0.7284 -0.5616 0.3923
vn -0.8280 -0.5137 -0.2249
vn -0.9449 0.2076 -0.2531
vn 0.4499 -0.2050 -0.8692
vn 0.3510 -0.7620 -0.5442
vn 0.6641 -0.7144 -0.2204
vn 0.8907 -0.3111 -0.3313
vn -0.7531 0.1581 -0.6385
vn -0.6507 -0.5074 -0.5649
vn -0.2596 -0.6388 -0.7242
vn -0.3500 0.0257 -0.9364
vn 0.9245 -0.3152 0.2141
vn 0.7387 -0.6506 0.1758
vn 0.3774 -0.7302 0.5695
vn 0.5497 -0.2251 0.8044
vn -0.3371 0.0332 0.9409
vn -0.2234 -0.5549 0.8013
vn 0.7313 -0.6814 0.0309
vn 0.9467 -0.3210 0.0269
vn 0.1996 -0.8145 -0.5447
vn 0.4209 -0.8907 -0.1715
vn -0.5439 -0.7074 -0.4513
vn -0.2851 -0.7240 -0.6280
vn 0.5454 -0.8134 0.2019
vn 0.3699 -0.7297 0.5750
vn -0.1825 -0.7002 0.6902
vn -0.5565 -0.7466 0.3643
vn 0.4478 -0.8938 0.0238
vn -0.6848 -0.7142 -0.1446
vn -0.6647 -0.4267 -0.6132
vn -0.1703 -0.5256 -0.8335
vn 0.5137 -0.8336 0.2030
vn 0.3630 -0.7035 0.6110
vn -0.1673 -0.5100 0.8437
vn -0.7299 -0.4407 0.5225
vn 0.5922 -0.7654 -0.2518
vn 0.5889 -0.8075 -0.0332
vn -0.8926 -0.4184 -0.1675
vn 0.3247 -0.7035 -0.6322
vn 0.4266 -0.8425 0.3289
vn -0.2629 -0.5896 0.7637
vn -0.0811 -0.3234 0.9428
vn -0.8002 -0.2277 0.5548
vn 0.6930 -0.4827 -0.5355
vn 0.8442 -0.5355 0.0230
vn -0.9573 -0.2542 -0.1375
vn -0.6593 -0.3279 -0.6766
vn -0.2006 -0.3857 -0.9006
vn 0.3736 -0.4465 -0.8130
vn 0.0931 0.8711 -0.4821
vn -0.0518 0.9798 0.1932
vn 0.2100 0.9775 -0.0175
vn 0.4069 0.7660 -0.4976
vn -0.2131 -0.0517 -0.9756
vn 0.3859 -0.0645 -0.9203
vn 0.6743 -0.4690 0.5704
vn 0.0279 -0.0065 0.9996
vn -0.1672 0.1126 0.9795
vn -0.7327 0.0012 -0.6805
vn -0.9922 0.0901 -0.0862
vn -0.7938 0.1485 0.5897
vn 0.6840 -0.0556 -0.7273
vn -0.8716 0.4885 -0.0398
vn -0.6706 0.3997 -0.6249
vn -0.2075 0.3466 -0.9147
vn 0.3254 0.2802 -0.9031
vn 0.6612 0.2003 -0.7230
vn -0.6168 0.4492 0.6463
vn -0.1163 0.3204 0.9401
vn 0.0728 0.2761 0.9583
vn 0.5042 0.1958 -0.8411
vn -0.6532 0.5695 -0.4989
vn -0.2168 0.4621 -0.8599
vn -0.5033 0.5423 0.6727
vn -0.7947 0.6051 -0.0472
vn -0.1257 0.3520 0.9275
vn 0.1541 0.2043 0.9667
vn 0.2744 0.2819 -0.9193
vn 0.0617 0.9683 -0.2419
vn 0.1176 0.8794 -0.4613
vn -0.0880 0.9921 -0.0891
vn -0.2224 0.9749 0.0005
vn 0.0232 0.9885 -0.1494
vn -0.0846 0.9120 -0.4012
vn -0.1203 0.9886 0.0903
vn -0.0285 0.9995 -0.0116
vn -0.0115 0.9965 0.0832
vn -0.2590 0.9652 -0.0359
vn 0.1267 0.9014 0.4140
vn 0.0428 0.9990 0.0154
vn 0.2597 0.8522 0.4542
vn -0.2155 0.8955 0.3894
vn -0.1333 0.9480 -0.2889
vn 0.2196 0.8566 -0.4669
vn -0.9176 0.2747 0.2873
vn -0.9773 0.1728 -0.1224
vn -0.5995 0.3223 0.7326
vn -0.4511 0.3024 0.8396
vn -0.9264 0.0531 -0.3726
vn -0.5497 -0.0707 -0.8324
vn 0.1404 -0.1283 -0.9817
vn 0.4571 -0.1212 -0.8811
vn -0.3055 -0.4061 0.8612
vn -0.6011 -0.4164 0.6821
vn -0.9870 -0.1143 -0.1131
vn -0.9490 -0.0817 -0.3043
vn -0.5083 -0.1726 -0.8437
vn 0.2537 -0.1525 -0.9552
vn 0.7048 -0.0804 -0.7048
vn -0.9568 -0.1422 0.2533
vn -0.1793 -0.4775 0.8601
vn -0.4936 -0.3757 0.7843
vn -0.9665 -0.2130 -0.1432
vn -0.9361 -0.1736 -0.3059
vn -0.4978 -0.0976 -0.8618
vn 0.2729 -0.0220 -0.9618
vn 0.7406 -0.0290 -0.6713
vn -0.7839 -0.1435 0.6041
vn -0.5169 -0.1530 -0.8423
vn 0.1919 0.0451 -0.9803
vn 0.6319 0.0551 -0.7731
vn -0.9542 -0.1922 -0.2293
vn -0.9499 -0.1467 0.2760
vn -0.9900 -0.1141 -0.0823
vn -0.4303 -0.2381 0.8707
vn -0.2283 -0.4199 0.8784
vn 0.5788 0.1519 -0.8012
vn -0.7384 -0.4026 -0.5409
vn -0.4569 -0.0489 -0.8881
vn -0.6691 -0.3581 0.6512
vn -0.6681 -0.7431 0.0375
vn -0.5265 -0.2894 0.7993
vn -0.2017 -0.5112 0.8354
vn 0.1809 0.1354 -0.9741
vn -0.0818 0.0481 0.9955
vn -0.0772 0.2815 0.9565
vn -0.3592 0.1981 0.9120
vn -0.5515 -0.0195 0.8339
vn -0.2440 0.7307 0.6375
vn -0.4577 -0.0501 0.8877
vn 0.5256 0.2537 -0.8120
vn -0.5372 0.1488 -0.8302
vn -0.4262 0.8284 -0.3633
vn -0.1802 0.8654 -0.4676
vn -0.3407 0.2702 -0.9005
vn 0.1710 0.3229 -0.9308
vn -0.3728 0.0544 -0.9263
vn -0.3540 0.0543 -0.9336
vn -0.6170 0.5620 -0.5508
vn -0.5817 0.6317 -0.5124
vn 0.2436 -0.5947 0.7661
vn 0.3160 -0.5312 0.7861
vn 0.5228 -0.8524 -0.0097
vn 0.2897 -0.9569 0.0197
vn 0.1364 -0.6171 -0.7750
vn -0.0580 -0.7013 -0.7105
vn 0.0113 0.0278 0.9995
vn -0.0553 -0.0012 0.9984
vn -0.3071 0.5910 0.7459
vn -0.4455 0.5528 0.7042
vn -0.5415 0.8388 0.0558
vn -0.6389 0.7692 0.0094
vn -0.0052 0.8224 0.5688
vn 0.8094 -0.5516 0.2015
vn -0.0996 0.7679 0.6327
vn -0.0711 0.2798 0.9574
vn -0.0739 0.0500 0.9960
vn -0.0704 -0.4705 0.8796
vn 0.0250 -0.4880 0.8725
vn 0.0777 -0.4345 0.8973
vn -0.1193 -0.3545 0.9274
vn -0.3547 0.2830 0.8911
vn -0.1231 0.9183 0.3761
vn 0.0540 0.6655 0.7444
vn -0.3434 -0.1227 0.9311
vn 0.1241 0.4328 0.8929
vn -0.2047 0.9646 0.1661
vn 0.1190 0.7977 -0.5911
vn -0.1675 0.9426 0.2888
vn -0.2376 0.7658 0.5975
vn -0.5325 0.6650 0.5236
vn -0.1605 0.9444 0.2868
vn -0.4922 0.7740 0.3981
vn 0.0809 0.9895 0.1194
vn -0.2435 0.9587 0.1467
vn -0.4999 0.5430 0.6747
vn -0.0046 0.9391 -0.3435
vn -0.6307 0.4809 0.6091
vn -0.5582 0.7180 0.4157
vn -0.2618 0.9633 -0.0587
vn -0.4532 0.5993 -0.6599
vn -0.5826 0.8126 -0.0121
vn -0.3876 0.5430 0.7449
vn 0.0029 0.0056 1.0000
vn 0.4467 -0.4730 0.7594
vn 0.6851 -0.7280 -0.0224
vn -0.0529 0.0446 -0.9976
vn 0.4418 -0.5020 -0.7435
vn 0.0704 0.0352 0.9969
vn 0.4411 -0.4164 0.7949
vn -0.2672 0.6139 0.7428
vn 0.6670 -0.7435 -0.0483
vn -0.3085 0.6692 -0.6760
vn -0.4476 0.8942 -0.0055
vn 0.0486 0.0850 -0.9952
vn 0.4410 -0.4335 -0.7859
vn -0.6015 0.7988 -0.0092
vn -0.4107 0.5534 0.7246
vn 0.0041 0.0201 0.9998
vn 0.3680 -0.4675 0.8037
vn 0.6002 -0.7957 -0.0811
vn -0.4472 0.6059 -0.6579
vn -0.0354 0.0674 -0.9971
vn 0.3450 -0.4534 -0.8218
vn -0.1102 0.0518 -0.9926
vn -0.5574 0.5186 -0.6483
vn 0.3399 -0.4764 -0.8108
vn 0.5981 -0.7961 -0.0921
vn -0.7285 0.6850 -0.0066
vn -0.5101 0.4632 0.7247
vn -0.0652 0.0136 0.9978
vn 0.3589 -0.5060 0.7843
vn -0.5617 0.5892 -0.5808
vn -0.3928 0.7509 -0.5309
vn -0.5279 0.8485 0.0359
vn -0.6806 0.7324 -0.0212
vn -0.1199 0.0834 0.9893
vn 0.0833 0.1187 0.9894
vn 0.3941 -0.3641 0.8438
vn 0.1552 -0.2389 0.9586
vn -0.6558 0.7000 0.2828
vn -0.4646 0.7762 0.4261
vn -0.2308 0.5290 0.8166
vn -0.4745 0.4790 0.7385
vn -0.2564 0.2447 -0.9350
vn -0.0814 0.4844 -0.8710
vn 0.5540 -0.7692 0.3186
vn 0.4760 -0.6657 0.5747
vn 0.0542 0.2417 0.9688
vn -0.5390 0.4780 0.6934
vn -0.0706 0.0078 0.9975
vn 0.4152 -0.5395 0.7324
vn -0.7345 0.6785 0.0044
vn 0.6181 -0.7825 -0.0753
vn 0.3836 -0.5197 -0.7633
vn -0.1155 0.0166 -0.9932
vn -0.5841 0.5151 -0.6273
vn 0.4642 -0.6915 -0.5535
vn 0.4853 -0.7210 -0.4945
vn 0.3767 -0.8785 -0.2936
vn 0.4029 -0.8621 -0.3073
vn 0.1609 0.9865 0.0284
vn -0.0479 0.9984 -0.0307
vn 0.1627 0.9437 -0.2880
vn 0.0305 0.9843 0.1735
vn 0.3466 0.3005 0.8885
vn 0.4982 -0.5122 0.6996
vn 0.3813 -0.9232 0.0483
vn 0.3289 -0.9309 -0.1585
vn 0.5226 -0.8362 -0.1664
vn 0.3713 -0.2319 -0.8991
vn 0.3207 -0.2340 -0.9178
vn 0.1944 0.4614 -0.8656
vn -0.3254 -0.9398 -0.1040
vn 0.0077 -0.9996 -0.0271
vn 0.0119 -0.7508 -0.6604
vn -0.1875 -0.6797 -0.7090
vn -0.1361 0.9907 -0.0033
vn 0.0034 0.9989 0.0468
vn -0.0077 0.7367 0.6762
vn -0.1221 0.6684 0.7337
vn -0.0647 -0.0500 0.9966
vn -0.0164 -0.0190 0.9997
vn -0.0080 -0.7602 0.6496
vn -0.1849 -0.6748 0.7144
vn -0.0723 0.7421 -0.6663
vn 0.0125 0.7844 -0.6201
vn -0.0927 0.0245 -0.9954
vn 0.0124 -0.0045 -0.9999
vn -0.0305 -0.7348 -0.6775
vn -0.0339 -0.7320 -0.6805
vn -0.0591 0.0180 -0.9981
vn -0.0256 0.0112 -0.9996
vn -0.0450 -0.9985 -0.0299
vn -0.0271 -0.9992 -0.0291
vn -0.0515 0.9977 0.0441
vn -0.1012 0.9939 0.0425
vn -0.0969 0.7492 0.6552
vn -0.0643 0.7466 0.6621
vn -0.0700 -0.0070 0.9975
vn -0.0721 0.0004 0.9974
vn -0.0414 -0.7566 0.6526
vn -0.0594 -0.7588 0.6486
vn -0.0360 0.7820 -0.6222
vn -0.0876 0.7836 -0.6151
vn -0.4998 0.6753 -0.5423
vn -0.8933 0.3377 -0.2964
vn -0.9149 0.4035 -0.0116
vn -0.5253 0.8505 0.0255
vn -0.4859 0.0013 -0.8740
vn -0.9140 0.0334 -0.4043
vn -0.4870 -0.6465 -0.5872
vn -0.9177 -0.2841 -0.2777
vn -0.4663 -0.8840 -0.0341
vn -0.9264 -0.3750 -0.0339
vn -0.9082 0.3226 0.2666
vn -0.5167 0.6457 0.5622
vn -0.4987 -0.0136 0.8666
vn -0.9287 0.0217 0.3702
vn -0.9276 -0.2912 0.2339
vn -0.4981 -0.6709 0.5493
vn -0.9995 0.0222 -0.0213
vn -0.0575 -0.9940 0.0927
vn 0.0318 -0.9989 0.0352
vn 0.1196 -0.8133 -0.5693
vn -0.3490 -0.8238 -0.4465
vn -0.2922 0.9555 0.0394
vn -0.1122 0.9901 0.0837
vn -0.0902 0.7016 0.7068
vn -0.0104 0.6741 0.7385
vn 0.1242 0.0733 0.9895
vn -0.0046 0.0234 0.9997
vn 0.0210 -0.6989 0.7149
vn 0.0855 -0.7160 0.6928
vn -0.3889 0.7637 -0.5152
vn -0.0220 0.8884 -0.4585
vn -0.5552 0.1163 -0.8235
vn 0.1885 0.1200 -0.9747
vn 0.1938 -0.6753 -0.7115
vn -0.0839 -0.7773 -0.6234
vn -0.2592 0.0024 -0.9658
vn 0.1077 0.0527 -0.9928
vn 0.1098 -0.9935 -0.0303
vn 0.0365 -0.9971 -0.0664
vn -0.0416 0.9962 0.0762
vn -0.1376 0.9898 0.0370
vn -0.0737 0.6625 0.7454
vn -0.1768 0.6767 0.7147
vn -0.1963 -0.0251 0.9802
vn -0.0798 -0.0310 0.9963
vn 0.0368 -0.6941 0.7189
vn -0.0670 -0.7319 0.6781
vn 0.0589 0.7694 -0.6359
vn -0.2319 0.8134 -0.5334
vn -0.5594 0.6141 -0.5566
vn -0.8654 0.2371 -0.4413
vn -0.9591 0.2774 0.0558
vn -0.6448 0.7630 0.0446
vn -0.5718 -0.0573 -0.8184
vn -0.8864 -0.0783 -0.4562
vn -0.4029 -0.6967 -0.5935
vn -0.8100 -0.4118 -0.4175
vn -0.4208 -0.9067 -0.0275
vn -0.8622 -0.5055 0.0331
vn -0.8460 0.2180 0.4865
vn -0.3789 0.5069 0.7742
vn -0.5562 -0.0468 0.8297
vn -0.8489 -0.1502 0.5067
vn -0.7519 -0.4682 0.4640
vn -0.2407 -0.6330 0.7357
vn -0.9919 -0.1064 0.0698
vn 0.0386 -0.0146 0.9991
vn 0.0500 0.1227 0.9911
vn 0.0308 0.1216 0.9921
vn 0.0829 -0.6381 0.7655
vn 0.1097 0.1442 0.9834
vn 0.0261 0.5681 0.8226
vn 0.3449 -0.6087 0.7145
vn 0.3605 0.2162 0.9073
vn 0.2102 0.5598 0.8015
vn 0.2218 0.6601 0.7177
vn -0.4637 -0.7514 -0.4694
vn -0.1995 -0.7638 -0.6138
vn 0.1053 -0.9914 0.0775
vn -0.0550 -0.9889 0.1379
vn -0.2780 0.7807 0.5596
vn -0.8811 0.4574 0.1201
vn -0.7723 0.0311 -0.6344
vn 0.1717 0.6701 0.7222
vn 0.1578 0.6996 0.6968
vn 0.1908 -0.3907 -0.9005
vn 0.1465 0.4704 -0.8702
vn 0.2286 -0.9588 -0.1686
vn 0.3155 -0.8063 -0.5003
vn -0.0913 -0.6312 -0.7702
vn 0.0725 0.3868 -0.9193
vn 0.1829 0.9762 0.1160
vn 0.0458 0.9872 -0.1527
vn 0.0891 0.8157 0.5716
vn 0.0445 0.8395 0.5415
vn -0.0048 0.9930 -0.1174
vn 0.0457 0.9881 -0.1466
vn 0.0529 0.9319 -0.3589
vn 0.1478 0.9399 -0.3076
vn -0.1644 -0.9375 -0.3065
vn 0.0372 0.8087 -0.5870
vn 0.0800 0.9804 0.1798
vn -0.0002 -0.8580 -0.5136
vn -0.2304 0.4599 0.8575
vn -0.0134 -0.9615 0.2742
vn -0.0627 -0.9957 0.0678
vn -0.2055 -0.9692 0.1353
vn -0.2070 -0.9720 0.1110
vn -0.4386 -0.8494 -0.2936
vn -0.1831 -0.9826 0.0295
vn -0.4829 -0.8514 0.2044
vn -0.2068 -0.9763 -0.0633
vn -0.2032 -0.9660 0.1598
vn -0.4639 -0.2578 0.8475
vn -0.7780 -0.6172 -0.1171
vn 0.1916 0.7412 0.6433
vn 0.0708 0.5052 0.8601
vn 0.0307 0.9253 0.3779
vn -0.0620 -0.9853 -0.1590
vn -0.4390 -0.8494 -0.2927
vn -0.3267 -0.8878 0.3239
vn -0.2245 -0.9680 0.1119
vn -0.1054 -0.9942 -0.0185
vn -0.2011 -0.9749 0.0956
vn -0.3042 -0.9466 0.1071
vn -0.1039 -0.6255 -0.7732
vn -0.1936 -0.5214 -0.8310
vn -0.0251 0.2390 -0.9707
vn 0.0803 0.3521 -0.9325
vn 0.1732 0.9481 -0.2666
vn -0.1355 0.8758 -0.4632
vn -0.0055 0.9739 0.2267
vn 0.2459 0.8745 0.4180
vn 0.0493 0.0556 0.9972
vn 0.0146 -0.0683 0.9975
vn -0.0566 -0.8147 0.5770
vn 0.0056 -0.5079 0.8614
vn -0.1750 -0.9783 0.1110
vn -0.1932 -0.9724 0.1306
vn 0.1438 0.7895 -0.5967
vn -0.1809 0.7407 -0.6470
vn -0.1047 0.9891 0.1032
vn 0.2119 0.9655 0.1514
vn 0.1754 0.9743 -0.1410
vn -0.0011 0.9974 -0.0721
vn -0.4007 0.8961 0.1905
vn 0.1791 0.9388 -0.2942
vn 0.1687 0.4781 0.8619
vn 0.0587 0.5986 0.7989
vn 0.1816 0.9445 -0.2736
vn -0.0120 0.9892 -0.1462
vn -0.3700 0.9266 -0.0662
vn 0.1187 0.9569 -0.2648
vn -0.0218 0.9409 -0.3380
vn 0.0316 0.9251 -0.3783
vn 0.0377 0.9565 -0.2894
vn 0.1785 0.8713 -0.4572
vn 0.1465 0.8237 -0.5477
vn 0.1320 0.8415 -0.5238
vn 0.0589 0.7672 -0.6387
vn 0.0111 0.6939 -0.7199
vn 0.1201 0.7132 -0.6905
vn -0.7351 0.0335 0.6771
vn -0.5472 -0.6665 0.5064
vn 0.0025 0.0079 -0.9999
vn -0.0056 0.7860 -0.6182
vn -0.0215 0.9986 0.0481
vn -0.0371 -0.7583 0.6508
vn -0.0190 -0.9995 -0.0258
vn -0.0359 0.7462 0.6647
vn -0.0439 -0.0090 0.9990
vn -0.0058 -0.7377 -0.6751
vn -0.1453 -0.9867 -0.0722
vn -0.0407 -0.9987 -0.0308
vn -0.0142 -0.8330 -0.5531
vn -0.0283 -0.6991 -0.7145
vn -0.1547 0.9879 -0.0091
vn -0.0232 0.9986 0.0477
vn -0.0274 0.6872 0.7260
vn -0.0858 0.6592 0.7470
vn -0.0022 -0.1621 0.9868
vn -0.0463 -0.2313 0.9718
vn -0.0374 -0.8511 0.5237
vn -0.0559 -0.7528 0.6558
vn -0.0576 0.6550 -0.7534
vn -0.0044 0.7176 -0.6964
vn 0.0158 -0.1408 -0.9899
vn -0.0023 -0.2145 -0.9767
vn 0.0068 -0.8362 -0.5483
vn 0.0050 -0.7645 -0.6446
vn -0.0511 -0.0539 -0.9972
vn -0.0162 -0.2003 -0.9796
vn 0.0128 -0.9995 -0.0284
vn 0.0276 -0.9992 -0.0271
vn -0.1291 0.9908 0.0405
vn -0.1702 0.9846 0.0404
vn -0.1347 0.7182 0.6826
vn -0.1165 0.7017 0.7028
vn -0.0533 -0.2085 0.9766
vn -0.0614 -0.0666 0.9959
vn -0.0013 -0.7838 0.6210
vn -0.0132 -0.8452 0.5342
vn -0.0900 0.7388 -0.6679
vn -0.1305 0.7528 -0.6451
vn -0.4692 0.6899 -0.5512
vn -0.8715 0.3687 -0.3233
vn -0.8971 0.4415 -0.0128
vn -0.4931 0.8696 0.0255
vn -0.4609 0.0047 -0.8874
vn -0.8961 0.0350 -0.4424
vn -0.4666 -0.6534 -0.5960
vn -0.8996 -0.3125 -0.3051
vn -0.4457 -0.8945 -0.0353
vn -0.9100 -0.4129 -0.0372
vn -0.8889 0.3529 0.2919
vn -0.4873 0.6605 0.5712
vn -0.4751 -0.0102 0.8799
vn -0.9135 0.0227 0.4062
vn -0.9114 -0.3209 0.2575
vn -0.4793 -0.6787 0.5564
vn -0.9994 0.0247 -0.0237
vn 0.0019 -0.2777 -0.9607
vn -0.0049 0.7298 -0.6836
vn -0.0211 0.9986 0.0481
vn -0.0284 -0.8650 0.5008
vn -0.0167 -0.9995 -0.0259
vn -0.0363 0.6839 0.7287
vn -0.0390 -0.2765 0.9602
vn -0.0068 -0.8590 -0.5119
vn -0.0819 0.6626 -0.7444
vn 0.0683 0.7500 -0.6579
vn 0.0223 0.7984 -0.6016
vn 0.1440 0.9170 -0.3721
vn 0.0540 0.9255 -0.3747
vn -0.2850 -0.9243 0.2538
vn -0.1848 -0.9467 0.2639
vn -0.1634 -0.9427 -0.2908
vn -0.0876 -0.9836 -0.1579
vn -0.2397 -0.9705 0.0274
vn 0.0521 -0.9893 0.1357
vn -0.3087 -0.9145 0.2612
vn -0.4663 -0.0945 -0.8795
vn -0.4792 -0.8708 -0.1091
vn -0.3023 -0.9313 -0.2033
vn 0.0148 -0.0169 0.9997
vn 0.0559 -0.1444 0.9879
vn 0.0761 -0.1367 0.9877
vn -0.0856 -0.9958 -0.0315
vn -0.0417 -0.9986 -0.0334
vn -0.0189 -0.8335 -0.5522
vn -0.0108 -0.6970 -0.7170
vn -0.3020 0.9521 0.0487
vn -0.0244 0.9988 0.0416
vn -0.0288 0.6915 0.7218
vn -0.1697 0.6314 0.7566
vn -0.0627 -0.1686 0.9837
vn -0.0479 -0.2320 0.9715
vn -0.0371 -0.8534 0.5200
vn -0.0630 -0.7804 0.6221
vn -0.1859 0.6238 -0.7591
vn -0.0118 0.7192 -0.6947
vn -0.0025 -0.1753 -0.9845
vn -0.0133 -0.2150 -0.9765
vn -0.1347 0.7183 0.6826
vn -0.4609 0.0046 -0.8874
vn -0.8961 0.0349 -0.4424
vn -0.4666 -0.6535 -0.5960
vn -0.4457 -0.8945 -0.0352
vn -0.4792 -0.6787 0.5565
vn -0.4107 0.8777 0.2470
vn -0.7548 0.0923 -0.6494
vn -0.5327 -0.8162 -0.2237
vn -0.2328 -0.9711 0.0518
vn 0.0490 -0.9987 0.0157
vn 0.0323 -0.8855 -0.4636
vn -0.1414 -0.8595 -0.4911
vn -0.2003 0.9745 0.1010
vn -0.0228 0.9986 0.0477
vn -0.0066 0.6865 0.7271
vn -0.0829 0.6431 0.7613
vn -0.0297 -0.3024 0.9527
vn 0.0142 -0.3510 0.9362
vn 0.0369 -0.8845 0.4649
vn -0.1329 -0.8421 0.5226
vn -0.1083 0.6543 -0.7484
vn -0.0226 0.7136 -0.7001
vn -0.0133 -0.3407 -0.9401
vn 0.0057 -0.3348 -0.9423
vn 0.0010 -0.8363 -0.5482
vn 0.0004 -0.7645 -0.6446
vn -0.0616 -0.0538 -0.9966
vn -0.0275 -0.2021 -0.9790
vn 0.0133 -0.9995 -0.0273
vn 0.0287 -0.9992 -0.0271
vn -0.1352 0.9900 0.0409
vn -0.1784 0.9831 0.0405
vn -0.1360 0.7176 0.6831
vn -0.1152 0.7017 0.7031
vn -0.0461 -0.2084 0.9769
vn -0.0567 -0.0659 0.9962
vn 0.0035 -0.7837 0.6211
vn -0.0076 -0.8445 0.5355
vn -0.1015 0.7385 -0.6665
vn -0.1422 0.7513 -0.6444
vn -0.4830 0.6845 -0.5460
vn -0.8807 0.3558 -0.3127
vn -0.9050 0.4252 -0.0126
vn -0.5053 0.8625 0.0266
vn -0.4743 0.0040 -0.8803
vn -0.9034 0.0343 -0.4274
vn -0.4780 -0.6499 -0.5909
vn -0.9071 -0.3009 -0.2943
vn -0.4558 -0.8895 -0.0335
vn -0.9171 -0.3971 -0.0361
vn -0.8978 0.3396 0.2803
vn -0.4969 0.6550 0.5692
vn -0.4824 -0.0110 0.8759
vn -0.9206 0.0222 0.3898
vn -0.9187 -0.3082 0.2468
vn -0.4864 -0.6749 0.5549
vn -0.9995 0.0236 -0.0227
vn -0.0184 -0.2773 -0.9606
vn -0.0189 0.7311 -0.6820
vn -0.0211 0.9985 0.0497
vn -0.0180 -0.8648 0.5018
vn -0.0182 -0.9995 -0.0234
vn -0.0234 0.6828 0.7302
vn -0.0208 -0.2764 0.9608
vn -0.0193 -0.8589 -0.5117
vn -0.6288 -0.0995 -0.7711
vn -0.4542 -0.7999 -0.3923
vn -0.6892 0.1471 0.7094
vn -0.4081 -0.7309 0.5470
vn 0.1761 0.9834 0.0427
vn 0.0508 0.9971 0.0560
vn -0.7808 -0.0767 0.6200
vn -0.5347 -0.0701 -0.8421
vn -0.5359 -0.1107 -0.8370
vn -0.4689 -0.3967 -0.7891
vn -0.4401 0.0917 -0.8932
vn 0.9012 0.0161 -0.4331
vn 0.9036 0.0566 -0.4245
vn -0.4189 0.1066 -0.9017
vn -0.3926 0.4078 -0.8243
vn 0.8415 0.3382 -0.4211
vn -0.6290 0.4078 -0.6619
vn 0.5991 0.4154 -0.6844
vn -0.6956 0.0918 -0.7125
vn -0.6784 0.1065 -0.7269
vn 0.9674 -0.0368 -0.2505
vn -0.2607 -0.0728 -0.9627
vn -0.2659 -0.1136 -0.9573
vn 0.9610 -0.0529 -0.2714
vn 0.9057 -0.3570 -0.2284
vn -0.2090 -0.3897 -0.8969
vn 0.9978 -0.0368 0.0541
vn 0.0430 -0.0728 -0.9964
vn 0.0363 -0.1136 -0.9929
vn 0.9980 -0.0529 0.0322
vn 0.9324 -0.3570 0.0565
vn 0.0723 -0.3897 -0.9181
vn 0.8709 -0.0425 0.4896
vn 0.4699 -0.0836 -0.8787
vn 0.2722 -0.1249 -0.9541
vn 0.9381 -0.0587 0.3413
vn 0.8002 -0.3929 0.4530
vn 0.4665 -0.4337 -0.7709
vn -0.3367 0.3945 0.8549
vn -0.3589 0.3384 0.8698
vn 0.0569 0.9186 0.3910
vn 0.0767 0.9294 0.3609
vn 0.6737 0.4636 0.5755
vn 0.6996 0.4084 0.5863
vn 0.1364 0.9633 0.2309
vn 0.1046 0.9727 0.2069
vn 0.1037 0.9376 0.3318
vn 0.0952 0.9250 0.3679
vn 0.2542 0.7844 -0.5657
vn 0.2508 0.8100 -0.5300
vn -0.1435 0.9756 0.1659
vn -0.1501 0.9730 0.1751
vn -0.6184 -0.0619 0.7834
vn -0.6163 0.0284 0.7870
vn 0.0967 0.9758 0.1961
vn 0.1283 0.9682 0.2149
vn -0.6231 0.7169 -0.3125
vn -0.5983 0.7465 -0.2911
vn -0.5659 -0.3036 0.7665
vn -0.5661 -0.2998 0.7679
vn -0.4390 0.3536 0.8260
vn -0.4136 0.4088 0.8135
vn 0.7452 -0.2607 0.6137
vn 0.7455 -0.2568 0.6150
vn 0.6420 0.3989 0.6547
vn 0.6185 0.4547 0.6409
vn 0.5632 0.1307 -0.8159
vn 0.5632 0.1302 -0.8160
vn 0.4978 0.3890 -0.7751
vn 0.4813 0.4592 -0.7466
vn -0.7463 0.0869 -0.6599
vn -0.7462 0.0863 -0.6600
vn -0.7847 0.3202 -0.5307
vn -0.7783 0.3880 -0.4936
vn 0.6694 0.0411 0.7418
vn 0.6901 -0.0447 0.7224
vn -0.1125 0.9101 0.3988
vn -0.1211 0.9122 0.3914
vn 0.4747 0.7795 -0.4086
vn 0.4870 0.7533 -0.4419
vn -0.5473 0.7573 -0.3562
vn -0.5703 0.7283 -0.3800
vn 0.0428 0.9174 0.3956
vn 0.0655 0.9273 0.3685
vn 0.1374 0.9601 0.2433
vn 0.1109 0.9695 0.2183
vn -0.1349 0.9161 0.3776
vn -0.1272 0.9138 0.3858
vn 0.6063 -0.0645 0.7926
vn 0.5863 0.0220 0.8098
vn 0.0867 0.9318 0.3523
vn 0.0692 0.9194 0.3872
vn 0.4152 0.7614 -0.4978
vn 0.4060 0.7875 -0.4636
vn 0.6663 -0.2822 0.6902
vn 0.6666 -0.2783 0.6915
vn 0.5812 0.3747 0.7223
vn 0.5612 0.4312 0.7064
vn -0.0665 0.9919 0.1080
vn -0.0770 0.9907 0.1124
vn -0.9327 0.0584 0.3557
vn -0.9199 0.1476 0.3633
vn -0.6677 0.1084 -0.7365
vn -0.6676 0.1079 -0.7366
vn -0.7127 0.3431 -0.6118
vn -0.7083 0.4107 -0.5741
vn -0.6551 -0.2849 0.6998
vn -0.6553 -0.2810 0.7011
vn -0.5168 0.3653 0.7742
vn -0.4886 0.4198 0.7649
vn 0.6525 0.1121 -0.7494
vn 0.6525 0.1115 -0.7496
vn 0.5910 0.3722 -0.7156
vn 0.5737 0.4429 -0.6890
vn -0.6973 0.0486 0.7151
vn -0.7017 -0.0416 0.7113
vn -0.4777 0.7789 -0.4063
vn -0.4991 0.7507 -0.4327
vn -0.1384 0.9775 0.1593
vn -0.1308 0.9798 0.1509
vn 0.1405 0.9554 0.2596
vn 0.1161 0.9661 0.2306
vn 0.5391 0.7655 -0.3511
vn 0.5542 0.7389 -0.3830
vn 0.0269 0.9160 0.4001
vn 0.0533 0.9254 0.3751
vn -0.1165 0.9836 0.1375
vn -0.1250 0.9815 0.1450
vn -0.7753 -0.0191 0.6313
vn -0.7686 0.0709 0.6357
vn 0.0875 0.9786 0.1860
vn 0.1204 0.9722 0.2009
vn -0.6732 0.6990 -0.2411
vn -0.6470 0.7293 -0.2224
vn -0.1012 0.9868 0.1261
vn -0.1105 0.9850 0.1327
vn -0.8374 0.0047 0.5465
vn -0.8286 0.0945 0.5518
vn -0.1698 0.9613 0.2168
vn -0.1729 0.9583 0.2275
vn -0.3315 -0.1052 0.9375
vn -0.3365 -0.0151 0.9415
vn -0.7352 -0.2637 0.6245
vn -0.7354 -0.2598 0.6258
vn -0.5914 0.3721 0.7153
vn -0.5612 0.4259 0.7096
vn 0.5805 -0.3009 0.7566
vn 0.5807 -0.2970 0.7580
vn 0.5106 0.3640 0.7790
vn 0.4939 0.4210 0.7608
vn 0.7327 0.0909 -0.6744
vn 0.7327 0.0904 -0.6745
vn 0.6759 0.3529 -0.6470
vn 0.6579 0.4242 -0.6222
vn -0.5821 0.1271 -0.8031
vn -0.5821 0.1266 -0.8032
vn -0.6331 0.3632 -0.6836
vn -0.6307 0.4307 -0.6455
vn 0.4973 0.0057 0.8675
vn 0.5165 -0.0813 0.8524
vn -0.1401 0.9178 0.3716
vn -0.1468 0.9203 0.3625
vn 0.5980 0.7466 -0.2915
vn 0.6156 0.7194 -0.3215
vn -0.4106 0.7891 -0.4568
vn -0.4298 0.7614 -0.4852
vn 0.0088 0.9146 0.4043
vn 0.0406 0.9240 0.3802
vn 0.1397 0.9518 0.2732
vn 0.1198 0.9626 0.2432
vn -0.1571 0.9250 0.3461
vn -0.1515 0.9222 0.3558
vn 0.4187 -0.0956 0.9031
vn 0.4007 -0.0079 0.9162
vn -0.8040 -0.2409 0.5436
vn -0.8043 -0.2370 0.5449
vn -0.6462 0.4003 0.6497
vn -0.6134 0.4530 0.6469
vn -0.1651 0.9297 0.3291
vn -0.1606 0.9268 0.3394
vn 0.3187 -0.1064 0.9418
vn 0.3020 -0.0183 0.9531
vn 0.8017 0.0683 -0.5938
vn 0.8017 0.0678 -0.5939
vn 0.7500 0.3319 -0.5721
vn 0.7317 0.4037 -0.5492
vn 0.4860 -0.3171 0.8144
vn 0.4862 -0.3132 0.8158
vn 0.4365 0.3389 0.8334
vn 0.4240 0.3965 0.8143
vn -0.4878 0.1434 -0.8610
vn -0.4878 0.1429 -0.8611
vn -0.5442 0.3811 -0.7473
vn -0.5439 0.4486 -0.7091
vn 0.6514 0.7224 -0.2321
vn 0.6708 0.6945 -0.2600
vn -0.0038 0.9153 0.4026
vn 0.0277 0.9230 0.3838
vn -0.3327 0.8035 -0.4937
vn -0.3497 0.7765 -0.5242
vn -0.0842 0.9897 0.1161
vn -0.0942 0.9881 0.1216
vn -0.8910 0.0311 0.4529
vn -0.8801 0.1206 0.4592
vn 0.1397 0.9464 0.2910
vn 0.1220 0.9589 0.2562
vn -0.8650 -0.2155 0.4532
vn -0.8653 -0.2116 0.4544
vn -0.7034 0.4157 0.5766
vn -0.6692 0.4675 0.5776
vn 0.8628 0.0429 -0.5036
vn 0.8628 0.0424 -0.5037
vn 0.8172 0.3080 -0.4872
vn 0.7987 0.3803 -0.4663
vn -0.1755 0.9402 0.2919
vn -0.1735 0.9371 0.3029
vn 0.1012 -0.1194 0.9877
vn 0.0878 -0.0303 0.9957
vn 0.3884 -0.3300 0.8603
vn 0.3885 -0.3262 0.8618
vn 0.3550 0.3379 0.8716
vn 0.3460 0.3957 0.8507
vn -0.3905 0.1564 -0.9072
vn -0.3905 0.1559 -0.9073
vn -0.4515 0.3959 -0.7996
vn -0.4532 0.4634 -0.7615
vn 0.6895 0.7078 -0.1536
vn 0.7114 0.6795 -0.1794
vn -0.0211 0.9153 0.4021
vn 0.0141 0.9223 0.3861
vn -0.2584 0.8066 -0.5315
vn -0.2728 0.7799 -0.5633
vn 0.1351 0.9435 0.3026
vn 0.1227 0.9552 0.2691
vn -0.1714 0.9348 0.3109
vn -0.1681 0.9318 0.3215
vn 0.2118 -0.1145 0.9705
vn 0.1967 -0.0259 0.9801
vn -0.9143 -0.1888 0.3583
vn -0.9146 -0.1849 0.3596
vn -0.7445 0.4425 0.4998
vn -0.7088 0.4931 0.5043
vn 0.2830 -0.3403 0.8967
vn 0.2831 -0.3364 0.8981
vn 0.2687 0.3315 0.9044
vn 0.2637 0.3894 0.8825
vn 0.9124 0.0163 -0.4090
vn 0.9123 0.0158 -0.4091
vn 0.8731 0.2826 -0.3971
vn 0.8547 0.3555 -0.3782
vn -0.2853 0.1667 -0.9438
vn -0.2853 0.1662 -0.9439
vn -0.3502 0.4081 -0.8431
vn -0.3540 0.4757 -0.8052
vn 0.7255 0.6834 -0.0810
vn 0.7490 0.6543 -0.1044
vn -0.1723 0.8187 -0.5477
vn -0.1841 0.7926 -0.5813
vn -0.0346 0.9165 0.3984
vn 0.0006 0.9221 0.3868
vn 0.1299 0.9398 0.3161
vn 0.1218 0.9515 0.2824
vn -0.0476 0.9937 0.1018
vn -0.0586 0.9927 0.1051
vn -0.9635 0.0873 0.2530
vn -0.9488 0.1760 0.2621
vn -0.0287 0.9948 0.0978
vn -0.0400 0.9942 0.0999
vn -0.9817 0.1161 0.1508
vn -0.9655 0.2043 0.1615
vn -0.9529 -0.1604 0.2572
vn -0.9532 -0.1565 0.2584
vn -0.7867 0.4565 0.4155
vn -0.7508 0.5062 0.4242
vn 0.1731 -0.3473 0.9216
vn 0.1731 -0.3434 0.9231
vn 0.1786 0.3215 0.9299
vn 0.1778 0.3796 0.9079
vn 0.9513 -0.0121 -0.3081
vn 0.9512 -0.0126 -0.3082
vn 0.9191 0.2553 -0.3000
vn 0.9009 0.3288 -0.2831
vn -0.1755 0.1738 -0.9690
vn -0.1755 0.1733 -0.9691
vn -0.2436 0.4172 -0.8755
vn -0.2494 0.4849 -0.8382
vn 0.7475 0.6642 0.0013
vn 0.7726 0.6345 -0.0195
vn -0.0859 0.8242 -0.5597
vn -0.0948 0.7985 -0.5945
vn -0.0529 0.9173 0.3947
vn -0.0131 0.9223 0.3862
vn 0.1236 0.9355 0.3309
vn 0.1194 0.9478 0.2956
vn -0.1774 0.9456 0.2728
vn -0.1767 0.9424 0.2839
vn -0.0097 -0.1207 0.9926
vn -0.0212 -0.0313 0.9993
vn -0.1770 0.9508 0.2542
vn -0.1776 0.9477 0.2653
vn -0.1173 -0.1189 0.9859
vn -0.1267 -0.0291 0.9915
vn 0.0346 0.8985 0.4375
vn 0.0504 0.8975 0.4380
vn 0.9801 0.1124 0.1637
vn 0.9610 0.1945 0.1964
vn -0.9789 -0.1318 0.1557
vn -0.9793 -0.1279 0.1568
vn -0.7760 0.5287 0.3439
vn -0.7466 0.5641 0.3525
vn 0.0619 -0.3509 0.9344
vn 0.0619 -0.3470 0.9358
vn 0.0862 0.3067 0.9479
vn 0.0896 0.3648 0.9267
vn -0.7823 0.6177 0.0800
vn -0.7501 0.6555 0.0876
vn 0.9775 -0.0406 -0.2067
vn 0.9775 -0.0411 -0.2068
vn 0.9526 0.2277 -0.2016
vn 0.9350 0.3016 -0.1866
vn -0.0645 0.1775 -0.9820
vn -0.0645 0.1769 -0.9821
vn -0.1348 0.4230 -0.8960
vn -0.1426 0.4909 -0.8594
vn 0.9948 -0.0969 0.0316
vn 0.9951 -0.0930 0.0328
vn 0.8275 0.5372 0.1632
vn 0.7914 0.5874 0.1693
vn -0.9895 -0.1128 -0.0897
vn -0.9892 -0.1152 -0.0904
vn 0.7682 0.6355 0.0768
vn 0.7941 0.6049 0.0587
vn -0.0002 0.8240 -0.5666
vn -0.0060 0.7984 -0.6021
vn -0.0135 0.9229 0.3847
vn 0.0053 0.9238 0.3827
vn 0.1157 0.9307 0.3469
vn 0.1156 0.9442 0.3083
vn 0.0671 0.9935 0.0921
vn 0.0639 0.9937 0.0923
vn -0.9564 0.2877 0.0508
vn 0.0918 0.9817 0.1667
vn 0.0545 0.9851 0.1630
vn -0.9895 -0.1411 0.0308
vn -0.9914 -0.1262 0.0349
vn -0.7594 0.5933 0.2669
vn -0.7453 0.6086 0.2723
vn -0.0467 -0.3511 0.9351
vn -0.0467 -0.3472 0.9366
vn -0.0033 0.3163 0.9486
vn 0.0041 0.3741 0.9273
vn -0.0343 0.9002 0.4342
vn -0.0229 0.8996 0.4360
vn 0.9596 0.0829 0.2688
vn 0.9397 0.1656 0.2993
vn 0.9858 -0.1271 -0.1098
vn 0.9859 -0.1261 -0.1095
vn 0.9787 0.1789 -0.1005
vn 0.9622 0.2579 -0.0868
vn 0.0440 0.1778 -0.9831
vn 0.0440 0.1773 -0.9832
vn -0.0276 0.4254 -0.9046
vn -0.0372 0.4936 -0.8689
vn -0.0530 0.9015 0.4295
vn -0.0420 0.9006 0.4326
vn 0.9282 0.0549 0.3680
vn 0.9076 0.1382 0.3964
vn 0.9821 -0.1270 0.1387
vn 0.9825 -0.1231 0.1399
vn 0.8270 0.5025 0.2519
vn 0.7927 0.5540 0.2544
vn -0.9817 -0.0468 -0.1848
vn -0.9816 -0.0473 -0.1849
vn -0.9820 0.1836 -0.0450
vn -0.9673 0.2530 -0.0136
vn 0.7940 0.5862 0.1610
vn 0.8185 0.5554 0.1466
vn 0.0828 0.8174 -0.5700
vn 0.0800 0.7917 -0.6056
vn 0.1063 0.9286 0.3554
vn 0.1104 0.9409 0.3202
vn -0.1745 0.9561 0.2351
vn -0.1763 0.9530 0.2461
vn -0.2266 -0.1136 0.9673
vn -0.2338 -0.0237 0.9720
vn -0.7481 0.6636 0.0037
vn -0.7759 0.6308 -0.0061
vn -0.1581 -0.3480 0.9241
vn -0.1581 -0.3441 0.9255
vn -0.0971 0.3125 0.9449
vn -0.0858 0.3702 0.9250
vn 0.1063 0.9783 0.1777
vn 0.0665 0.9833 0.1694
vn 0.1553 0.1747 -0.9723
vn 0.1553 0.1742 -0.9724
vn 0.0831 0.4245 -0.9015
vn 0.0719 0.4931 -0.8670
vn -0.0896 0.9059 0.4140
vn -0.0795 0.9043 0.4194
vn 0.8286 0.0010 0.5598
vn 0.8075 0.0856 0.5837
vn 0.9580 -0.1557 0.2407
vn 0.9583 -0.1518 0.2419
vn 0.8047 0.4881 0.3379
vn 0.7712 0.5403 0.3366
vn 0.1686 0.8189 -0.5485
vn 0.1689 0.7935 -0.5846
vn -0.9578 -0.0181 -0.2867
vn -0.9578 -0.0186 -0.2868
vn -0.9660 0.2124 -0.1473
vn -0.9527 0.2814 -0.1145
vn -0.7305 0.6786 -0.0764
vn -0.7577 0.6464 -0.0891
vn 0.1127 0.9756 0.1885
vn 0.0774 0.9811 0.1771
vn -0.0717 0.9033 0.4228
vn -0.0610 0.9022 0.4270
vn 0.8843 0.0273 0.4661
vn 0.8632 0.1113 0.4923
vn 0.9212 -0.1844 0.3425
vn 0.9215 -0.1805 0.3437
vn 0.7764 0.4668 0.4234
vn 0.7447 0.5199 0.4184
vn -0.2658 -0.3416 0.9015
vn -0.2659 -0.3377 0.9029
vn -0.1863 0.3220 0.9282
vn -0.1712 0.3792 0.9093
vn -0.9214 0.0105 -0.3885
vn -0.9213 0.0100 -0.3886
vn -0.9375 0.2414 -0.2504
vn -0.9258 0.3100 -0.2163
vn 0.2630 0.1685 -0.9499
vn 0.2630 0.1679 -0.9500
vn 0.1912 0.4204 -0.8869
vn 0.1784 0.4893 -0.8536
vn -0.6911 0.7069 -0.1504
vn -0.7181 0.6757 -0.1661
vn 0.0836 0.9228 0.3760
vn 0.0958 0.9346 0.3425
vn -0.1630 0.9664 0.1987
vn -0.1673 0.9635 0.2091
vn -0.4339 -0.0936 0.8961
vn -0.4365 -0.0033 0.8997
vn -0.1543 0.9711 0.1821
vn -0.1598 0.9683 0.1918
vn -0.5280 -0.0793 0.8455
vn -0.5283 0.0110 0.8489
vn -0.3719 -0.3319 0.8669
vn -0.3720 -0.3280 0.8683
vn -0.2790 0.3185 0.9059
vn -0.2604 0.3753 0.8896
vn 0.8723 -0.2120 0.4405
vn 0.8726 -0.2080 0.4418
vn 0.7411 0.4406 0.5066
vn 0.7118 0.4948 0.4985
vn 0.3691 0.1588 -0.9157
vn 0.3691 0.1583 -0.9158
vn 0.2986 0.4130 -0.8604
vn 0.2843 0.4823 -0.8286
vn -0.8728 0.0381 -0.4866
vn -0.8727 0.0376 -0.4867
vn -0.8968 0.2696 -0.3507
vn -0.8868 0.3379 -0.3153
vn 0.3304 0.8038 -0.4947
vn 0.3368 0.7782 -0.5300
vn -0.1062 0.9088 0.4034
vn -0.0968 0.9070 0.4098
vn 0.7630 -0.0232 0.6460
vn 0.7419 0.0620 0.6676
vn -0.4703 -0.3194 0.8226
vn -0.4705 -0.3156 0.8240
vn 0.8128 -0.2376 0.5318
vn 0.8131 -0.2337 0.5331
vn 0.4675 0.1465 -0.8717
vn 0.4675 0.1459 -0.8718
vn 0.3991 0.4027 -0.8237
vn 0.3837 0.4724 -0.7935
vn -0.8136 0.0638 -0.5779
vn -0.8135 0.0633 -0.5780
vn -0.8451 0.2961 -0.4451
vn -0.8368 0.3641 -0.4087
vn 0.3730 -0.5683 -0.7334
vn 0.4008 -0.6110 -0.6827
vn -0.0670 -0.0097 -0.9977
vn -0.5497 0.5574 -0.6222
vn -0.6930 0.7206 0.0200
vn -0.5107 0.5252 0.6807
vn -0.0310 -0.0017 0.9995
vn 0.0374 -0.1023 -0.9940
vn 0.5595 -0.8186 -0.1297
vn 0.5962 -0.7986 -0.0819
vn 0.4450 -0.5712 0.6897
vn -0.9512 0.2275 -0.2084
vn -0.9829 0.0995 -0.1545
vn -0.8357 0.0235 -0.5487
vn -0.7288 0.1458 -0.6690
vn -0.6391 0.4106 0.6503
vn -0.6219 0.4682 0.6277
vn -0.9596 0.2449 0.1384
vn -0.9546 0.2116 0.2094
vn -0.9478 0.2554 0.1906
vn -0.9806 0.1155 -0.1581
vn -0.5522 0.5520 0.6247
vn -0.8556 -0.1249 -0.5024
vn -0.8922 0.4484 0.0537
vn -0.9683 0.1453 -0.2032
vn -0.4750 0.8120 0.3390
vn -0.8567 -0.2697 -0.4396
vn -0.4620 0.8833 -0.0792
vn -0.8719 0.4623 -0.1614
vn -0.8212 -0.4208 -0.3855
vn -0.9508 0.0619 -0.3036
vn -0.8792 0.4425 0.1765
vn -0.9622 0.0290 0.2706
vn -0.8390 -0.4498 0.3061
vn -0.4719 0.8674 0.1577
vn -0.9865 0.0982 0.1308
vn -0.8811 -0.1701 0.4412
vn -0.8792 -0.3027 0.3679
vn -0.9761 0.1229 0.1794
vn -0.5434 0.6134 -0.5732
vn -0.4690 0.8428 -0.2639
vn -0.9404 0.2757 -0.1989
vn -0.8909 0.4524 -0.0394
vn -0.9886 0.0828 0.1254
vn -0.8649 -0.0318 0.5009
vn -0.6362 0.4712 -0.6109
vn -0.9463 0.2343 -0.2225
vn -0.6201 0.5268 -0.5813
vn -0.9542 0.2596 -0.1486
vn -0.7678 0.0749 0.6363
vn -0.9595 0.2040 0.1943
vn -0.0703 -0.9776 -0.1985
vn -0.0402 -0.9768 -0.2102
vn 0.0000 -0.9796 -0.2007
vn 0.0000 -0.9829 0.1841
vn -0.0406 -0.9783 0.2029
vn 0.0218 -0.6151 0.7881
vn 0.0000 -0.6306 0.7761
vn 0.0000 -0.3345 0.9424
vn 0.0484 -0.3352 0.9409
vn 0.0714 0.0016 0.9974
vn 0.0000 -0.0108 0.9999
vn 0.0000 0.6809 0.7324
vn 0.0692 0.6821 0.7280
vn -0.1414 0.9678 0.2082
vn 0.0000 0.9767 0.2147
vn 0.0000 0.9371 -0.3489
vn -0.1921 0.9276 -0.3203
vn -0.5723 0.7829 -0.2439
vn -0.5821 0.8033 0.1259
vn -0.3217 0.0035 0.9468
vn -0.2638 0.6493 0.7132
vn -0.1670 -0.5396 0.8252
vn -0.2998 -0.2636 0.9168
vn -0.0543 -0.9626 0.2655
vn -0.1948 -0.9417 -0.2741
vn -0.1236 -0.9599 -0.2515
vn -0.1088 -0.9465 -0.3037
vn -0.1462 -0.9789 0.1425
vn -0.2109 -0.9704 0.1174
vn -0.1438 -0.9402 -0.3087
vn -0.1114 -0.9601 0.2563
vn -0.7917 0.4642 0.3970
vn -0.8784 0.4727 0.0692
vn -0.4975 -0.8507 0.1695
vn -0.7087 -0.2940 0.6413
vn -0.8729 0.4869 -0.0304
vn -0.7515 0.6158 0.2367
vn -0.8120 0.3988 0.4261
vn -0.6308 0.3136 0.7097
vn -0.6714 0.4148 0.6141
vn -0.7051 0.1015 0.7018
vn -0.5940 -0.0777 0.8007
vn -0.6611 0.3043 0.6858
vn -0.5497 0.1619 0.8195
vn -0.5644 0.6393 0.5221
vn -0.2948 0.8397 0.4560
vn -0.0607 0.8975 0.4367
vn 0.0000 0.9001 0.4357
vn -0.1457 -0.9818 0.1212
vn -0.4013 -0.4707 0.7858
vn -0.4462 -0.4117 0.7945
vn -0.4520 -0.3877 0.8033
vn -0.1653 -0.9682 -0.1878
vn -0.3957 -0.4352 0.8086
vn -0.5657 0.0632 0.8221
vn 0.0000 0.9010 0.4338
vn 0.0019 0.9038 0.4278
vn -0.2966 0.8365 0.4606
vn -0.6296 0.5640 0.5343
vn -0.7005 0.1983 0.6855
vn 0.9049 0.3749 -0.2016
vn 0.8178 0.5459 -0.1822
vn 0.8390 0.5405 -0.0616
vn 0.9263 0.3705 -0.0690
vn 0.3862 -0.9184 -0.0860
vn 0.5540 -0.8233 -0.1234
vn 0.5716 -0.8196 -0.0400
vn 0.3993 -0.9164 -0.0270
vn 0.9581 0.1907 -0.2134
vn 0.9793 0.1882 -0.0736
vn 0.2024 -0.9782 -0.0452
vn 0.2095 -0.9777 -0.0131
vn 0.9760 0.0000 -0.2174
vn 0.9972 0.0000 -0.0751
vn 0.2025 0.9782 -0.0450
vn 0.0423 0.9936 0.1047
vn 0.2095 0.9777 -0.0132
vn 0.0423 -0.9936 0.1048
vn 0.9581 -0.1907 -0.2134
vn 0.9793 -0.1882 -0.0735
vn 0.3862 0.9184 -0.0860
vn 0.3993 0.9164 -0.0269
vn 0.9049 -0.3749 -0.2016
vn 0.9263 -0.3704 -0.0690
vn 0.5539 0.8233 -0.1234
vn 0.5715 0.8196 -0.0401
vn 0.8178 -0.5459 -0.1822
vn 0.8390 -0.5405 -0.0616
vn 0.6996 0.6973 -0.1559
vn 0.7197 0.6923 -0.0518
vn 0.6995 -0.6973 -0.1559
vn 0.7197 -0.6923 -0.0518
vn 0.9655 -0.1763 0.1918
vn 0.9189 -0.3492 0.1833
vn 0.4146 0.9058 0.0870
vn 0.5869 0.8006 0.1208
vn 0.8406 -0.5146 0.1689
vn 0.7298 0.6674 0.1481
vn 0.7298 -0.6674 0.1481
vn 0.8406 0.5146 0.1689
vn 0.5869 -0.8005 0.1208
vn 0.9189 0.3492 0.1833
vn 0.4146 -0.9058 0.0869
vn 0.9655 0.1763 0.1918
vn 0.2187 -0.9746 0.0476
vn 0.9809 0.0000 0.1946
vn 0.2187 0.9746 0.0476
vn 0.5736 -0.7748 0.2657
vn 0.4111 -0.8910 0.1924
vn 0.8608 0.3232 0.3931
vn 0.8979 0.1619 0.4093
vn 0.2185 -0.9702 0.1045
vn 0.9100 0.0000 0.4146
vn 0.2185 0.9702 0.1045
vn 0.8979 -0.1619 0.4093
vn 0.4111 0.8910 0.1924
vn 0.8608 -0.3232 0.3931
vn 0.5736 0.7748 0.2657
vn 0.7965 -0.4821 0.3648
vn 0.7018 0.6350 0.3229
vn 0.7018 -0.6350 0.3229
vn 0.7965 0.4821 0.3648
vn 0.7755 -0.2988 0.5561
vn 0.7250 -0.4506 0.5208
vn 0.5380 0.7477 0.3891
vn 0.6478 0.6022 0.4665
vn 0.6478 -0.6022 0.4665
vn 0.7251 0.4506 0.5208
vn 0.5380 -0.7477 0.3892
vn 0.7755 0.2988 0.5561
vn 0.3915 -0.8748 0.2853
vn 0.8038 0.1487 0.5760
vn 0.2099 -0.9653 0.1554
vn 0.8129 0.0000 0.5824
vn 0.2099 0.9653 0.1554
vn 0.8038 -0.1487 0.5760
vn 0.3915 0.8748 0.2853
vn 0.3588 -0.8597 0.3636
vn 0.1940 -0.9606 0.1990
vn 0.6995 0.1382 0.7011
vn 0.7064 0.0000 0.7078
vn 0.1940 0.9605 0.1993
vn 0.6995 -0.1382 0.7011
vn 0.3588 0.8596 0.3636
vn 0.6781 -0.2791 0.6799
vn 0.4863 0.7234 0.4902
vn 0.6391 -0.4245 0.6413
vn 0.5775 0.5741 0.5805
vn 0.5775 -0.5741 0.5804
vn 0.6391 0.4245 0.6414
vn 0.4863 -0.7233 0.4902
vn 0.6781 0.2791 0.6799
vn 0.4227 0.7046 0.5699
vn 0.4969 0.5531 0.6687
vn 0.5455 -0.4055 0.7335
vn 0.4969 -0.5531 0.6687
vn 0.5455 0.4055 0.7335
vn 0.4227 -0.7046 0.5700
vn 0.5756 0.2652 0.7735
vn 0.3153 -0.8476 0.4268
vn 0.5919 0.1309 0.7953
vn 0.1718 -0.9567 0.2347
vn 0.5971 0.0000 0.8022
vn 0.1718 0.9567 0.2348
vn 0.5919 -0.1309 0.7953
vn 0.3154 0.8475 0.4268
vn 0.5756 -0.2652 0.7735
vn 0.4823 0.1267 0.8668
vn 0.4862 0.0000 0.8738
vn 0.1443 0.9543 0.2618
vn 0.1443 -0.9543 0.2617
vn 0.4823 -0.1267 0.8668
vn 0.2631 0.8399 0.4747
vn 0.4698 -0.2570 0.8445
vn 0.3501 0.6930 0.6302
vn 0.4467 -0.3943 0.8031
vn 0.4089 0.5404 0.7353
vn 0.4088 -0.5404 0.7353
vn 0.4467 0.3943 0.8031
vn 0.3501 -0.6929 0.6303
vn 0.4698 0.2570 0.8445
vn 0.2631 -0.8399 0.4747
vn 0.3426 -0.3908 0.8543
vn 0.3142 -0.5364 0.7833
vn 0.3142 0.5364 0.7833
vn 0.3427 0.3908 0.8543
vn 0.2697 -0.6892 0.6724
vn 0.3600 0.2545 0.8975
vn 0.2035 -0.8374 0.5072
vn 0.3693 0.1253 0.9208
vn 0.1122 -0.9535 0.2797
vn 0.3722 0.0000 0.9281
vn 0.1122 0.9535 0.2797
vn 0.3693 -0.1253 0.9208
vn 0.2035 0.8374 0.5072
vn 0.3600 -0.2545 0.8975
vn 0.2697 0.6892 0.6724
vn 0.0764 0.9544 0.2884
vn 0.0764 -0.9544 0.2884
vn 0.2521 0.0000 0.9677
vn 0.2501 -0.1269 0.9599
vn 0.1375 0.8404 0.5242
vn 0.2437 -0.2575 0.9350
vn 0.1821 0.6937 0.6969
vn 0.2317 -0.3950 0.8889
vn 0.2123 0.5412 0.8137
vn 0.2123 -0.5412 0.8136
vn 0.2317 0.3950 0.8889
vn 0.1821 -0.6936 0.6969
vn 0.2437 0.2575 0.9350
vn 0.1375 -0.8404 0.5242
vn 0.2501 0.1269 0.9599
vn 0.1019 0.5546 0.8258
vn 0.1115 0.4069 0.9066
vn 0.1019 -0.5546 0.8258
vn 0.0874 -0.7060 0.7028
vn 0.1174 0.2662 0.9567
vn 0.0663 -0.8485 0.5250
vn 0.1206 0.1314 0.9839
vn 0.0376 -0.9570 0.2875
vn 0.1216 0.0000 0.9926
vn 0.0376 0.9570 0.2876
vn 0.1206 -0.1314 0.9839
vn 0.0663 0.8484 0.5251
vn 0.1174 -0.2662 0.9567
vn 0.0874 0.7060 0.7028
vn 0.1115 -0.4069 0.9066
vn -0.0240 0.0000 0.9997
vn -0.0237 -0.1390 0.9900
vn -0.0032 0.9609 0.2767
vn -0.0092 0.8609 0.5087
vn -0.0227 -0.2806 0.9595
vn -0.0144 0.7253 0.6883
vn -0.0210 -0.4265 0.9042
vn -0.0183 0.5763 0.8170
vn -0.0183 -0.5763 0.8170
vn -0.0210 0.4265 0.9042
vn -0.0144 -0.7253 0.6883
vn -0.0227 0.2806 0.9595
vn -0.0092 -0.8609 0.5087
vn -0.0237 0.1390 0.9900
vn -0.0032 -0.9609 0.2767
vn -0.1491 -0.6050 0.7821
vn -0.1225 -0.7500 0.6500
vn -0.1680 0.4532 0.8754
vn -0.1805 0.3008 0.9364
vn -0.0876 -0.8762 0.4738
vn -0.1875 0.1498 0.9708
vn -0.0452 -0.9657 0.2556
vn -0.1898 0.0000 0.9818
vn -0.0452 0.9657 0.2557
vn -0.1875 -0.1498 0.9708
vn -0.0876 0.8762 0.4739
vn -0.1805 -0.3008 0.9364
vn -0.1225 0.7500 0.6499
vn -0.1680 -0.4532 0.8754
vn -0.1491 0.6050 0.7822
vn -0.3731 -0.1632 0.9133
vn -0.3571 -0.3255 0.8755
vn -0.1664 0.8925 0.4193
vn -0.2344 0.7772 0.5839
vn -0.3293 -0.4850 0.8101
vn -0.2887 0.6379 0.7139
vn -0.2887 -0.6379 0.7139
vn -0.3293 0.4850 0.8101
vn -0.2344 -0.7772 0.5839
vn -0.3571 0.3255 0.8755
vn -0.1664 -0.8925 0.4193
vn -0.3731 0.1632 0.9133
vn -0.0868 -0.9706 0.2243
vn -0.3784 0.0000 0.9256
vn -0.0868 0.9706 0.2244
vn -0.3448 -0.8026 0.4868
vn -0.2421 -0.9070 0.3446
vn -0.5457 0.3514 0.7607
vn -0.5742 0.1775 0.7992
vn -0.1264 -0.9749 0.1829
vn -0.5837 0.0000 0.8119
vn -0.1264 0.9749 0.1830
vn -0.5742 -0.1775 0.7992
vn -0.2421 0.9069 0.3446
vn -0.5457 -0.3513 0.7607
vn -0.3448 0.8026 0.4867
vn -0.4978 -0.5173 0.6960
vn -0.4307 0.6700 0.6046
vn -0.4307 -0.6700 0.6046
vn -0.4978 0.5173 0.6960
vn -0.3099 0.9170 0.2510
vn -0.4448 0.8207 0.3584
vn -0.7252 -0.3718 0.5794
vn -0.6559 -0.5422 0.5251
vn -0.5615 0.6939 0.4508
vn -0.5615 -0.6939 0.4508
vn -0.6559 0.5422 0.5251
vn -0.4449 -0.8207 0.3584
vn -0.7252 0.3718 0.5794
vn -0.3099 -0.9170 0.2509
vn -0.7675 0.1890 0.6125
vn -0.1618 -0.9779 0.1323
vn -0.7818 0.0000 0.6236
vn -0.1618 0.9779 0.1323
vn -0.7675 -0.1890 0.6124
vn -0.8005 0.3760 0.4667
vn -0.8479 0.1914 0.4944
vn -0.3403 -0.9191 0.1984
vn -0.1779 -0.9785 0.1039
vn -0.8639 0.0000 0.5037
vn -0.1779 0.9785 0.1037
vn -0.8479 -0.1914 0.4944
vn -0.3403 0.9191 0.1985
vn -0.8005 -0.3760 0.4667
vn -0.4889 0.8244 0.2851
vn -0.7230 -0.5473 0.4215
vn -0.6180 0.6987 0.3603
vn -0.6180 -0.6987 0.3603
vn -0.7230 0.5473 0.4216
vn -0.4889 -0.8244 0.2850
vn 0.3215 -0.8961 0.3059
vn -0.1757 -0.8707 0.4592
vn -0.3589 -0.8865 -0.2921
vn 0.1223 -0.8847 -0.4497
vn 0.7566 -0.4902 0.4326
vn -0.5586 -0.1315 0.8189
vn 0.0000 -0.0851 0.9964
vn 0.7949 -0.1768 0.5803
vn 0.8151 -0.1227 0.5661
vn -0.5094 -0.4659 0.7234
vn -0.1787 0.8745 0.4508
vn 0.3565 0.8840 0.3023
vn 0.1285 0.8852 -0.4470
vn -0.4118 0.8561 -0.3122
vn -0.4504 0.4389 0.7774
vn 0.8907 0.1908 0.4125
vn 0.9151 0.1253 0.3833
vn -0.3827 0.1272 0.9150
vn -0.4035 0.0723 0.9121
vn 0.8015 0.4976 0.3316
vn 0.6587 0.4947 0.5669
vn 0.7179 0.1911 0.6694
vn 0.0000 0.6479 0.7617
vn -0.6198 0.1316 0.7736
vn 0.2462 0.8800 0.4060
vn 0.2609 0.8852 -0.3851
vn -0.1910 0.8946 0.4041
vn -0.2128 0.8759 -0.4329
vn 0.0000 0.0976 0.9952
vn 0.7509 0.1242 0.6486
vn 0.3979 -0.8961 0.1964
vn -0.0642 -0.8620 0.5028
vn -0.4809 -0.8619 -0.1606
vn -0.0243 -0.8766 -0.4806
vn 0.8510 -0.4902 0.1882
vn -0.2832 -0.1337 0.9497
vn -0.3168 -0.0659 0.9462
vn 0.9316 -0.1777 0.3169
vn 0.9467 -0.1245 0.2971
vn -0.3068 -0.4443 0.8417
vn 0.3930 -0.9142 -0.0994
vn 0.2961 -0.8915 0.3428
vn -0.4262 -0.8879 0.1728
vn -0.3409 -0.8993 -0.2741
vn 0.7168 -0.5304 -0.4526
vn 0.4546 -0.1584 0.8765
vn 0.5662 -0.0761 0.8207
vn 0.8875 -0.1911 -0.4193
vn 0.7920 -0.1240 -0.5977
vn 0.3428 -0.5037 0.7929
vn 0.7249 0.6265 0.2863
vn 0.0247 0.8394 0.5430
vn 0.0162 0.6236 0.7815
vn 0.7462 0.4432 0.4967
vn 0.0000 0.7944 0.6074
vn 0.0000 0.5953 0.8035
vn 0.0144 0.9256 -0.3782
vn 0.0000 0.9378 -0.3472
vn 0.0000 0.9520 0.3061
vn 0.0611 0.9748 0.2146
vn 0.7310 0.6820 0.0223
vn 0.6012 0.6913 -0.4007
vn 0.0878 0.4929 0.8656
vn 0.3641 0.4714 0.8032
vn 0.9554 0.2613 -0.1376
vn 0.6959 0.5469 -0.4654
vn 0.9893 0.1276 -0.0708
vn 0.0000 0.5023 0.8647
vn 0.0452 0.5730 -0.8183
vn -0.1589 0.5057 -0.8480
vn 0.0000 0.4639 0.8858
vn 0.0869 0.4604 0.8834
vn 0.1676 0.4511 0.8766
vn 0.0402 -0.9768 -0.2102
vn 0.0703 -0.9776 -0.1985
vn 0.0406 -0.9783 0.2029
vn -0.0218 -0.6151 0.7881
vn -0.0484 -0.3352 0.9409
vn -0.0714 0.0016 0.9974
vn -0.0692 0.6821 0.7280
vn 0.1414 0.9678 0.2082
vn 0.1921 0.9276 -0.3203
vn 0.5723 0.7829 -0.2439
vn 0.5821 0.8033 0.1259
vn 0.3217 0.0035 0.9468
vn 0.2638 0.6494 0.7132
vn 0.1670 -0.5396 0.8252
vn 0.2998 -0.2636 0.9168
vn 0.0543 -0.9626 0.2655
vn 0.1236 -0.9599 -0.2515
vn 0.1948 -0.9417 -0.2741
vn 0.1088 -0.9465 -0.3037
vn 0.2109 -0.9704 0.1174
vn 0.1462 -0.9789 0.1425
vn 0.1438 -0.9402 -0.3087
vn 0.1114 -0.9601 0.2563
vn 0.8784 0.4727 0.0692
vn 0.7917 0.4642 0.3970
vn 0.7087 -0.2940 0.6413
vn 0.4975 -0.8507 0.1695
vn 0.8729 0.4869 -0.0304
vn 0.7515 0.6158 0.2367
vn 0.8120 0.3988 0.4261
vn 0.6308 0.3136 0.7097
vn 0.7051 0.1015 0.7018
vn 0.6714 0.4148 0.6141
vn 0.5940 -0.0777 0.8007
vn 0.6611 0.3043 0.6858
vn 0.5497 0.1619 0.8195
vn 0.5644 0.6393 0.5221
vn 0.2948 0.8397 0.4560
vn 0.0607 0.8975 0.4367
vn 0.1457 -0.9818 0.1212
vn 0.4013 -0.4707 0.7858
vn 0.4462 -0.4117 0.7945
vn 0.4520 -0.3877 0.8033
vn 0.1653 -0.9682 -0.1878
vn 0.3957 -0.4352 0.8086
vn 0.5657 0.0632 0.8221
vn -0.0019 0.9038 0.4278
vn 0.2966 0.8365 0.4606
vn 0.6296 0.5640 0.5343
vn 0.7005 0.1983 0.6855
vn -0.9049 0.3749 -0.2015
vn -0.9263 0.3705 -0.0690
vn -0.8390 0.5405 -0.0616
vn -0.8178 0.5459 -0.1822
vn -0.3862 -0.9184 -0.0860
vn -0.3993 -0.9164 -0.0269
vn -0.5716 -0.8196 -0.0400
vn -0.5540 -0.8233 -0.1234
vn -0.9581 0.1907 -0.2134
vn -0.9793 0.1882 -0.0735
vn -0.2024 -0.9782 -0.0452
vn -0.2095 -0.9777 -0.0131
vn -0.9761 0.0000 -0.2174
vn -0.9972 0.0000 -0.0751
vn -0.2025 0.9782 -0.0451
vn -0.2095 0.9777 -0.0132
vn -0.0423 0.9936 0.1047
vn -0.0423 -0.9936 0.1048
vn -0.9581 -0.1907 -0.2134
vn -0.9793 -0.1882 -0.0735
vn -0.3862 0.9184 -0.0860
vn -0.3993 0.9164 -0.0269
vn -0.9049 -0.3749 -0.2016
vn -0.9263 -0.3704 -0.0690
vn -0.5539 0.8233 -0.1234
vn -0.5715 0.8196 -0.0401
vn -0.8178 -0.5459 -0.1822
vn -0.8390 -0.5405 -0.0616
vn -0.6996 0.6973 -0.1559
vn -0.7197 0.6923 -0.0518
vn -0.6995 -0.6973 -0.1559
vn -0.7197 -0.6923 -0.0518
vn -0.9189 -0.3492 0.1833
vn -0.9655 -0.1763 0.1918
vn -0.5869 0.8006 0.1208
vn -0.4146 0.9058 0.0870
vn -0.8406 -0.5146 0.1689
vn -0.7298 0.6674 0.1481
vn -0.7298 -0.6674 0.1481
vn -0.8406 0.5146 0.1689
vn -0.5869 -0.8005 0.1208
vn -0.9189 0.3492 0.1833
vn -0.4146 -0.9058 0.0869
vn -0.9655 0.1763 0.1918
vn -0.2187 -0.9746 0.0476
vn -0.9809 0.0000 0.1946
vn -0.2187 0.9746 0.0475
vn -0.4111 -0.8910 0.1924
vn -0.5736 -0.7748 0.2657
vn -0.8979 0.1619 0.4093
vn -0.8608 0.3232 0.3931
vn -0.2185 -0.9702 0.1045
vn -0.9100 0.0000 0.4146
vn -0.2185 0.9702 0.1045
vn -0.8979 -0.1619 0.4093
vn -0.4111 0.8910 0.1924
vn -0.8608 -0.3232 0.3931
vn -0.5736 0.7748 0.2657
vn -0.7965 -0.4821 0.3648
vn -0.7018 0.6350 0.3229
vn -0.7018 -0.6350 0.3229
vn -0.7965 0.4821 0.3648
vn -0.7250 -0.4506 0.5208
vn -0.7755 -0.2988 0.5561
vn -0.6478 0.6022 0.4665
vn -0.5380 0.7477 0.3891
vn -0.6478 -0.6022 0.4665
vn -0.7251 0.4506 0.5208
vn -0.5380 -0.7477 0.3892
vn -0.7755 0.2988 0.5561
vn -0.3915 -0.8748 0.2853
vn -0.8038 0.1487 0.5760
vn -0.2099 -0.9653 0.1554
vn -0.8129 0.0000 0.5824
vn -0.2099 0.9653 0.1554
vn -0.8038 -0.1487 0.5760
vn -0.3915 0.8748 0.2853
vn -0.1940 -0.9606 0.1990
vn -0.3588 -0.8597 0.3636
vn -0.7064 0.0000 0.7078
vn -0.6995 0.1382 0.7011
vn -0.1940 0.9605 0.1993
vn -0.6995 -0.1382 0.7011
vn -0.3588 0.8596 0.3637
vn -0.6781 -0.2791 0.6799
vn -0.4863 0.7233 0.4902
vn -0.6391 -0.4245 0.6413
vn -0.5775 0.5741 0.5804
vn -0.5775 -0.5741 0.5804
vn -0.6391 0.4245 0.6413
vn -0.4863 -0.7233 0.4902
vn -0.6781 0.2791 0.6799
vn -0.4969 0.5531 0.6687
vn -0.4227 0.7046 0.5699
vn -0.4969 -0.5531 0.6687
vn -0.5455 -0.4055 0.7335
vn -0.5455 0.4055 0.7335
vn -0.4227 -0.7046 0.5700
vn -0.5756 0.2652 0.7735
vn -0.3153 -0.8476 0.4268
vn -0.5919 0.1309 0.7953
vn -0.1718 -0.9567 0.2347
vn -0.5971 0.0000 0.8022
vn -0.1718 0.9567 0.2348
vn -0.5919 -0.1309 0.7953
vn -0.3154 0.8476 0.4268
vn -0.5756 -0.2652 0.7735
vn -0.4862 0.0000 0.8738
vn -0.4823 0.1267 0.8668
vn -0.1443 0.9543 0.2617
vn -0.1443 -0.9543 0.2617
vn -0.4823 -0.1267 0.8668
vn -0.2631 0.8399 0.4747
vn -0.4698 -0.2570 0.8445
vn -0.3501 0.6930 0.6302
vn -0.4467 -0.3943 0.8031
vn -0.4089 0.5404 0.7353
vn -0.4088 -0.5404 0.7353
vn -0.4467 0.3943 0.8031
vn -0.3501 -0.6929 0.6303
vn -0.4698 0.2570 0.8445
vn -0.2631 -0.8399 0.4747
vn -0.3142 -0.5364 0.7833
vn -0.3426 -0.3908 0.8543
vn -0.3427 0.3908 0.8543
vn -0.3142 0.5364 0.7833
vn -0.2697 -0.6892 0.6724
vn -0.3600 0.2545 0.8975
vn -0.2035 -0.8374 0.5072
vn -0.3693 0.1253 0.9208
vn -0.1122 -0.9535 0.2797
vn -0.3722 0.0000 0.9281
vn -0.1122 0.9535 0.2797
vn -0.3693 -0.1253 0.9208
vn -0.2035 0.8374 0.5072
vn -0.3600 -0.2545 0.8975
vn -0.2697 0.6892 0.6724
vn -0.0764 0.9544 0.2884
vn -0.0764 -0.9544 0.2884
vn -0.2501 -0.1269 0.9599
vn -0.2521 0.0000 0.9677
vn -0.1375 0.8404 0.5242
vn -0.2437 -0.2575 0.9350
vn -0.1821 0.6937 0.6969
vn -0.2317 -0.3950 0.8889
vn -0.2123 0.5412 0.8137
vn -0.2123 -0.5412 0.8136
vn -0.2317 0.3950 0.8889
vn -0.1822 -0.6936 0.6969
vn -0.2437 0.2575 0.9350
vn -0.1375 -0.8404 0.5242
vn -0.2501 0.1269 0.9599
vn -0.1115 0.4069 0.9066
vn -0.1019 0.5546 0.8258
vn -0.0874 -0.7060 0.7028
vn -0.1019 -0.5546 0.8258
vn -0.1174 0.2662 0.9567
vn -0.0663 -0.8485 0.5250
vn -0.1206 0.1314 0.9839
vn -0.0376 -0.9570 0.2875
vn -0.1216 0.0000 0.9926
vn -0.0376 0.9570 0.2876
vn -0.1206 -0.1314 0.9839
vn -0.0663 0.8484 0.5251
vn -0.1174 -0.2662 0.9567
vn -0.0874 0.7060 0.7028
vn -0.1115 -0.4069 0.9066
vn 0.0237 -0.1390 0.9900
vn 0.0240 0.0000 0.9997
vn 0.0092 0.8609 0.5087
vn 0.0032 0.9609 0.2767
vn 0.0227 -0.2806 0.9595
vn 0.0144 0.7253 0.6883
vn 0.0210 -0.4265 0.9042
vn 0.0183 0.5763 0.8170
vn 0.0183 -0.5763 0.8170
vn 0.0210 0.4265 0.9042
vn 0.0144 -0.7253 0.6883
vn 0.0227 0.2806 0.9595
vn 0.0092 -0.8609 0.5087
vn 0.0237 0.1390 0.9900
vn 0.0032 -0.9609 0.2767
vn 0.1225 -0.7500 0.6500
vn 0.1491 -0.6050 0.7821
vn 0.1805 0.3008 0.9364
vn 0.1680 0.4532 0.8754
vn 0.0876 -0.8762 0.4738
vn 0.1875 0.1498 0.9708
vn 0.0452 -0.9657 0.2556
vn 0.1898 0.0000 0.9818
vn 0.0452 0.9657 0.2557
vn 0.1875 -0.1498 0.9708
vn 0.0876 0.8762 0.4739
vn 0.1805 -0.3008 0.9364
vn 0.1225 0.7500 0.6499
vn 0.1680 -0.4532 0.8754
vn 0.1491 0.6050 0.7822
vn 0.3571 -0.3255 0.8755
vn 0.3731 -0.1632 0.9133
vn 0.2344 0.7772 0.5839
vn 0.1664 0.8924 0.4193
vn 0.3293 -0.4850 0.8101
vn 0.2887 0.6379 0.7139
vn 0.2887 -0.6379 0.7139
vn 0.3293 0.4850 0.8101
vn 0.2344 -0.7772 0.5839
vn 0.3571 0.3255 0.8755
vn 0.1664 -0.8925 0.4193
vn 0.3731 0.1632 0.9133
vn 0.0868 -0.9706 0.2243
vn 0.3784 0.0000 0.9256
vn 0.0868 0.9706 0.2244
vn 0.2421 -0.9069 0.3446
vn 0.3448 -0.8026 0.4868
vn 0.5742 0.1775 0.7992
vn 0.5457 0.3514 0.7607
vn 0.1264 -0.9749 0.1829
vn 0.5837 0.0000 0.8119
vn 0.1264 0.9749 0.1830
vn 0.5742 -0.1775 0.7992
vn 0.2421 0.9069 0.3446
vn 0.5457 -0.3513 0.7608
vn 0.3448 0.8026 0.4867
vn 0.4978 -0.5173 0.6960
vn 0.4307 0.6700 0.6046
vn 0.4307 -0.6700 0.6046
vn 0.4978 0.5173 0.6960
vn 0.4448 0.8208 0.3584
vn 0.3099 0.9170 0.2510
vn 0.6559 -0.5422 0.5251
vn 0.7252 -0.3718 0.5794
vn 0.5615 0.6939 0.4508
vn 0.5615 -0.6939 0.4508
vn 0.6559 0.5422 0.5251
vn 0.4448 -0.8207 0.3584
vn 0.7252 0.3718 0.5794
vn 0.3099 -0.9170 0.2509
vn 0.7675 0.1890 0.6125
vn 0.1618 -0.9779 0.1323
vn 0.7818 0.0000 0.6236
vn 0.1618 0.9779 0.1323
vn 0.7675 -0.1890 0.6124
vn 0.8479 0.1914 0.4944
vn 0.8005 0.3760 0.4667
vn 0.1779 -0.9785 0.1039
vn 0.3403 -0.9191 0.1984
vn 0.8639 0.0000 0.5037
vn 0.1779 0.9785 0.1037
vn 0.8479 -0.1914 0.4943
vn 0.3403 0.9191 0.1985
vn 0.8005 -0.3760 0.4667
vn 0.4889 0.8244 0.2851
vn 0.7230 -0.5473 0.4216
vn 0.6180 0.6987 0.3603
vn 0.6180 -0.6987 0.3603
vn 0.7230 0.5473 0.4216
vn 0.4889 -0.8244 0.2850
vn -0.3215 -0.8961 0.3059
vn -0.1223 -0.8847 -0.4497
vn 0.3589 -0.8865 -0.2921
vn 0.1757 -0.8707 0.4593
vn -0.7566 -0.4902 0.4326
vn 0.5586 -0.1315 0.8189
vn -0.7949 -0.1768 0.5803
vn -0.8151 -0.1227 0.5661
vn 0.5094 -0.4659 0.7234
vn 0.1787 0.8745 0.4508
vn 0.4118 0.8561 -0.3121
vn -0.1285 0.8853 -0.4470
vn -0.3565 0.8840 0.3023
vn 0.4505 0.4389 0.7774
vn -0.8907 0.1908 0.4125
vn -0.9151 0.1253 0.3833
vn 0.3827 0.1272 0.9150
vn 0.4035 0.0723 0.9121
vn -0.8015 0.4976 0.3316
vn -0.6587 0.4947 0.5669
vn -0.7179 0.1911 0.6694
vn 0.6198 0.1316 0.7736
vn -0.2462 0.8800 0.4060
vn -0.2609 0.8852 -0.3851
vn 0.1909 0.8946 0.4041
vn 0.2128 0.8759 -0.4329
vn -0.7509 0.1242 0.6486
vn -0.3979 -0.8961 0.1964
vn 0.0243 -0.8766 -0.4805
vn 0.4809 -0.8619 -0.1606
vn 0.0642 -0.8620 0.5028
vn -0.8510 -0.4902 0.1882
vn 0.2832 -0.1337 0.9497
vn 0.3168 -0.0659 0.9462
vn -0.9316 -0.1777 0.3169
vn -0.9467 -0.1245 0.2971
vn 0.3068 -0.4443 0.8417
vn -0.4387 -0.8961 0.0667
vn 0.1686 -0.8766 -0.4506
vn 0.5069 -0.8619 -0.0074
vn -0.0910 -0.8620 0.4986
vn -0.8681 -0.4902 -0.0782
vn -0.0175 -0.1337 0.9908
vn 0.0155 -0.0659 0.9977
vn -0.9839 -0.1777 0.0200
vn -0.9922 -0.1245 -0.0034
vn 0.0375 -0.4443 0.8951
vn -0.3930 -0.9142 -0.0994
vn 0.3409 -0.8993 -0.2740
vn 0.4262 -0.8879 0.1728
vn -0.2961 -0.8915 0.3428
vn -0.7168 -0.5304 -0.4526
vn -0.4546 -0.1584 0.8765
vn -0.5662 -0.0761 0.8207
vn -0.8875 -0.1911 -0.4193
vn -0.7920 -0.1240 -0.5977
vn -0.3428 -0.5037 0.7929
vn -0.7249 0.6265 0.2863
vn -0.7462 0.4432 0.4967
vn -0.0162 0.6236 0.7815
vn -0.0247 0.8394 0.5430
vn -0.0144 0.9256 -0.3782
vn -0.0611 0.9748 0.2146
vn -0.7310 0.6820 0.0223
vn -0.6012 0.6913 -0.4007
vn -0.3641 0.4714 0.8032
vn -0.0878 0.4929 0.8656
vn -0.6959 0.5469 -0.4654
vn -0.9554 0.2613 -0.1375
vn -0.9893 0.1276 -0.0708
vn -0.0452 0.5730 -0.8183
vn 0.1589 0.5057 -0.8480
vn -0.0869 0.4604 0.8834
vn -0.1676 0.4511 0.8766
g Cube.000_Cube.007_metall
usemtl metall
s 1
f 407/1/1 408/2/2 417/3/3 416/4/4
f 413/5/5 415/6/6 424/7/7 422/8/8
f 412/9/9 411/10/10 420/11/11 421/12/12
f 409/13/13 407/1/1 416/4/4 418/14/14
f 414/15/15 412/9/9 421/12/12 423/16/16
f 410/17/17 409/18/13 418/19/14 419/20/18
f 408/2/2 413/5/5 422/8/8 417/3/3
f 415/6/6 414/15/15 423/16/16 424/7/7
f 411/10/10 410/17/17 419/20/18 420/11/11
f 417/3/3 422/8/8 431/21/19 426/22/20
f 424/7/7 423/16/16 432/23/21 433/24/22
f 420/11/11 419/20/18 428/25/23 429/26/24
f 416/4/4 417/3/3 426/22/20 425/27/25
f 422/8/8 424/7/7 433/24/22 431/21/19
f 421/12/12 420/11/11 429/26/24 430/28/26
f 418/14/14 416/4/4 425/27/25 427/29/27
f 423/16/16 421/12/12 430/28/26 432/23/21
f 419/20/18 418/19/14 427/30/27 428/25/23
f 432/23/21 430/28/26 439/31/28 441/32/29
f 428/25/23 427/30/27 436/33/30 437/34/31
f 426/22/20 431/21/19 440/35/32 435/36/33
f 433/24/22 432/23/21 441/32/29 442/37/34
f 429/26/24 428/25/23 437/34/31 438/38/35
f 425/27/25 426/22/20 435/36/33 434/39/36
f 431/21/19 433/24/22 442/37/34 440/35/32
f 430/28/26 429/26/24 438/38/35 439/31/28
f 427/29/27 425/27/25 434/39/36 436/40/30
f 440/35/32 442/37/34 451/41/37 449/42/38
f 439/31/28 438/38/35 447/43/39 448/44/40
f 436/40/30 434/39/36 443/45/41 445/46/42
f 441/32/29 439/31/28 448/44/40 450/47/43
f 437/34/31 436/33/30 445/48/42 446/49/44
f 435/36/33 440/35/32 449/42/38 444/50/45
f 442/37/34 441/32/29 450/47/43 451/41/37
f 438/38/35 437/34/31 446/49/44 447/43/39
f 434/39/36 435/36/33 444/50/45 443/45/41
f 451/41/37 450/47/43 459/51/46 460/52/47
f 447/43/39 446/49/44 455/53/48 456/54/49
f 443/45/41 444/50/45 453/55/50 452/56/51
f 449/42/38 451/41/37 460/52/47 458/57/52
f 448/44/40 447/43/39 456/54/49 457/58/53
f 445/46/42 443/45/41 452/56/51 454/59/54
f 450/47/43 448/44/40 457/58/53 459/51/46
f 446/49/44 445/48/42 454/60/54 455/53/48
f 444/50/45 449/42/38 458/57/52 453/55/50
f 459/51/46 457/58/53 466/61/55 468/62/56
f 455/53/48 454/60/54 463/63/57 464/64/58
f 453/55/50 458/57/52 467/65/59 462/66/60
f 460/52/47 459/51/46 468/62/56 469/67/61
f 456/54/49 455/53/48 464/64/58 465/68/62
f 452/56/51 453/55/50 462/66/60 461/69/63
f 458/57/52 460/52/47 469/67/61 467/65/59
f 457/58/53 456/54/49 465/68/62 466/61/55
f 454/59/54 452/56/51 461/69/63 463/70/57
f 466/61/55 465/68/62 474/71/64 475/72/65
f 463/70/57 461/69/63 470/73/66 472/74/67
f 468/62/56 466/61/55 475/72/65 477/75/68
f 464/64/58 463/63/57 472/76/67 473/77/69
f 462/66/60 467/65/59 476/78/70 471/79/71
f 469/67/61 468/62/56 477/75/68 478/80/72
f 465/68/62 464/64/58 473/77/69 474/71/64
f 461/69/63 462/66/60 471/79/71 470/73/66
f 467/65/59 469/67/61 478/80/72 476/78/70
f 471/79/71 476/78/70 478/80/72 488/81/73
f 471/79/71 488/81/73 472/74/67 470/73/66
f 473/77/69 472/76/67 488/81/73 474/71/64
f 474/71/64 488/81/73 477/75/68 475/72/65
f 477/75/68 488/81/73 478/80/72
f 1611/82/74 1613/83/75 1614/84/76 1612/85/77
f 1612/85/77 1622/86/78 1621/87/79 1611/82/74
f 1625/88/80 1617/89/81 1618/90/82 1623/91/83
f 1626/92/84 1616/93/85 1617/89/81 1625/88/80
f 1623/94/83 1618/95/82 1615/96/86 1624/97/87
f 1624/98/87 1615/99/86 1616/93/85 1626/92/84
f 1614/84/76 1619/100/88 1622/86/78 1612/85/77
f 1611/82/74 1621/87/79 1620/101/89 1613/83/75
f 1613/83/75 1620/101/89 1619/100/88 1614/84/76
f 1622/102/78 1624/98/87 1626/92/84 1621/87/79
f 1619/103/88 1623/94/83 1624/97/87 1622/104/78
f 1621/87/79 1626/92/84 1625/88/80 1620/101/89
f 1620/101/89 1625/88/80 1623/91/83 1619/105/88
f 2122/106/90 2123/107/91 2132/108/92 2131/109/93
f 2128/110/94 2130/111/95 2139/112/96 2137/113/97
f 2127/114/98 2126/115/99 2135/116/100 2136/117/101
f 2124/118/102 2122/106/90 2131/109/93 2133/119/103
f 2129/120/104 2127/114/98 2136/117/101 2138/121/105
f 2125/122/106 2124/123/102 2133/124/103 2134/125/107
f 2123/107/91 2128/110/94 2137/113/97 2132/108/92
f 2130/111/95 2129/120/104 2138/121/105 2139/112/96
f 2126/115/99 2125/122/106 2134/125/107 2135/116/100
f 2132/108/92 2137/113/97 2146/126/108 2141/127/109
f 2139/112/96 2138/121/105 2147/128/110 2148/129/111
f 2135/116/100 2134/125/107 2143/130/112 2144/131/113
f 2131/109/93 2132/108/92 2141/127/109 2140/132/114
f 2137/113/97 2139/112/96 2148/129/111 2146/126/108
f 2136/117/101 2135/116/100 2144/131/113 2145/133/115
f 2133/119/103 2131/109/93 2140/132/114 2142/134/116
f 2138/121/105 2136/117/101 2145/133/115 2147/128/110
f 2134/125/107 2133/124/103 2142/135/116 2143/130/112
f 2147/128/110 2145/133/115 2154/136/117 2156/137/118
f 2143/130/112 2142/135/116 2151/138/119 2152/139/120
f 2141/127/109 2146/126/108 2155/140/121 2150/141/122
f 2148/129/111 2147/128/110 2156/137/118 2157/142/123
f 2144/131/113 2143/130/112 2152/139/120 2153/143/124
f 2140/132/114 2141/127/109 2150/141/122 2149/144/125
f 2146/126/108 2148/129/111 2157/142/123 2155/140/121
f 2145/133/115 2144/131/113 2153/143/124 2154/136/117
f 2142/134/116 2140/132/114 2149/144/125 2151/145/119
f 2155/140/121 2157/142/123 2166/146/126 2164/147/127
f 2154/136/117 2153/143/124 2162/148/128 2163/149/129
f 2151/145/119 2149/144/125 2158/150/130 2160/151/131
f 2156/137/118 2154/136/117 2163/149/129 2165/152/132
f 2152/139/120 2151/138/119 2160/153/131 2161/154/133
f 2150/141/122 2155/140/121 2164/147/127 2159/155/134
f 2157/142/123 2156/137/118 2165/152/132 2166/146/126
f 2153/143/124 2152/139/120 2161/154/133 2162/148/128
f 2149/144/125 2150/141/122 2159/155/134 2158/150/130
f 2166/146/126 2165/152/132 2174/156/135 2175/157/136
f 2162/148/128 2161/154/133 2170/158/137 2171/159/138
f 2158/150/130 2159/155/134 2168/160/139 2167/161/140
f 2164/147/127 2166/146/126 2175/157/136 2173/162/141
f 2163/149/129 2162/148/128 2171/159/138 2172/163/142
f 2160/151/131 2158/150/130 2167/161/140 2169/164/143
f 2165/152/132 2163/149/129 2172/163/142 2174/156/135
f 2161/154/133 2160/153/131 2169/165/143 2170/158/137
f 2159/155/134 2164/147/127 2173/162/141 2168/160/139
f 2174/156/135 2172/163/142 2181/166/144 2183/167/145
f 2170/158/137 2169/165/143 2178/168/146 2179/169/147
f 2168/160/139 2173/162/141 2182/170/148 2177/171/149
f 2175/157/136 2174/156/135 2183/167/145 2184/172/150
f 2171/159/138 2170/158/137 2179/169/147 2180/173/151
f 2167/161/140 2168/160/139 2177/171/149 2176/174/152
f 2173/162/141 2175/157/136 2184/172/150 2182/170/148
f 2172/163/142 2171/159/138 2180/173/151 2181/166/144
f 2169/164/143 2167/161/140 2176/174/152 2178/175/146
f 2181/166/144 2180/173/151 2189/176/153 2190/177/154
f 2178/175/146 2176/174/152 2185/178/155 2187/179/156
f 2183/167/145 2181/166/144 2190/177/154 2192/180/157
f 2179/169/147 2178/168/146 2187/181/156 2188/182/158
f 2177/171/149 2182/170/148 2191/183/159 2186/184/160
f 2184/172/150 2183/167/145 2192/180/157 2193/185/161
f 2180/173/151 2179/169/147 2188/182/158 2189/176/153
f 2176/174/152 2177/171/149 2186/184/160 2185/178/155
f 2182/170/148 2184/172/150 2193/185/161 2191/183/159
f 2186/184/160 2191/183/159 2193/185/161 2194/186/162
f 2186/184/160 2194/186/162 2187/179/156 2185/178/155
f 2188/182/158 2187/181/156 2194/186/162 2189/176/153
f 2189/176/153 2194/186/162 2192/180/157 2190/177/154
f 2192/180/157 2194/186/162 2193/185/161
f 2283/187/163 4746/188/164 4745/189/165 4739/190/166
f 2286/191/167 4749/192/168 4748/193/169 2285/194/170
f 2285/194/170 4748/193/169 4747/195/171 2284/196/172
f 2281/197/173 2285/194/170 2284/196/172 2280/198/174
f 2280/198/174 2284/196/172 2283/187/163 2279/199/175
f 4738/200/176 4744/201/177 2286/191/167 2282/202/178
f 2279/199/175 2283/187/163 4739/190/166 4733/203/179
f 2282/202/178 2286/191/167 2285/194/170 2281/197/173
f 2275/204/180 2279/199/175 4733/203/179 4727/205/181
f 2278/206/182 2282/202/178 2281/197/173 2277/207/183
f 2277/207/183 2281/197/173 2280/198/174 2276/208/184
f 2276/208/184 2280/198/174 2279/199/175 2275/204/180
f 4732/209/185 4738/200/176 2282/202/178 2278/206/182
f 2272/210/186 2276/208/184 2275/204/180 2271/211/187
f 4726/212/188 4732/209/185 2278/206/182 2274/213/189
f 2271/211/187 2275/204/180 4727/205/181 4721/214/190
f 2274/213/189 2278/206/182 2277/207/183 2273/215/191
f 2273/215/191 2277/207/183 2276/208/184 2272/210/186
f 2223/216/192 2222/217/193 2227/218/194 2228/219/195
f 2269/220/196 2273/215/191 2272/210/186 2195/221/197
f 2224/222/198 2223/216/192 2228/219/195 2230/223/199
f 2221/224/200 4638/225/201 4647/226/202 2226/227/203
f 2195/221/197 2272/210/186 2271/211/187 2196/228/204
f 4644/229/205 2224/222/198 2230/223/199 4653/230/206
f 4720/231/207 4726/212/188 2274/213/189 2270/232/208
f 2196/228/204 2271/211/187 4721/214/190 4606/233/209
f 4653/230/206 2230/223/199 2236/234/210 4662/235/211
f 2270/232/208 2274/213/189 2273/215/191 2269/220/196
f 2208/236/212 2196/228/204 4606/233/209 4624/237/213
f 2201/238/214 2270/232/208 2269/220/196 2205/239/215
f 2228/219/195 2227/218/194 2234/240/216 2235/241/217
f 2205/239/215 2269/220/196 2195/221/197 2207/242/218
f 2230/223/199 2228/219/195 2235/241/217 2236/234/210
f 2226/227/203 4647/226/202 4656/243/219 2233/244/220
f 2236/234/210 2235/241/217 2240/245/221 2242/246/222
f 2233/244/220 4656/243/219 4665/247/223 2238/248/224
f 4609/249/225 4720/231/207 2270/232/208 2201/238/214
f 4662/235/211 2236/234/210 2242/246/222 4671/250/226
f 2234/240/216 2233/244/220 2238/248/224 2239/251/227
f 4627/252/228 4609/249/225 2201/238/214 2213/253/229
f 2220/254/230 2208/236/212 4624/237/213 4642/255/231
f 2235/241/217 2234/240/216 2239/251/227 2240/245/221
f 2213/253/229 2201/238/214 2205/239/215 2217/256/232
f 2217/256/232 2205/239/215 2207/242/218 2219/257/233
f 2240/245/221 2239/251/227 2246/258/234 2247/259/235
f 2242/246/222 2240/245/221 2247/259/235 2248/260/236
f 2238/248/224 4665/247/223 4674/261/237 2245/262/238
f 4671/250/226 2242/246/222 2248/260/236 4680/263/239
f 2239/251/227 2238/248/224 2245/262/238 2246/258/234
f 4680/263/239 2248/260/236 2254/264/240 4689/265/241
f 2246/258/234 2245/262/238 2250/266/242 2251/267/243
f 2247/259/235 2246/258/234 2251/267/243 2252/268/244
f 2248/260/236 2247/259/235 2252/268/244 2254/264/240
f 2245/262/238 4674/261/237 4683/269/245 2250/266/242
f 2254/264/240 2252/268/244 2259/270/246 2260/271/247
f 2250/266/242 4683/269/245 4692/272/248 2257/273/249
f 4689/265/241 2254/264/240 2260/271/247 4698/274/250
f 2251/267/243 2250/266/242 2257/273/249 2258/275/251
f 2252/268/244 2251/267/243 2258/275/251 2259/270/246
f 2259/270/246 2258/275/251 4703/276/252 4704/277/253
f 2260/271/247 2259/270/246 4704/277/253 4706/278/254
f 2257/273/249 4692/272/248 4701/279/255 4702/280/256
f 4698/274/250 2260/271/247 4706/278/254 4707/281/257
f 2258/275/251 2257/273/249 4702/280/256 4703/276/252
f 2222/217/193 2221/224/200 2226/227/203 2227/218/194
f 2234/240/216 2227/218/194 2226/227/203 2233/244/220
f 4744/201/177 4750/282/258 4749/192/168 2286/191/167
f 2284/196/172 4747/195/171 4746/188/164 2283/187/163
f 2219/257/233 2207/242/218 2208/236/212 2220/254/230
f 2195/221/197 2196/228/204 2208/236/212 2207/242/218
f 2757/283/259 2766/284/260 2767/285/261 2758/286/262
f 2763/287/263 2772/288/264 2774/289/265 2765/290/266
f 2762/291/267 2771/292/268 2770/293/269 2761/294/270
f 2759/295/271 2768/296/272 2766/284/260 2757/283/259
f 2764/297/273 2773/298/274 2771/292/268 2762/291/267
f 2760/299/275 2769/300/276 2768/301/272 2759/302/271
f 2758/286/262 2767/285/261 2772/288/264 2763/287/263
f 2765/290/266 2774/289/265 2773/298/274 2764/297/273
f 2761/294/270 2770/293/269 2769/300/276 2760/299/275
f 2767/285/261 2776/303/277 2781/304/278 2772/288/264
f 2774/289/265 2783/305/279 2782/306/280 2773/298/274
f 2770/293/269 2779/307/281 2778/308/282 2769/300/276
f 2766/284/260 2775/309/283 2776/303/277 2767/285/261
f 2772/288/264 2781/304/278 2783/305/279 2774/289/265
f 2771/292/268 2780/310/284 2779/307/281 2770/293/269
f 2768/296/272 2777/311/285 2775/309/283 2766/284/260
f 2773/298/274 2782/306/280 2780/310/284 2771/292/268
f 2769/300/276 2778/308/282 2777/312/285 2768/301/272
f 2782/306/280 2791/313/286 2789/314/287 2780/310/284
f 2778/308/282 2787/315/288 2786/316/289 2777/312/285
f 2776/303/277 2785/317/290 2790/318/291 2781/304/278
f 2783/305/279 2792/319/292 2791/313/286 2782/306/280
f 2779/307/281 2788/320/293 2787/315/288 2778/308/282
f 2775/309/283 2784/321/294 2785/317/290 2776/303/277
f 2781/304/278 2790/318/291 2792/319/292 2783/305/279
f 2780/310/284 2789/314/287 2788/320/293 2779/307/281
f 2777/311/285 2786/322/289 2784/321/294 2775/309/283
f 2790/318/291 2799/323/295 2801/324/296 2792/319/292
f 2789/314/287 2798/325/297 2797/326/298 2788/320/293
f 2786/322/289 2795/327/299 2793/328/300 2784/321/294
f 2791/313/286 2800/329/301 2798/325/297 2789/314/287
f 2787/315/288 2796/330/302 2795/331/299 2786/316/289
f 2785/317/290 2794/332/303 2799/323/295 2790/318/291
f 2792/319/292 2801/324/296 2800/329/301 2791/313/286
f 2788/320/293 2797/326/298 2796/330/302 2787/315/288
f 2784/321/294 2793/328/300 2794/332/303 2785/317/290
f 2801/324/296 2810/333/304 2809/334/305 2800/329/301
f 2797/326/298 2806/335/306 2805/336/307 2796/330/302
f 2793/328/300 2802/337/308 2803/338/309 2794/332/303
f 2799/323/295 2808/339/310 2810/333/304 2801/324/296
f 2798/325/297 2807/340/311 2806/335/306 2797/326/298
f 2795/327/299 2804/341/312 2802/337/308 2793/328/300
f 2800/329/301 2809/334/305 2807/340/311 2798/325/297
f 2796/330/302 2805/336/307 2804/342/312 2795/331/299
f 2794/332/303 2803/338/309 2808/339/310 2799/323/295
f 2809/334/305 2818/343/313 2816/344/314 2807/340/311
f 2805/336/307 2814/345/315 2813/346/316 2804/342/312
f 2803/338/309 2812/347/317 2817/348/318 2808/339/310
f 2810/333/304 2819/349/319 2818/343/313 2809/334/305
f 2806/335/306 2815/350/320 2814/345/315 2805/336/307
f 2802/337/308 2811/351/321 2812/347/317 2803/338/309
f 2808/339/310 2817/348/318 2819/349/319 2810/333/304
f 2807/340/311 2816/344/314 2815/350/320 2806/335/306
f 2804/341/312 2813/352/316 2811/351/321 2802/337/308
f 2816/344/314 2825/353/322 2824/354/323 2815/350/320
f 2813/352/316 2822/355/324 2820/356/325 2811/351/321
f 2818/343/313 2827/357/326 2825/353/322 2816/344/314
f 2814/345/315 2823/358/327 2822/359/324 2813/346/316
f 2812/347/317 2821/360/328 2826/361/329 2817/348/318
f 2819/349/319 2828/362/330 2827/357/326 2818/343/313
f 2815/350/320 2824/354/323 2823/358/327 2814/345/315
f 2811/351/321 2820/356/325 2821/360/328 2812/347/317
f 2817/348/318 2826/361/329 2828/362/330 2819/349/319
f 2821/360/328 2838/363/331 2828/362/330 2826/361/329
f 2821/360/328 2820/356/325 2822/355/324 2838/363/331
f 2823/358/327 2824/354/323 2838/363/331 2822/359/324
f 2824/354/323 2825/353/322 2827/357/326 2838/363/331
f 2827/357/326 2828/362/330 2838/363/331
f 4527/364/332 4536/365/333 4537/366/334 4528/367/335
f 4533/368/336 4542/369/337 4544/370/338 4535/371/339
f 4532/372/340 4541/373/341 4540/374/342 4531/375/343
f 4529/376/344 4538/377/345 4536/365/333 4527/364/332
f 4534/378/346 4543/379/347 4541/373/341 4532/372/340
f 4530/380/348 4539/381/349 4538/382/345 4529/383/344
f 4528/367/335 4537/366/334 4542/369/337 4533/368/336
f 4535/371/339 4544/370/338 4543/379/347 4534/378/346
f 4531/375/343 4540/374/342 4539/381/349 4530/380/348
f 4537/366/334 4546/384/350 4551/385/351 4542/369/337
f 4544/370/338 4553/386/352 4552/387/353 4543/379/347
f 4540/374/342 4549/388/354 4548/389/355 4539/381/349
f 4536/365/333 4545/390/356 4546/384/350 4537/366/334
f 4542/369/337 4551/385/351 4553/386/352 4544/370/338
f 4541/373/341 4550/391/357 4549/388/354 4540/374/342
f 4538/377/345 4547/392/358 4545/390/356 4536/365/333
f 4543/379/347 4552/387/353 4550/391/357 4541/373/341
f 4539/381/349 4548/389/355 4547/393/358 4538/382/345
f 4552/387/353 4561/394/359 4559/395/360 4550/391/357
f 4548/389/355 4557/396/361 4556/397/362 4547/393/358
f 4546/384/350 4555/398/363 4560/399/364 4551/385/351
f 4553/386/352 4562/400/365 4561/394/359 4552/387/353
f 4549/388/354 4558/401/366 4557/396/361 4548/389/355
f 4545/390/356 4554/402/367 4555/398/363 4546/384/350
f 4551/385/351 4560/399/364 4562/400/365 4553/386/352
f 4550/391/357 4559/395/360 4558/401/366 4549/388/354
f 4547/392/358 4556/403/362 4554/402/367 4545/390/356
f 4560/399/364 4569/404/368 4571/405/369 4562/400/365
f 4559/395/360 4568/406/370 4567/407/371 4558/401/366
f 4556/403/362 4565/408/372 4563/409/373 4554/402/367
f 4561/394/359 4570/410/374 4568/406/370 4559/395/360
f 4557/396/361 4566/411/375 4565/412/372 4556/397/362
f 4555/398/363 4564/413/376 4569/404/368 4560/399/364
f 4562/400/365 4571/405/369 4570/410/374 4561/394/359
f 4558/401/366 4567/407/371 4566/411/375 4557/396/361
f 4554/402/367 4563/409/373 4564/413/376 4555/398/363
f 4571/405/369 4580/414/377 4579/415/378 4570/410/374
f 4567/407/371 4576/416/379 4575/417/380 4566/411/375
f 4563/409/373 4572/418/381 4573/419/382 4564/413/376
f 4569/404/368 4578/420/383 4580/414/377 4571/405/369
f 4568/406/370 4577/421/384 4576/416/379 4567/407/371
f 4565/408/372 4574/422/385 4572/418/381 4563/409/373
f 4570/410/374 4579/415/378 4577/421/384 4568/406/370
f 4566/411/375 4575/417/380 4574/423/385 4565/412/372
f 4564/413/376 4573/419/382 4578/420/383 4569/404/368
f 4579/415/378 4588/424/386 4586/425/387 4577/421/384
f 4575/417/380 4584/426/388 4583/427/389 4574/423/385
f 4573/419/382 4582/428/390 4587/429/391 4578/420/383
f 4580/414/377 4589/430/392 4588/424/386 4579/415/378
f 4576/416/379 4585/431/393 4584/426/388 4575/417/380
f 4572/418/381 4581/432/394 4582/428/390 4573/419/382
f 4578/420/383 4587/429/391 4589/430/392 4580/414/377
f 4577/421/384 4586/425/387 4585/431/393 4576/416/379
f 4574/422/385 4583/433/389 4581/432/394 4572/418/381
f 4586/425/387 4595/434/395 4594/435/396 4585/431/393
f 4583/433/389 4592/436/397 4590/437/398 4581/432/394
f 4588/424/386 4597/438/399 4595/434/395 4586/425/387
f 4584/426/388 4593/439/400 4592/440/397 4583/427/389
f 4582/428/390 4591/441/401 4596/442/402 4587/429/391
f 4589/430/392 4598/443/403 4597/438/399 4588/424/386
f 4585/431/393 4594/435/396 4593/439/400 4584/426/388
f 4581/432/394 4590/437/398 4591/441/401 4582/428/390
f 4587/429/391 4596/442/402 4598/443/403 4589/430/392
f 4591/441/401 4599/444/404 4598/443/403 4596/442/402
f 4591/441/401 4590/437/398 4592/436/397 4599/444/404
f 4593/439/400 4594/435/396 4599/444/404 4592/440/397
f 4594/435/396 4595/434/395 4597/438/399 4599/444/404
f 4597/438/399 4598/443/403 4599/444/404
f 4740/445/405 4739/190/166 4745/189/165 4746/188/164
f 4743/446/406 4742/447/407 4748/193/169 4749/192/168
f 4742/447/407 4741/448/408 4747/195/171 4748/193/169
f 4736/449/409 4735/450/410 4741/448/408 4742/447/407
f 4735/450/410 4734/451/411 4740/445/405 4741/448/408
f 4738/200/176 4737/452/412 4743/446/406 4744/201/177
f 4734/451/411 4733/203/179 4739/190/166 4740/445/405
f 4737/452/412 4736/449/409 4742/447/407 4743/446/406
f 4728/453/413 4727/205/181 4733/203/179 4734/451/411
f 4731/454/414 4730/455/415 4736/449/409 4737/452/412
f 4730/455/415 4729/456/416 4735/450/410 4736/449/409
f 4729/456/416 4728/453/413 4734/451/411 4735/450/410
f 4732/209/185 4731/454/414 4737/452/412 4738/200/176
f 4723/457/417 4722/458/418 4728/453/413 4729/456/416
f 4726/212/188 4725/459/419 4731/454/414 4732/209/185
f 4722/458/418 4721/214/190 4727/205/181 4728/453/413
f 4725/459/419 4724/460/420 4730/455/415 4731/454/414
f 4724/460/420 4723/457/417 4729/456/416 4730/455/415
f 4641/461/421 4650/462/422 4649/463/423 4640/464/424
f 4718/465/425 4600/466/426 4723/457/417 4724/460/420
f 4643/467/427 4652/468/428 4650/462/422 4641/461/421
f 4639/469/429 4648/470/430 4647/226/202 4638/225/201
f 4600/466/426 4601/471/431 4722/458/418 4723/457/417
f 4644/229/205 4653/230/206 4652/468/428 4643/467/427
f 4720/231/207 4719/472/432 4725/459/419 4726/212/188
f 4601/471/431 4606/233/209 4721/214/190 4722/458/418
f 4653/230/206 4662/235/211 4661/473/433 4652/468/428
f 4719/472/432 4718/465/425 4724/460/420 4725/459/419
f 4619/474/434 4624/237/213 4606/233/209 4601/471/431
f 4610/475/435 4615/476/436 4718/465/425 4719/472/432
f 4650/462/422 4659/477/437 4658/478/438 4649/463/423
f 4615/476/436 4618/479/439 4600/466/426 4718/465/425
f 4652/468/428 4661/473/433 4659/477/437 4650/462/422
f 4648/470/430 4657/480/440 4656/243/219 4647/226/202
f 4661/473/433 4670/481/441 4668/482/442 4659/477/437
f 4657/480/440 4666/483/443 4665/247/223 4656/243/219
f 4609/249/225 4610/475/435 4719/472/432 4720/231/207
f 4662/235/211 4671/250/226 4670/481/441 4661/473/433
f 4658/478/438 4667/484/444 4666/483/443 4657/480/440
f 4627/252/228 4628/485/445 4610/475/435 4609/249/225
f 4637/486/446 4642/255/231 4624/237/213 4619/474/434
f 4659/477/437 4668/482/442 4667/484/444 4658/478/438
f 4628/485/445 4633/487/447 4615/476/436 4610/475/435
f 4633/487/447 4636/488/448 4618/479/439 4615/476/436
f 4668/482/442 4677/489/449 4676/490/450 4667/484/444
f 4670/481/441 4679/491/451 4677/489/449 4668/482/442
f 4666/483/443 4675/492/452 4674/261/237 4665/247/223
f 4671/250/226 4680/263/239 4679/491/451 4670/481/441
f 4667/484/444 4676/490/450 4675/492/452 4666/483/443
f 4680/263/239 4689/265/241 4688/493/453 4679/491/451
f 4676/490/450 4685/494/454 4684/495/455 4675/492/452
f 4677/489/449 4686/496/456 4685/494/454 4676/490/450
f 4679/491/451 4688/493/453 4686/496/456 4677/489/449
f 4675/492/452 4684/495/455 4683/269/245 4674/261/237
f 4688/493/453 4697/497/457 4695/498/458 4686/496/456
f 4684/495/455 4693/499/459 4692/272/248 4683/269/245
f 4689/265/241 4698/274/250 4697/497/457 4688/493/453
f 4685/494/454 4694/500/460 4693/499/459 4684/495/455
f 4686/496/456 4695/498/458 4694/500/460 4685/494/454
f 4695/498/458 4704/277/253 4703/276/252 4694/500/460
f 4697/497/457 4706/278/254 4704/277/253 4695/498/458
f 4693/499/459 4702/280/256 4701/279/255 4692/272/248
f 4698/274/250 4707/281/257 4706/278/254 4697/497/457
f 4694/500/460 4703/276/252 4702/280/256 4693/499/459
f 4640/464/424 4649/463/423 4648/470/430 4639/469/429
f 4658/478/438 4657/480/440 4648/470/430 4649/463/423
f 4703/276/252 4704/277/253 4706/278/254 4717/501/461
f 4706/278/254 4707/281/257 4717/501/461
f 4744/201/177 4743/446/406 4749/192/168 4750/282/258
f 4741/448/408 4740/445/405 4746/188/164 4747/195/171
f 4636/488/448 4637/486/446 4619/474/434 4618/479/439
f 4600/466/426 4618/479/439 4619/474/434 4601/471/431
f 4747/195/171 4757/502/461 4749/192/168 4748/193/169
f 4749/192/168 4757/502/461 4750/282/258
g Cube.000_Cube.007_body
usemtl body
f 4/503/462 1/504/463 6/505/464 9/506/465
f 1/504/463 3/507/466 8/508/467 6/505/464
f 5/509/468 4/510/462 9/511/465 10/512/469
f 303/513/470 5/509/468 10/512/469 304/514/471
f 246/515/472 2/516/473 7/517/474 247/518/475
f 10/512/469 9/511/465 14/519/476 15/520/477
f 304/514/471 10/512/469 15/520/477 305/521/478
f 247/518/475 7/517/474 12/522/479 248/523/480
f 9/506/465 6/505/464 11/524/481 14/525/476
f 6/505/464 8/508/467 13/526/482 11/524/481
f 15/520/477 14/519/476 19/527/483 20/528/484
f 305/521/478 15/520/477 20/528/484 306/529/485
f 248/523/480 12/522/479 17/530/486 249/531/487
f 14/525/476 11/524/481 16/532/488 19/533/483
f 11/524/481 13/526/482 18/534/489 16/532/488
f 20/528/484 19/527/483 23/535/490 24/536/491
f 19/533/483 16/532/488 21/537/492 23/538/490
f 16/532/488 18/534/489 22/539/493 21/537/492
f 354/540/494 355/541/495 27/542/496 28/543/497
f 356/544/498 357/545/499 26/546/500 25/547/501
f 355/548/495 356/544/498 25/547/501 27/549/496
f 28/543/497 27/542/496 31/550/502 32/551/503
f 25/547/501 26/546/500 30/552/504 29/553/505
f 27/549/496 25/547/501 29/553/505 31/554/502
f 306/529/485 20/528/484 34/555/506 307/556/507
f 249/531/487 17/530/486 33/557/508 250/558/509
f 20/528/484 24/536/491 35/559/510 34/555/506
f 354/540/494 28/543/497 36/560/511 358/561/512
f 28/543/497 32/551/503 37/562/513 36/560/511
f 290/563/514 289/564/515 40/565/516 41/566/517
f 292/567/518 291/568/519 39/569/520 38/570/521
f 293/571/522 290/563/514 41/566/517 42/572/523
f 289/573/515 292/567/518 38/570/521 40/574/516
f 41/566/517 40/565/516 45/575/524 46/576/525
f 38/570/521 39/569/520 44/577/526 43/578/527
f 42/572/523 41/566/517 46/576/525 47/579/528
f 40/574/516 38/570/521 43/578/527 45/580/524
f 47/579/528 46/576/525 49/581/529 50/582/530
f 46/576/525 45/575/524 48/583/531 49/581/529
f 50/582/530 49/581/529 52/584/532 53/585/533
f 49/581/529 48/583/531 51/586/534 52/584/532
f 53/585/533 52/584/532 55/587/535 56/588/536
f 52/584/532 51/586/534 54/589/537 55/587/535
f 121/590/538 120/591/539 2362/592/540 2363/593/541
f 120/591/539 2361/594/542 2362/592/540
f 39/569/520 64/595/543 65/596/544 44/577/526
f 291/568/519 149/597/545 64/595/543 39/569/520
f 26/546/500 62/598/546 63/599/547 30/552/504
f 357/545/499 359/600/548 62/598/546 26/546/500
f 18/534/489 60/601/549 61/602/550 22/539/493
f 13/526/482 59/603/551 60/601/549 18/534/489
f 8/508/467 58/604/552 59/603/551 13/526/482
f 3/507/466 57/605/553 58/604/552 8/508/467
f 157/606/554 54/589/537 66/607/555 158/608/556
f 151/609/557 158/608/556 66/607/555 67/610/558
f 150/611/559 151/609/557 67/610/558 65/596/544
f 65/596/544 67/610/558 76/612/560 74/613/561
f 51/586/534 48/583/531 71/614/562 72/615/563
f 44/577/526 65/596/544 74/613/561 69/616/564
f 67/610/558 66/607/555 75/617/565 76/612/560
f 43/578/527 44/577/526 69/616/564 68/618/566
f 54/589/537 51/586/534 72/615/563 73/619/567
f 48/583/531 45/575/524 70/620/568 71/614/562
f 66/607/555 54/589/537 73/619/567 75/617/565
f 45/580/524 43/578/527 68/618/566 70/621/568
f 73/619/567 72/615/563 81/622/569 82/623/570
f 70/621/568 68/618/566 77/624/571 79/625/572
f 75/617/565 73/619/567 82/623/570 84/626/573
f 71/614/562 70/620/568 79/627/572 80/628/574
f 69/616/564 74/613/561 83/629/575 78/630/576
f 76/612/560 75/617/565 84/626/573 85/631/577
f 72/615/563 71/614/562 80/628/574 81/622/569
f 68/618/566 69/616/564 78/630/576 77/624/571
f 74/613/561 76/612/560 85/631/577 83/629/575
f 316/632/578 315/633/579 95/634/580 94/635/581
f 318/636/582 317/637/583 88/638/584 87/639/585
f 320/640/586 319/641/587 93/642/588 92/643/589
f 367/644/590 321/645/591 89/646/592 360/647/593
f 328/648/594 322/649/595 91/650/596 294/651/597
f 325/652/598 2664/653/599 2406/654/600 122/655/601
f 327/656/602 324/657/603 86/658/604 251/659/605
f 319/641/587 316/632/578 94/635/581 93/642/588
f 322/649/595 320/640/586 92/643/589 91/650/596
f 321/645/591 323/660/606 90/661/607 89/646/592
f 329/662/608 318/636/582 87/639/585 308/663/609
f 360/647/593 89/646/592 99/664/610 361/665/611
f 122/655/601 2406/654/600 2418/666/612 123/667/613
f 251/659/605 86/658/604 96/668/614 252/669/615
f 92/643/589 93/642/588 103/670/616 102/671/617
f 89/646/592 90/661/607 100/672/618 99/664/610
f 308/663/609 87/639/585 97/673/619 309/674/620
f 93/642/588 94/635/581 104/675/621 103/670/616
f 294/651/597 91/650/596 101/676/622 295/677/623
f 87/639/585 88/638/584 98/678/624 97/673/619
f 94/635/581 95/634/580 105/679/625 104/675/621
f 91/650/596 92/643/589 102/671/617 101/676/622
f 102/671/617 103/670/616 113/680/626 112/681/627
f 99/664/610 100/672/618 110/682/628 109/683/629
f 309/674/620 97/673/619 107/684/630 310/685/631
f 103/670/616 104/675/621 114/686/632 113/680/626
f 295/677/623 101/676/622 111/687/633 296/688/634
f 97/673/619 98/678/624 108/689/635 107/684/630
f 104/675/621 105/679/625 115/690/636 114/686/632
f 101/676/622 102/671/617 112/681/627 111/687/633
f 361/665/611 99/664/610 109/683/629 362/691/637
f 123/667/613 2418/666/612 2430/692/638 124/693/639
f 252/669/615 96/668/614 106/694/640 253/695/641
f 229/696/642 2566/697/643 2435/698/644 125/699/645
f 203/700/646 202/701/647 118/702/648 117/703/649
f 202/701/647 201/704/650 119/705/651 118/702/648
f 204/706/652 203/700/646 117/703/649 116/707/653
f 201/704/650 210/708/654 199/709/655 119/705/651
f 153/710/656 123/667/613 124/693/639 154/711/657
f 152/712/658 122/655/601 123/667/613 153/710/656
f 326/713/659 325/652/598 122/655/601 152/712/658
f 156/714/660 157/606/554 2361/594/542 120/591/539
f 148/715/661 156/714/660 120/591/539 121/590/538
f 149/597/545 2340/716/662 2346/717/663 150/611/559
f 63/599/547 2329/718/664 2340/716/662 149/597/545
f 62/598/546 2324/719/665 2329/718/664 63/599/547
f 359/600/548 2703/720/666 2324/719/665 62/598/546
f 60/601/549 2313/721/667 2319/722/668 61/602/550
f 59/603/551 2306/723/669 2313/721/667 60/601/549
f 58/604/552 2299/724/670 2306/723/669 59/603/551
f 57/605/553 2292/725/671 2299/724/670 58/604/552
f 310/685/631 107/684/630 127/726/672 311/727/673
f 253/695/641 106/694/640 126/728/674 254/729/675
f 396/730/676 384/731/677 129/732/678 312/733/679
f 391/734/680 385/735/681 128/736/682 255/737/683
f 312/733/679 129/732/678 131/738/684 313/739/685
f 255/737/683 128/736/682 130/740/686 256/741/687
f 296/688/634 111/687/633 135/742/688 297/743/689
f 109/683/629 110/682/628 134/744/690 133/745/691
f 362/691/637 109/683/629 133/745/691 363/746/692
f 108/689/635 132/747/693 127/726/672 107/684/630
f 116/707/653 117/703/649 164/748/694 163/749/695
f 160/750/696 172/751/697 173/752/698 162/753/699
f 207/754/700 143/755/701 144/756/702 206/757/703
f 139/758/704 218/759/705 302/760/706 159/761/707
f 206/757/703 144/756/702 145/762/708 205/763/709
f 208/764/710 142/765/711 143/755/701 207/754/700
f 196/766/712 197/767/713 116/707/653 163/749/695
f 2480/768/714 2494/769/715 174/770/716 161/771/717
f 64/595/543 149/597/545 150/611/559 65/596/544
f 56/588/536 55/587/535 156/714/660 148/715/661
f 55/587/535 54/589/537 157/606/554 156/714/660
f 315/633/579 326/713/659 152/712/658 95/634/580
f 95/634/580 152/712/658 153/710/656 105/679/625
f 105/679/625 153/710/656 154/711/657 115/690/636
f 225/772/718 226/773/719 154/711/657 125/699/645
f 2346/717/663 2375/774/720 151/609/557 150/611/559
f 2375/774/720 2374/775/721 158/608/556 151/609/557
f 2361/594/542 157/606/554 158/608/556 2374/775/721
f 301/776/722 141/777/723 160/750/696 211/778/724
f 222/779/725 225/772/718 125/699/645 161/771/717
f 141/777/723 145/762/708 170/780/726 140/781/727
f 2435/698/644 2480/768/714 161/771/717 125/699/645
f 117/703/649 118/702/648 165/782/728 164/748/694
f 145/762/708 144/756/702 169/783/729 170/780/726
f 119/705/651 199/709/655 200/784/730 166/785/731
f 118/702/648 119/705/651 166/785/731 165/782/728
f 143/755/701 142/765/711 167/786/732 168/787/733
f 199/709/655 155/788/734 171/789/735 200/784/730
f 211/778/724 160/750/696 162/753/699 212/790/736
f 142/765/711 194/791/737 195/792/738 167/786/732
f 208/764/710 213/793/739 194/791/737 142/765/711
f 155/788/734 162/753/699 173/752/698 171/789/735
f 144/756/702 143/755/701 168/787/733 169/783/729
f 218/759/705 205/763/709 301/776/722 302/760/706
f 174/770/716 2494/769/715 2496/794/740 175/795/741
f 266/796/742 2604/797/743 2498/798/744 176/799/745
f 176/799/745 2498/798/744 2500/800/746 177/801/747
f 190/802/748 2526/803/749 2502/804/750 178/805/751
f 178/805/751 2502/804/750 2504/806/752 233/807/753
f 268/808/754 179/809/755 233/807/753 269/810/756
f 390/811/757 2735/812/758 2508/813/759 257/814/760
f 257/814/760 2508/813/759 2510/815/761 258/816/762
f 258/816/762 2510/815/761 2512/817/763 259/818/764
f 256/741/687 130/740/686 189/819/765 265/820/766
f 190/802/748 178/805/751 179/809/755 191/821/767
f 177/801/747 190/802/748 191/821/767 176/799/745
f 177/801/747 2500/800/746 2526/803/749 190/802/748
f 266/796/742 176/799/745 191/821/767 267/822/768
f 174/770/716 175/795/741 193/823/769 192/824/770
f 160/750/696 141/777/723 140/781/727 172/751/697
f 195/792/738 194/791/737 197/767/713 196/766/712
f 214/825/771 204/706/652 116/707/653 197/767/713
f 213/793/739 214/825/771 197/767/713 194/791/737
f 227/826/772 228/827/773 214/825/771 213/793/739
f 228/827/773 217/828/774 204/706/652 214/825/771
f 220/829/775 227/826/772 213/793/739 208/764/710
f 221/830/776 211/778/724 212/790/736 222/779/725
f 162/753/699 155/788/734 209/831/777 212/790/736
f 302/760/706 301/776/722 211/778/724 221/830/776
f 155/788/734 199/709/655 210/708/654 209/831/777
f 220/829/775 208/764/710 207/754/700 219/832/778
f 224/833/779 206/757/703 205/763/709 218/759/705
f 219/832/778 207/754/700 206/757/703 224/833/779
f 215/834/780 226/773/719 210/708/654 201/704/650
f 217/828/774 216/835/781 203/700/646 204/706/652
f 223/836/782 215/834/780 201/704/650 202/701/647
f 216/835/781 223/836/782 202/701/647 203/700/646
f 113/680/626 114/686/632 223/836/782 216/835/781
f 114/686/632 115/690/636 215/834/780 223/836/782
f 112/681/627 113/680/626 216/835/781 217/828/774
f 115/690/636 154/711/657 226/773/719 215/834/780
f 137/837/783 219/832/778 224/833/779 138/838/784
f 138/838/784 224/833/779 218/759/705 139/758/704
f 136/839/785 220/829/775 219/832/778 137/837/783
f 159/761/707 302/760/706 221/830/776 198/840/786
f 198/840/786 221/830/776 222/779/725 161/771/717
f 136/839/785 135/742/688 227/826/772 220/829/775
f 111/687/633 112/681/627 217/828/774 228/827/773
f 135/742/688 111/687/633 228/827/773 227/826/772
f 212/790/736 209/831/777 225/772/718 222/779/725
f 209/831/777 210/708/654 226/773/719 225/772/718
f 124/693/639 2430/692/638 2566/697/643 229/696/642
f 125/699/645 154/711/657 124/693/639 229/696/642
f 230/841/787 231/842/788 146/843/789 147/844/790
f 239/845/791 240/846/792 231/842/788 230/841/787
f 230/841/787 147/844/790 232/847/793 234/848/794
f 239/845/791 230/841/787 234/848/794 242/849/795
f 387/850/796 388/851/797 235/852/798 237/853/799
f 389/854/800 387/850/796 237/853/799 243/855/801
f 243/855/801 237/853/799 238/856/802 241/857/803
f 237/853/799 235/852/798 236/858/804 238/856/802
f 267/822/768 191/821/767 179/809/755 268/808/754
f 386/859/805 389/854/800 243/855/801 180/860/806
f 182/861/807 239/845/791 242/849/795 181/862/808
f 182/861/807 183/863/809 240/846/792 239/845/791
f 179/809/755 178/805/751 233/807/753
f 2448/864/810 256/741/687 265/820/766 2524/865/811
f 182/861/807 258/816/762 259/818/764 183/863/809
f 181/862/808 257/814/760 258/816/762 182/861/807
f 386/859/805 390/811/757 257/814/760 181/862/808
f 2445/866/812 255/737/683 256/741/687 2448/864/810
f 2734/867/813 391/734/680 255/737/683 2445/866/812
f 2419/868/814 253/695/641 254/729/675 2442/869/815
f 2407/870/816 252/669/615 253/695/641 2419/868/814
f 2395/871/817 251/659/605 252/669/615 2407/870/816
f 2666/872/818 327/656/602 251/659/605 2395/871/817
f 2312/873/819 249/531/487 250/558/509 2334/874/820
f 2305/875/821 248/523/480 249/531/487 2312/873/819
f 2298/876/822 247/518/475 248/523/480 2305/875/821
f 2291/877/823 246/515/472 247/518/475 2298/876/822
f 2609/878/824 2506/879/825 245/880/826 269/810/756
f 2504/806/752 2609/878/824 269/810/756 233/807/753
f 193/823/769 267/822/768 268/808/754 244/881/827
f 175/795/741 266/796/742 267/822/768 193/823/769
f 244/881/827 268/808/754 269/810/756 245/880/826
f 175/795/741 2496/794/740 2604/797/743 266/796/742
f 244/881/827 245/880/826 180/860/806 243/855/801
f 193/823/769 244/881/827 243/855/801 241/857/803
f 147/844/790 146/843/789 270/882/828 271/883/829
f 271/883/829 270/882/828 272/884/830 273/885/831
f 273/885/831 272/884/830 274/886/832 275/887/833
f 284/888/834 281/889/835 276/890/836 131/738/684
f 388/851/797 232/847/793 279/891/837 392/892/838
f 232/847/793 147/844/790 271/883/829 279/891/837
f 392/892/838 279/891/837 282/893/839 393/894/840
f 279/891/837 271/883/829 273/885/831 282/893/839
f 393/894/840 282/893/839 285/895/841 395/896/842
f 282/893/839 273/885/831 275/887/833 285/895/841
f 314/897/843 313/739/685 131/738/684 276/890/836
f 365/898/844 285/895/841 275/887/833 366/899/845
f 129/732/678 277/900/846 284/888/834 131/738/684
f 366/899/845 364/901/847 281/889/835 284/888/834
f 384/731/677 127/726/672 132/747/693 394/902/848
f 397/903/849 365/898/844 277/900/846 394/902/848
f 193/823/769 241/857/803 288/904/850 192/824/770
f 241/857/803 238/856/802 287/905/851 288/904/850
f 238/856/802 236/858/804 278/906/852 287/905/851
f 133/745/691 134/744/690 286/907/853 283/908/854
f 110/682/628 296/688/634 297/743/689 134/744/690
f 100/672/618 295/677/623 296/688/634 110/682/628
f 90/661/607 294/651/597 295/677/623 100/672/618
f 323/660/606 328/648/594 294/651/597 90/661/607
f 30/552/504 63/599/547 149/597/545 291/568/519
f 31/554/502 29/553/505 292/567/518 289/573/515
f 37/562/513 32/551/503 290/563/514 293/571/522
f 29/553/505 30/552/504 291/568/519 292/567/518
f 32/551/503 31/550/502 289/564/515 290/563/514
f 136/839/785 298/909/855 297/743/689 135/742/688
f 134/744/690 297/743/689 298/909/855 286/907/853
f 137/837/783 299/910/856 298/909/855 136/839/785
f 286/907/853 298/909/855 299/910/856 300/911/857
f 280/912/858 283/908/854 286/907/853 300/911/857
f 235/852/798 280/912/858 300/911/857 236/858/804
f 236/858/804 300/911/857 299/910/856 278/906/852
f 137/837/783 138/838/784 278/906/852 299/910/856
f 139/758/704 287/905/851 278/906/852 138/838/784
f 161/771/717 174/770/716 192/824/770 198/840/786
f 205/763/709 145/762/708 141/777/723 301/776/722
f 198/840/786 192/824/770 288/904/850 159/761/707
f 159/761/707 288/904/850 287/905/851 139/758/704
f 189/819/765 130/740/686 313/739/685 314/897/843
f 128/736/682 312/733/679 313/739/685 130/740/686
f 385/735/681 396/730/676 312/733/679 128/736/682
f 106/694/640 310/685/631 311/727/673 126/728/674
f 96/668/614 309/674/620 310/685/631 106/694/640
f 86/658/604 308/663/609 309/674/620 96/668/614
f 324/657/603 329/662/608 308/663/609 86/658/604
f 17/530/486 306/529/485 307/556/507 33/557/508
f 12/522/479 305/521/478 306/529/485 17/530/486
f 7/517/474 304/514/471 305/521/478 12/522/479
f 2/516/473 303/513/470 304/514/471 7/517/474
f 33/913/508 307/914/507 329/662/608 324/657/603
f 37/915/513 293/916/522 328/648/594 323/660/606
f 2334/917/820 250/918/509 327/656/602 2666/872/818
f 56/919/536 148/920/661 326/713/659 315/633/579
f 148/920/661 121/921/538 325/652/598 326/713/659
f 307/914/507 34/922/506 318/636/582 329/662/608
f 36/923/511 37/915/513 323/660/606 321/645/591
f 42/924/523 47/925/528 320/640/586 322/649/595
f 50/926/530 53/927/533 316/632/578 319/641/587
f 250/918/509 33/913/508 324/657/603 327/656/602
f 121/921/538 2363/928/541 2664/653/599 325/652/598
f 293/916/522 42/924/523 322/649/595 328/648/594
f 358/929/512 36/923/511 321/645/591 367/644/590
f 47/925/528 50/926/530 319/641/587 320/640/586
f 34/922/506 35/930/510 317/637/583 318/636/582
f 53/927/533 56/919/536 315/633/579 316/632/578
f 35/930/510 358/929/512 367/644/590 317/637/583
f 395/896/842 285/895/841 365/898/844 397/903/849
f 275/887/833 274/886/832 364/901/847 366/899/845
f 277/900/846 365/898/844 366/899/845 284/888/834
f 108/689/635 362/691/637 363/746/692 132/747/693
f 61/602/550 2319/722/668 2703/720/666 359/600/548
f 98/678/624 361/665/611 362/691/637 108/689/635
f 88/638/584 360/647/593 361/665/611 98/678/624
f 317/637/583 367/644/590 360/647/593 88/638/584
f 22/539/493 61/602/550 359/600/548 357/545/499
f 24/536/491 354/540/494 358/561/512 35/559/510
f 23/538/490 21/537/492 356/544/498 355/548/495
f 21/537/492 22/539/493 357/545/499 356/544/498
f 24/536/491 23/535/490 355/541/495 354/540/494
f 133/745/691 395/896/842 397/903/849 363/746/692
f 126/728/674 311/727/673 396/730/676 385/735/681
f 363/746/692 397/903/849 394/902/848 132/747/693
f 129/732/678 384/731/677 394/902/848 277/900/846
f 283/908/854 393/894/840 395/896/842 133/745/691
f 280/912/858 392/892/838 393/894/840 283/908/854
f 235/852/798 388/851/797 392/892/838 280/912/858
f 2442/869/815 254/729/675 391/734/680 2734/867/813
f 180/860/806 245/880/826 390/811/757 386/859/805
f 181/862/808 242/849/795 389/854/800 386/859/805
f 242/849/795 234/848/794 387/850/796 389/854/800
f 234/848/794 232/847/793 388/851/797 387/850/796
f 245/880/826 2506/879/825 2735/812/758 390/811/757
f 254/729/675 126/728/674 385/735/681 391/734/680
f 311/727/673 127/726/672 384/731/677 396/730/676
f 82/623/570 81/622/569 402/931/859 403/932/860
f 79/625/572 77/624/571 398/933/861 400/934/862
f 84/626/573 82/623/570 403/932/860 405/935/863
f 80/628/574 79/627/572 400/936/862 401/937/864
f 78/630/576 83/629/575 404/938/865 399/939/866
f 85/631/577 84/626/573 405/935/863 406/940/867
f 81/622/569 80/628/574 401/937/864 402/931/859
f 77/624/571 78/630/576 399/939/866 398/933/861
f 83/629/575 85/631/577 406/940/867 404/938/865
f 480/941/868 479/942/869 407/943/1 409/944/13
f 482/945/870 481/946/871 412/947/9 414/948/15
f 483/949/872 480/950/868 409/951/13 410/952/17
f 485/953/873 484/954/874 413/955/5 408/956/2
f 486/957/875 482/945/870 414/948/15 415/958/6
f 487/959/876 483/949/872 410/952/17 411/960/10
f 479/942/869 485/953/873 408/956/2 407/943/1
f 484/954/874 486/957/875 415/958/6 413/955/5
f 481/946/871 487/959/876 411/960/10 412/947/9
f 403/932/860 402/931/859 487/959/876 481/946/871
f 404/938/865 406/940/867 486/957/875 484/954/874
f 398/933/861 399/939/866 485/953/873 479/942/869
f 402/931/859 401/937/864 483/949/872 487/959/876
f 406/940/867 405/935/863 482/945/870 486/957/875
f 399/939/866 404/938/865 484/954/874 485/953/873
f 401/937/864 400/936/862 480/950/868 483/949/872
f 405/935/863 403/932/860 481/946/871 482/945/870
f 400/934/862 398/933/861 479/942/869 480/941/868
f 525/961/877 490/962/878 492/963/879 526/964/880
f 556/965/881 496/966/882 516/967/883 568/968/884
f 527/969/885 496/966/882 494/970/886 528/971/887
f 574/972/888 558/973/889 490/974/878 525/975/877
f 555/976/890 495/977/891 493/978/892 557/979/893
f 492/963/879 490/962/878 497/980/894 498/981/895
f 558/973/889 494/982/886 499/983/896 560/984/897
f 556/965/881 492/963/879 498/981/895 559/985/898
f 494/970/886 496/966/882 500/986/899 499/987/896
f 559/985/898 498/981/895 502/988/900 561/989/901
f 499/987/896 500/986/899 504/990/902 503/991/903
f 498/981/895 497/980/894 501/992/904 502/988/900
f 560/984/897 499/983/896 503/993/903 562/994/905
f 503/991/903 504/990/902 508/995/906 507/996/907
f 502/988/900 501/992/904 505/997/908 506/998/909
f 562/994/905 503/993/903 507/999/907 564/1000/910
f 561/989/901 502/988/900 506/998/909 563/1001/911
f 564/1000/910 507/999/907 511/1002/912 566/1003/913
f 563/1001/911 506/998/909 510/1004/914 565/1005/915
f 507/996/907 508/995/906 512/1006/916 511/1007/912
f 506/998/909 505/997/908 509/1008/917 510/1004/914
f 566/1003/913 511/1002/912 512/1009/916 565/1010/915
f 526/964/880 492/963/879 514/1011/918 529/1012/919
f 527/969/885 495/1013/891 515/1014/920 530/1015/921
f 555/976/890 491/1016/922 513/1017/923 567/1018/924
f 568/968/884 516/967/883 520/1019/925 570/1020/926
f 529/1012/919 514/1011/918 518/1021/927 531/1022/928
f 530/1015/921 515/1014/920 519/1023/929 532/1024/930
f 567/1018/924 513/1017/923 517/1025/931 569/1026/932
f 544/1027/933 541/1028/934 523/1029/935 534/1030/936
f 576/1031/937 542/1032/938 521/1033/939 571/1034/940
f 520/1019/925 532/1024/930 540/1035/941 535/1036/942
f 543/1037/943 546/1038/944 522/1039/945 533/1040/946
f 573/1041/947 572/1042/948 524/1043/949 534/1030/936
f 571/1044/940 573/1041/947 534/1030/936 523/1029/935
f 542/1045/938 543/1037/943 533/1040/946 521/1046/939
f 545/1047/950 544/1027/933 534/1030/936 524/1043/949
f 516/967/883 530/1015/921 532/1024/930 520/1019/925
f 513/1048/923 529/1012/919 531/1022/928 517/1049/931
f 496/966/882 527/969/885 530/1015/921 516/967/883
f 491/1050/922 526/964/880 529/1012/919 513/1048/923
f 557/979/893 574/972/888 525/975/877 489/1051/951
f 495/1013/891 527/969/885 528/971/887 493/1052/892
f 489/1053/951 525/961/877 526/964/880 491/1050/922
f 517/1049/931 531/1022/928 539/1054/952 537/1055/953
f 531/1022/928 518/1021/927 538/1056/954 539/1054/952
f 569/1026/932 517/1025/931 537/1057/953 575/1058/955
f 532/1024/930 519/1023/929 536/1059/956 540/1035/941
f 535/1060/942 540/1061/941 544/1027/933 545/1047/950
f 537/1062/953 539/1063/952 543/1037/943 542/1045/938
f 539/1063/952 538/1064/954 546/1038/944 543/1037/943
f 575/1058/955 537/1057/953 542/1032/938 576/1031/937
f 540/1061/941 536/1065/956 541/1028/934 544/1027/933
f 535/1060/942 545/1047/950 553/1066/957 551/1067/958
f 520/1019/925 535/1036/942 551/1068/958 548/1069/959
f 572/1042/948 522/1039/945 549/1070/960 578/1071/961
f 522/1039/945 546/1038/944 554/1072/962 549/1070/960
f 546/1038/944 538/1064/954 552/1073/963 554/1072/962
f 538/1056/954 518/1021/927 547/1074/964 552/1075/963
f 570/1020/926 520/1019/925 548/1069/959 577/1076/965
f 545/1047/950 524/1043/949 550/1077/966 553/1066/957
f 518/1021/927 570/1020/926 577/1076/965 547/1074/964
f 524/1043/949 572/1042/948 578/1071/961 550/1077/966
f 536/1078/956 575/1058/955 576/1031/937 541/1079/934
f 519/1080/929 569/1026/932 575/1058/955 536/1078/956
f 493/978/892 528/1081/887 574/972/888 557/979/893
f 521/1046/939 533/1040/946 573/1041/947 571/1044/940
f 533/1040/946 522/1039/945 572/1042/948 573/1041/947
f 541/1079/934 576/1031/937 571/1034/940 523/1082/935
f 515/1083/920 567/1018/924 569/1026/932 519/1080/929
f 514/1011/918 568/968/884 570/1020/926 518/1021/927
f 495/977/891 555/976/890 567/1018/924 515/1083/920
f 509/1084/917 566/1003/913 565/1010/915 510/1085/914
f 508/995/906 563/1001/911 565/1005/915 512/1006/916
f 505/1086/908 564/1000/910 566/1003/913 509/1084/917
f 504/990/902 561/989/901 563/1001/911 508/995/906
f 501/1087/904 562/994/905 564/1000/910 505/1086/908
f 497/1088/894 560/984/897 562/994/905 501/1087/904
f 500/986/899 559/985/898 561/989/901 504/990/902
f 496/966/882 556/965/881 559/985/898 500/986/899
f 490/974/878 558/973/889 560/984/897 497/1088/894
f 491/1016/922 555/976/890 557/979/893 489/1051/951
f 528/1081/887 494/982/886 558/973/889 574/972/888
f 492/963/879 556/965/881 568/968/884 514/1011/918
f 599/1089/967 600/1090/968 581/1091/969 588/1092/970
f 601/1093/971 602/1094/972 584/1095/973 586/1096/974
f 603/1097/975 604/1098/976 583/1099/977 580/1100/978
f 605/1101/979 606/1102/980 582/1103/981 585/1104/982
f 602/1105/972 607/1106/983 579/1107/984 584/1108/973
f 608/1109/985 603/1097/975 580/1100/978 587/1110/986
f 600/1090/968 601/1093/971 586/1096/974 581/1091/969
f 604/1111/976 605/1101/979 585/1104/982 583/1112/977
f 607/1106/983 608/1109/985 587/1110/986 579/1107/984
f 606/1102/980 599/1089/967 588/1092/970 582/1103/981
f 587/1110/986 580/1100/978 590/1113/987 597/1114/988
f 581/1091/969 586/1096/974 596/1115/989 591/1116/990
f 583/1112/977 585/1104/982 595/1117/991 593/1118/992
f 582/1103/981 588/1092/970 598/1119/993 592/1120/994
f 579/1107/984 587/1110/986 597/1114/988 589/1121/995
f 586/1096/974 584/1095/973 594/1122/996 596/1115/989
f 580/1100/978 583/1099/977 593/1123/992 590/1113/987
f 588/1092/970 581/1091/969 591/1116/990 598/1119/993
f 585/1104/982 582/1103/981 592/1120/994 595/1117/991
f 584/1108/973 579/1107/984 589/1121/995 594/1124/996
f 550/1077/966 578/1071/961 599/1089/967 606/1102/980
f 547/1074/964 577/1076/965 608/1109/985 607/1106/983
f 551/1067/958 553/1066/957 605/1101/979 604/1111/976
f 549/1070/960 554/1072/962 601/1093/971 600/1090/968
f 577/1076/965 548/1069/959 603/1097/975 608/1109/985
f 552/1075/963 547/1074/964 607/1106/983 602/1105/972
f 553/1066/957 550/1077/966 606/1102/980 605/1101/979
f 548/1069/959 551/1068/958 604/1098/976 603/1097/975
f 554/1072/962 552/1073/963 602/1094/972 601/1093/971
f 578/1071/961 549/1070/960 600/1090/968 599/1089/967
f 591/1116/990 596/1115/989 616/1125/997 611/1126/998
f 593/1118/992 595/1117/991 615/1127/999 613/1128/1000
f 592/1120/994 598/1119/993 618/1129/1001 612/1130/1002
f 589/1121/995 597/1114/988 617/1131/1003 609/1132/1004
f 596/1115/989 594/1122/996 614/1133/1005 616/1125/997
f 590/1113/987 593/1123/992 613/1134/1000 610/1135/1006
f 598/1119/993 591/1116/990 611/1126/998 618/1129/1001
f 595/1117/991 592/1120/994 612/1130/1002 615/1127/999
f 594/1124/996 589/1121/995 609/1132/1004 614/1136/1005
f 597/1114/988 590/1113/987 610/1135/1006 617/1131/1003
f 612/1130/1002 618/1129/1001 628/1137/1007 622/1138/1008
f 609/1132/1004 617/1131/1003 627/1139/1009 619/1140/1010
f 616/1125/997 614/1133/1005 624/1141/1011 626/1142/1012
f 610/1135/1006 613/1134/1000 623/1143/1013 620/1144/1014
f 618/1129/1001 611/1126/998 621/1145/1015 628/1137/1007
f 615/1127/999 612/1130/1002 622/1138/1008 625/1146/1016
f 614/1136/1005 609/1132/1004 619/1140/1010 624/1147/1011
f 617/1131/1003 610/1135/1006 620/1144/1014 627/1139/1009
f 611/1126/998 616/1125/997 626/1142/1012 621/1145/1015
f 613/1128/1000 615/1127/999 625/1146/1016 623/1148/1013
f 626/1142/1012 624/1141/1011 634/1149/1017 636/1150/1018
f 620/1144/1014 623/1143/1013 633/1151/1019 630/1152/1020
f 628/1137/1007 621/1145/1015 631/1153/1021 638/1154/1022
f 625/1146/1016 622/1138/1008 632/1155/1023 635/1156/1024
f 624/1147/1011 619/1140/1010 629/1157/1025 634/1158/1017
f 627/1139/1009 620/1144/1014 630/1152/1020 637/1159/1026
f 621/1145/1015 626/1142/1012 636/1150/1018 631/1153/1021
f 623/1148/1013 625/1146/1016 635/1156/1024 633/1160/1019
f 622/1138/1008 628/1137/1007 638/1154/1022 632/1155/1023
f 619/1140/1010 627/1139/1009 637/1159/1026 629/1157/1025
f 861/1161/1027 860/1162/1028 643/1163/1029 640/1164/1030
f 863/1165/1031 862/1166/1032 641/1167/1033 648/1168/1034
f 865/1169/1035 864/1170/1036 642/1171/1037 645/1172/1038
f 867/1173/1039 866/1174/1040 639/1175/1041 644/1176/1042
f 868/1177/1043 861/1161/1027 640/1164/1030 647/1178/1044
f 862/1166/1032 869/1179/1045 646/1180/1046 641/1167/1033
f 860/1181/1028 865/1169/1035 645/1172/1038 643/1182/1029
f 864/1170/1036 863/1165/1031 648/1168/1034 642/1171/1037
f 866/1174/1040 868/1177/1043 647/1178/1044 639/1175/1041
f 869/1179/1045 867/1183/1039 644/1184/1042 646/1180/1046
f 648/1185/1034 641/1186/1033 651/1187/1047 658/1188/1048
f 645/1189/1038 642/1190/1037 652/1191/1049 655/1192/1050
f 644/1193/1042 639/1194/1041 649/1195/1051 654/1196/1052
f 647/1197/1044 640/1198/1030 650/1199/1053 657/1200/1054
f 641/1186/1033 646/1201/1046 656/1202/1055 651/1187/1047
f 643/1203/1029 645/1189/1038 655/1192/1050 653/1204/1056
f 642/1190/1037 648/1185/1034 658/1188/1048 652/1191/1049
f 639/1194/1041 647/1197/1044 657/1200/1054 649/1195/1051
f 646/1201/1046 644/1205/1042 654/1206/1052 656/1202/1055
f 640/1198/1030 643/1207/1029 653/1208/1056 650/1199/1053
f 655/1192/1050 652/1191/1049 662/1209/1057 665/1210/1058
f 654/1196/1052 649/1195/1051 659/1211/1059 664/1212/1060
f 657/1200/1054 650/1199/1053 660/1213/1061 667/1214/1062
f 651/1187/1047 656/1202/1055 666/1215/1063 661/1216/1064
f 653/1204/1056 655/1192/1050 665/1210/1058 663/1217/1065
f 652/1191/1049 658/1188/1048 668/1218/1066 662/1209/1057
f 649/1195/1051 657/1200/1054 667/1214/1062 659/1211/1059
f 656/1202/1055 654/1206/1052 664/1219/1060 666/1215/1063
f 650/1199/1053 653/1208/1056 663/1220/1065 660/1213/1061
f 658/1188/1048 651/1187/1047 661/1216/1064 668/1218/1066
f 841/1221/1067 840/1222/1068 3019/1223/1069 3024/1224/1070
f 667/1214/1062 660/1213/1061 669/1225/1071 673/1226/1072
f 752/1227/1073 751/1228/1074 3026/1229/1075 3021/1230/1076
f 663/1217/1065 665/1210/1058 672/1231/1077 671/1232/1078
f 662/1209/1057 668/1218/1066 674/1233/1079 670/1234/1080
f 733/1235/1081 774/1236/1082 776/1237/1083 749/1238/1084
f 3026/1229/1075 841/1239/1067 3024/1240/1070
f 660/1213/1061 663/1220/1065 671/1241/1078 669/1225/1071
f 668/1218/1066 661/1216/1064 752/1227/1073 674/1233/1079
f 665/1210/1058 662/1209/1057 670/1234/1080 672/1231/1077
f 670/1234/1080 674/1233/1079 680/1242/1085 676/1243/1086
f 748/1244/1087 673/1226/1072 679/1245/1088 753/1246/1089
f 672/1231/1077 670/1234/1080 676/1243/1086 678/1247/1090
f 671/1232/1078 672/1231/1077 678/1247/1090 677/1248/1091
f 669/1225/1071 671/1241/1078 677/1249/1091 675/1250/1092
f 673/1226/1072 669/1225/1071 675/1250/1092 679/1245/1088
f 752/1227/1073 3021/1230/1076 3031/1251/1093 765/1252/1094
f 677/1248/1091 678/1247/1090 684/1253/1095 683/1254/1096
f 676/1243/1086 680/1242/1085 686/1255/1097 682/1256/1098
f 765/1252/1094 3031/1251/1093 3039/1257/1099 766/1258/1100
f 678/1247/1090 676/1243/1086 682/1256/1098 684/1253/1095
f 675/1250/1092 677/1249/1091 683/1259/1096 681/1260/1101
f 679/1245/1088 675/1250/1092 681/1260/1101 685/1261/1102
f 753/1246/1089 679/1245/1088 685/1261/1102 754/1262/1103
f 766/1258/1100 3039/1257/1099 3047/1263/1104 767/1264/1105
f 684/1253/1095 682/1256/1098 688/1265/1106 690/1266/1107
f 681/1260/1101 683/1259/1096 689/1267/1108 687/1268/1109
f 685/1261/1102 681/1260/1101 687/1268/1109 691/1269/1110
f 685/1261/1102 691/1269/1110 838/1270/1111 754/1262/1103
f 683/1254/1096 684/1253/1095 690/1266/1107 689/1271/1108
f 682/1256/1098 686/1255/1097 692/1272/1112 688/1265/1106
f 877/1273/1113 3252/1274/1114 3055/1275/1115 768/1276/1116
f 872/1277/1117 871/1278/1118 694/1279/1119 696/1280/1120
f 874/1281/1121 873/1282/1122 695/1283/1123 693/1284/1124
f 875/1285/1125 874/1281/1121 693/1284/1124 697/1286/1126
f 878/1287/1127 875/1285/1125 697/1286/1126 839/1288/1128
f 873/1289/1122 872/1277/1117 696/1280/1120 695/1290/1123
f 871/1278/1118 870/1291/1129 698/1292/1130 694/1279/1119
f 693/1293/1124 695/1294/1123 701/1295/1131 699/1296/1132
f 697/1297/1126 693/1293/1124 699/1296/1132 703/1298/1133
f 839/1299/1128 697/1297/1126 703/1298/1133 826/1300/1134
f 695/1301/1123 696/1302/1120 702/1303/1135 701/1304/1131
f 694/1305/1119 698/1306/1130 704/1307/1136 700/1308/1137
f 768/1309/1116 3055/1310/1115 3063/1311/1138 769/1312/1139
f 696/1302/1120 694/1305/1119 700/1308/1137 702/1303/1135
f 826/1300/1134 703/1298/1133 709/1313/1140 827/1314/1141
f 701/1304/1131 702/1303/1135 708/1315/1142 707/1316/1143
f 700/1308/1137 704/1307/1136 710/1317/1144 706/1318/1145
f 769/1312/1139 3063/1311/1138 3071/1319/1146 770/1320/1147
f 702/1303/1135 700/1308/1137 706/1318/1145 708/1315/1142
f 699/1296/1132 701/1295/1131 707/1321/1143 705/1322/1148
f 703/1298/1133 699/1296/1132 705/1322/1148 709/1313/1140
f 827/1314/1141 709/1313/1140 715/1323/1149 828/1324/1150
f 707/1316/1143 708/1315/1142 714/1325/1151 713/1326/1152
f 706/1318/1145 710/1317/1144 716/1327/1153 712/1328/1154
f 770/1320/1147 3071/1319/1146 3079/1329/1155 771/1330/1156
f 708/1315/1142 706/1318/1145 712/1328/1154 714/1325/1151
f 705/1322/1148 707/1321/1143 713/1331/1152 711/1332/1157
f 709/1313/1140 705/1322/1148 711/1332/1157 715/1323/1149
f 712/1328/1154 716/1327/1153 722/1333/1158 718/1334/1159
f 771/1330/1156 3079/1329/1155 3087/1335/1160 772/1336/1161
f 714/1325/1151 712/1328/1154 718/1334/1159 720/1337/1162
f 711/1332/1157 713/1331/1152 719/1338/1163 717/1339/1164
f 715/1323/1149 711/1332/1157 717/1339/1164 721/1340/1165
f 828/1324/1150 715/1323/1149 721/1340/1165 829/1341/1166
f 713/1326/1152 714/1325/1151 720/1337/1162 719/1342/1163
f 772/1336/1161 3087/1335/1160 3095/1343/1167 773/1344/1168
f 720/1337/1162 718/1334/1159 724/1345/1169 726/1346/1170
f 717/1339/1164 719/1338/1163 725/1347/1171 723/1348/1172
f 721/1340/1165 717/1339/1164 723/1348/1172 727/1349/1173
f 829/1341/1166 721/1340/1165 727/1349/1173 830/1350/1174
f 719/1342/1163 720/1337/1162 726/1346/1170 725/1351/1171
f 718/1334/1159 722/1333/1158 728/1352/1175 724/1345/1169
f 833/1353/1176 739/1354/1177 730/1355/1178 831/1356/1179
f 739/1354/1177 740/1357/1180 729/1358/1181 730/1355/1178
f 775/1359/1182 3117/1360/1183 3104/1361/1184 774/1236/1082
f 744/1362/1185 743/1363/1186 731/1364/1187 732/1365/1188
f 743/1363/1186 742/1366/1189 733/1235/1081 731/1364/1187
f 858/1367/1190 852/1368/1191 738/1369/1192 745/1370/1193
f 855/1371/1194 854/1372/1195 735/1373/1196 734/1374/1197
f 854/1375/1195 853/1376/1198 736/1377/1199 735/1378/1196
f 857/1379/1200 855/1371/1194 734/1374/1197 741/1380/1201
f 856/1381/1202 857/1379/1200 741/1380/1201 737/1382/1203
f 727/1349/1173 723/1348/1172 740/1357/1180 739/1354/1177
f 830/1350/1174 727/1349/1173 739/1354/1177 833/1353/1176
f 853/1376/1198 858/1367/1190 745/1370/1193 736/1377/1199
f 724/1345/1169 728/1352/1175 742/1366/1189 743/1363/1186
f 726/1346/1170 724/1345/1169 743/1363/1186 744/1362/1185
f 773/1344/1168 3095/1343/1167 3117/1360/1183 775/1359/1182
f 859/1383/1204 856/1381/1202 737/1382/1203 747/1384/1205
f 852/1368/1191 859/1383/1204 747/1384/1205 738/1369/1192
f 831/1356/1179 730/1355/1178 729/1358/1181 832/1385/1206
f 774/1236/1082 3104/1361/1184 3125/1386/1207 776/1237/1083
f 731/1364/1187 733/1235/1081 749/1238/1084 732/1365/1188
f 666/1215/1063 664/1219/1060 750/1387/1208 751/1228/1074
f 661/1216/1064 666/1215/1063 751/1228/1074 752/1227/1073
f 664/1212/1060 659/1211/1059 748/1244/1087 750/1388/1208
f 3101/1389/1209 762/1390/1210 764/1391/1211 3124/1392/1212
f 3093/1393/1213 761/1394/1214 763/1395/1215 3114/1396/1216
f 3114/1396/1216 763/1395/1215 762/1390/1210 3101/1389/1209
f 3085/1397/1217 760/1398/1218 761/1394/1214 3093/1393/1213
f 3077/1399/1219 759/1400/1220 760/1398/1218 3085/1397/1217
f 3069/1401/1221 758/1402/1222 759/1400/1220 3077/1399/1219
f 3061/1403/1223 757/1404/1224 758/1402/1222 3069/1401/1221
f 3053/1405/1225 756/1406/1226 757/1404/1224 3061/1403/1223
f 3259/1407/1227 876/1408/1228 756/1409/1226 3053/1410/1225
f 842/1411/1229 753/1246/1089 754/1262/1103 843/1412/1230
f 840/1222/1068 748/1244/1087 753/1246/1089 842/1411/1229
f 659/1211/1059 667/1214/1062 673/1226/1072 748/1244/1087
f 728/1352/1175 773/1344/1168 775/1359/1182 742/1366/1189
f 742/1366/1189 775/1359/1182 774/1236/1082 733/1235/1081
f 722/1333/1158 772/1336/1161 773/1344/1168 728/1352/1175
f 716/1327/1153 771/1330/1156 772/1336/1161 722/1333/1158
f 710/1317/1144 770/1320/1147 771/1330/1156 716/1327/1153
f 704/1307/1136 769/1312/1139 770/1320/1147 710/1317/1144
f 698/1306/1130 768/1309/1116 769/1312/1139 704/1307/1136
f 870/1291/1129 877/1273/1113 768/1276/1116 698/1292/1130
f 686/1255/1097 766/1258/1100 767/1264/1105 692/1272/1112
f 680/1242/1085 765/1252/1094 766/1258/1100 686/1255/1097
f 674/1233/1079 752/1227/1073 765/1252/1094 680/1242/1085
f 749/1413/1084 776/1414/1083 779/1415/1231 777/1416/1232
f 834/1417/1233 835/1418/1234 778/1419/1235 764/1420/1211
f 776/1414/1083 3125/1421/1207 3156/1422/1236 779/1415/1231
f 3124/1423/1212 764/1420/1211 778/1419/1235 3131/1424/1237
f 749/1413/1084 777/1416/1232 781/1425/1238 780/1426/1239
f 832/1385/1206 837/1427/1240 834/1428/1233 764/1391/1211
f 746/1429/1241 732/1365/1188 749/1238/1084 780/1430/1239
f 3131/1424/1237 778/1419/1235 783/1431/1242 3162/1432/1243
f 779/1415/1231 3156/1422/1236 3163/1433/1244 784/1434/1245
f 835/1418/1234 836/1435/1246 783/1431/1242 778/1419/1235
f 777/1416/1232 782/1436/1247 785/1437/1248 781/1425/1238
f 777/1416/1232 779/1415/1231 784/1434/1245 782/1436/1247
f 738/1369/1192 747/1384/1205 793/1438/1249 790/1439/1250
f 747/1384/1205 737/1382/1203 789/1440/1251 793/1438/1249
f 737/1382/1203 741/1380/1201 791/1441/1252 789/1440/1251
f 734/1374/1197 735/1373/1196 787/1442/1253 786/1443/1254
f 745/1370/1193 738/1369/1192 790/1439/1250 792/1444/1255
f 736/1377/1199 745/1370/1193 792/1444/1255 788/1445/1256
f 741/1380/1201 734/1374/1197 786/1443/1254 791/1441/1252
f 735/1378/1196 736/1377/1199 788/1445/1256 787/1446/1253
f 791/1441/1252 786/1443/1254 794/1447/1257 799/1448/1258
f 789/1440/1251 791/1441/1252 799/1448/1258 797/1449/1259
f 786/1443/1254 787/1442/1253 795/1450/1260 794/1447/1257
f 790/1439/1250 793/1438/1249 801/1451/1261 798/1452/1262
f 792/1444/1255 790/1439/1250 798/1452/1262 800/1453/1263
f 788/1445/1256 792/1444/1255 800/1453/1263 796/1454/1264
f 787/1446/1253 788/1445/1256 796/1454/1264 795/1455/1260
f 793/1438/1249 789/1440/1251 797/1449/1259 801/1451/1261
f 801/1451/1261 797/1449/1259 805/1456/1265 809/1457/1266
f 799/1448/1258 794/1447/1257 802/1458/1267 807/1459/1268
f 797/1449/1259 799/1448/1258 807/1459/1268 805/1456/1265
f 794/1447/1257 795/1450/1260 803/1460/1269 802/1458/1267
f 798/1452/1262 801/1451/1261 809/1457/1266 806/1461/1270
f 800/1453/1263 798/1452/1262 806/1461/1270 808/1462/1271
f 796/1454/1264 800/1453/1263 808/1462/1271 804/1463/1272
f 795/1455/1260 796/1454/1264 804/1463/1272 803/1464/1269
f 808/1462/1271 806/1461/1270 814/1465/1273 816/1466/1274
f 804/1463/1272 808/1462/1271 816/1466/1274 812/1467/1275
f 803/1464/1269 804/1463/1272 812/1467/1275 811/1468/1276
f 809/1457/1266 805/1456/1265 813/1469/1277 817/1470/1278
f 807/1459/1268 802/1458/1267 810/1471/1279 815/1472/1280
f 805/1456/1265 807/1459/1268 815/1472/1280 813/1469/1277
f 802/1458/1267 803/1460/1269 811/1473/1276 810/1471/1279
f 806/1461/1270 809/1457/1266 817/1470/1278 814/1465/1273
f 2120/1474/1281 2115/1475/1282 825/1476/1283 822/1477/1284
f 2117/1478/1285 2103/1479/1286 879/1480/1287 823/1481/1288
f 2105/1482/1289 2116/1483/1290 821/1484/1291 880/1485/1292
f 2116/1483/1290 2117/1478/1285 823/1481/1288 821/1484/1291
f 2115/1475/1282 2105/1482/1289 880/1485/1292 825/1476/1283
f 2104/1486/1293 2120/1474/1281 822/1477/1284 881/1487/1294
f 2103/1479/1286 2121/1488/1295 818/1489/1296 879/1480/1287
f 781/1425/1238 785/1437/1248 836/1435/1246 835/1418/1234
f 729/1358/1181 746/1429/1241 837/1427/1240 832/1385/1206
f 746/1490/1241 780/1426/1239 834/1417/1233 837/1491/1240
f 780/1426/1239 781/1425/1238 835/1418/1234 834/1417/1233
f 762/1390/1210 831/1356/1179 832/1385/1206 764/1391/1211
f 761/1394/1214 830/1350/1174 833/1353/1176 763/1395/1215
f 763/1395/1215 833/1353/1176 831/1356/1179 762/1390/1210
f 760/1398/1218 829/1341/1166 830/1350/1174 761/1394/1214
f 759/1400/1220 828/1324/1150 829/1341/1166 760/1398/1218
f 758/1402/1222 827/1314/1141 828/1324/1150 759/1400/1220
f 757/1404/1224 826/1300/1134 827/1314/1141 758/1402/1222
f 876/1408/1228 878/1287/1127 839/1288/1128 756/1409/1226
f 756/1406/1226 839/1299/1128 826/1300/1134 757/1404/1224
f 3019/1223/1069 840/1222/1068 842/1411/1229 3029/1492/1297
f 3029/1492/1297 842/1411/1229 843/1412/1230 3037/1493/1298
f 750/1388/1208 748/1244/1087 840/1222/1068 841/1221/1067
f 751/1228/1074 750/1387/1208 841/1239/1067 3026/1229/1075
f 754/1262/1103 838/1270/1111 755/1494/1299 843/1412/1230
f 3045/1495/1300 3037/1493/1298 843/1412/1230 755/1494/1299
f 813/1469/1277 815/1472/1280 851/1496/1301 850/1497/1302
f 815/1472/1280 810/1471/1279 845/1498/1303 851/1496/1301
f 817/1470/1278 813/1469/1277 850/1497/1302 846/1499/1304
f 811/1468/1276 812/1467/1275 849/1500/1305 844/1501/1306
f 812/1467/1275 816/1466/1274 848/1502/1307 849/1500/1305
f 816/1466/1274 814/1465/1273 847/1503/1308 848/1502/1307
f 814/1465/1273 817/1470/1278 846/1499/1304 847/1503/1308
f 810/1471/1279 811/1473/1276 844/1504/1306 845/1498/1303
f 732/1505/1188 746/1506/1241 859/1383/1204 852/1368/1191
f 746/1506/1241 729/1507/1181 856/1381/1202 859/1383/1204
f 726/1508/1170 744/1509/1185 858/1367/1190 853/1376/1198
f 729/1507/1181 740/1510/1180 857/1379/1200 856/1381/1202
f 740/1510/1180 723/1511/1172 855/1371/1194 857/1379/1200
f 725/1512/1171 726/1508/1170 853/1376/1198 854/1375/1195
f 723/1511/1172 725/1513/1171 854/1372/1195 855/1371/1194
f 744/1509/1185 732/1505/1188 852/1368/1191 858/1367/1190
f 636/1150/1018 634/1149/1017 867/1183/1039 869/1179/1045
f 629/1157/1025 637/1159/1026 868/1177/1043 866/1174/1040
f 632/1155/1023 638/1154/1022 863/1165/1031 864/1170/1036
f 633/1160/1019 635/1156/1024 865/1169/1035 860/1181/1028
f 631/1153/1021 636/1150/1018 869/1179/1045 862/1166/1032
f 637/1159/1026 630/1152/1020 861/1161/1027 868/1177/1043
f 634/1158/1017 629/1157/1025 866/1174/1040 867/1173/1039
f 635/1156/1024 632/1155/1023 864/1170/1036 865/1169/1035
f 638/1154/1022 631/1153/1021 862/1166/1032 863/1165/1031
f 630/1152/1020 633/1151/1019 860/1162/1028 861/1161/1027
f 755/1494/1299 838/1270/1111 878/1287/1127 876/1408/1228
f 692/1272/1112 767/1264/1105 877/1273/1113 870/1291/1129
f 3045/1495/1300 755/1494/1299 876/1408/1228 3259/1407/1227
f 688/1265/1106 692/1272/1112 870/1291/1129 871/1278/1118
f 689/1271/1108 690/1266/1107 872/1277/1117 873/1289/1122
f 838/1270/1111 691/1269/1110 875/1285/1125 878/1287/1127
f 691/1269/1110 687/1268/1109 874/1281/1121 875/1285/1125
f 687/1268/1109 689/1267/1108 873/1282/1122 874/1281/1121
f 690/1266/1107 688/1265/1106 871/1278/1118 872/1277/1117
f 767/1264/1105 3047/1263/1104 3252/1274/1114 877/1273/1113
f 884/1514/1309 1122/1515/1310 1121/1516/1311 820/1517/1312
f 1262/1518/1313 990/1519/1314 1259/1520/1315 889/1521/1316
f 823/1522/1288 879/1523/1287 882/1524/1317 887/1525/1318
f 818/1526/1296 819/1527/1319 883/1528/1320 979/1529/1321
f 824/1530/1322 881/1531/1294 888/1532/1323 992/1533/1324
f 891/1534/1325 892/1535/1326 900/1536/1327 899/1537/1328
f 897/1538/1329 893/1539/1330 901/1540/1331 905/1541/1332
f 895/1542/1333 890/1543/1334 898/1544/1335 903/1545/1336
f 893/1539/1330 895/1546/1333 903/1547/1336 901/1540/1331
f 890/1543/1334 891/1534/1325 899/1537/1328 898/1544/1335
f 894/1548/1337 897/1538/1329 905/1541/1332 902/1549/1338
f 896/1550/1339 894/1548/1337 902/1549/1338 904/1551/1340
f 892/1535/1326 896/1552/1339 904/1553/1340 900/1536/1327
f 1043/1554/1341 1040/1555/1342 912/1556/1343 908/1557/1344
f 1044/1558/1345 1043/1554/1341 908/1557/1344 907/1559/1346
f 1045/1560/1347 1041/1561/1348 909/1562/1349 913/1563/1350
f 1046/1564/1351 1042/1565/1352 906/1566/1353 911/1567/1354
f 1041/1561/1348 1046/1568/1351 911/1569/1354 909/1562/1349
f 1042/1565/1352 1044/1558/1345 907/1559/1346 906/1566/1353
f 1047/1570/1355 1045/1560/1347 913/1563/1350 910/1571/1356
f 1040/1572/1342 1047/1570/1355 910/1571/1356 912/1573/1343
f 924/1574/1357 923/1575/1358 921/1576/1359 918/1577/1360
f 925/1578/1361 924/1574/1357 918/1577/1360 920/1579/1362
f 926/1580/1363 925/1581/1361 920/1582/1362 916/1583/1364
f 927/1584/1365 926/1580/1363 916/1583/1364 915/1585/1366
f 923/1575/1358 928/1586/1367 917/1587/1368 921/1576/1359
f 930/1588/1369 929/1589/1370 914/1590/1371 919/1591/1372
f 928/1586/1367 930/1592/1369 919/1593/1372 917/1587/1368
f 929/1589/1370 927/1584/1365 915/1585/1366 914/1590/1371
f 915/1585/1366 916/1583/1364 920/1582/1362 922/1594/1373
f 915/1585/1366 922/1594/1373 919/1591/1372 914/1590/1371
f 917/1587/1368 919/1593/1372 922/1595/1373 921/1576/1359
f 918/1577/1360 921/1576/1359 922/1595/1373 920/1579/1362
f 906/1566/1353 907/1559/1346 927/1584/1365 929/1589/1370
f 909/1562/1349 911/1569/1354 930/1592/1369 928/1586/1367
f 911/1567/1354 906/1566/1353 929/1589/1370 930/1588/1369
f 913/1563/1350 909/1562/1349 928/1586/1367 923/1575/1358
f 907/1559/1346 908/1557/1344 926/1580/1363 927/1584/1365
f 908/1557/1344 912/1556/1343 925/1581/1361 926/1580/1363
f 912/1573/1343 910/1571/1356 924/1574/1357 925/1578/1361
f 910/1571/1356 913/1563/1350 923/1575/1358 924/1574/1357
f 932/1596/1374 933/1597/1375 941/1598/1376 940/1599/1377
f 938/1600/1378 934/1601/1379 942/1602/1380 946/1603/1381
f 936/1604/1382 931/1605/1383 939/1606/1384 944/1607/1385
f 934/1601/1379 936/1604/1382 944/1607/1385 942/1602/1380
f 931/1605/1383 932/1608/1374 940/1609/1377 939/1606/1384
f 935/1610/1386 938/1611/1378 946/1612/1381 943/1613/1387
f 937/1614/1388 935/1610/1386 943/1613/1387 945/1615/1389
f 933/1597/1375 937/1614/1388 945/1615/1389 941/1598/1376
f 1106/1616/1390 1105/1617/1391 953/1618/1392 949/1619/1393
f 1107/1620/1394 1106/1616/1390 949/1619/1393 948/1621/1395
f 1109/1622/1396 1108/1623/1397 950/1624/1398 954/1625/1399
f 1111/1626/1400 1110/1627/1401 947/1628/1402 952/1629/1403
f 1108/1623/1397 1111/1626/1400 952/1629/1403 950/1624/1398
f 1110/1627/1401 1107/1630/1394 948/1631/1395 947/1628/1402
f 1112/1632/1404 1109/1633/1396 954/1634/1399 951/1635/1405
f 1105/1617/1391 1112/1632/1404 951/1635/1405 953/1618/1392
f 965/1636/1406 964/1637/1407 962/1638/1408 959/1639/1409
f 966/1640/1410 965/1636/1406 959/1639/1409 961/1641/1411
f 967/1642/1412 966/1640/1410 961/1641/1411 957/1643/1413
f 968/1644/1414 967/1642/1412 957/1643/1413 956/1645/1415
f 964/1646/1407 969/1647/1416 958/1648/1417 962/1649/1408
f 971/1650/1418 970/1651/1419 955/1652/1420 960/1653/1421
f 969/1647/1416 971/1650/1418 960/1653/1421 958/1648/1417
f 970/1651/1419 968/1654/1414 956/1655/1415 955/1652/1420
f 956/1645/1415 957/1643/1413 961/1641/1411 963/1656/1422
f 956/1655/1415 963/1657/1422 960/1653/1421 955/1652/1420
f 958/1648/1417 960/1653/1421 963/1657/1422 962/1649/1408
f 959/1639/1409 962/1638/1408 963/1656/1422 961/1641/1411
f 947/1628/1402 948/1631/1395 968/1654/1414 970/1651/1419
f 971/1650/1418 969/1647/1416 1133/1658/1423 1135/1659/1424
f 969/1647/1416 950/1624/1398 1131/1660/1425 1133/1658/1423
f 954/1625/1399 950/1624/1398 969/1647/1416 964/1646/1407
f 948/1621/1395 949/1619/1393 967/1642/1412 968/1644/1414
f 949/1619/1393 953/1618/1392 966/1640/1410 967/1642/1412
f 953/1618/1392 951/1635/1405 965/1636/1406 966/1640/1410
f 951/1635/1405 954/1634/1399 964/1637/1407 965/1636/1406
f 931/1605/1383 936/1604/1382 974/1661/1426 972/1662/1427
f 936/1604/1382 934/1601/1379 973/1663/1428 974/1661/1426
f 972/1662/1427 974/1661/1426 977/1664/1429 975/1665/1430
f 974/1661/1426 973/1663/1428 976/1666/1431 977/1664/1429
f 975/1665/1430 977/1664/1429 887/1525/1318 882/1524/1317
f 976/1666/1431 991/1667/1432 887/1668/1318 977/1664/1429
f 981/1669/1433 982/1670/1434 980/1671/1435 1002/1672/1436
f 882/1524/1317 979/1673/1321 980/1674/1435 975/1665/1430
f 879/1523/1287 818/1675/1296 979/1673/1321 882/1524/1317
f 975/1665/1430 980/1674/1435 982/1676/1434 972/1662/1427
f 932/1608/1374 931/1605/1383 972/1662/1427 982/1676/1434
f 938/1611/1378 935/1610/1386 985/1677/1437 987/1678/1438
f 935/1610/1386 937/1614/1388 986/1679/1439 985/1677/1437
f 937/1614/1388 933/1597/1375 981/1669/1433 986/1679/1439
f 933/1597/1375 932/1596/1374 982/1670/1434 981/1669/1433
f 934/1601/1379 938/1600/1378 987/1680/1438 973/1663/1428
f 1007/1681/1440 887/1668/1318 991/1667/1432 1008/1682/1441
f 821/1683/1291 823/1684/1288 887/1668/1318 1007/1681/1440
f 976/1666/1431 973/1663/1428 987/1680/1438 991/1667/1432
f 992/1533/1324 888/1532/1323 989/1685/1442 993/1686/1443
f 1122/1515/1310 884/1514/1309 983/1687/1444 1120/1688/1445
f 884/1514/1309 992/1533/1324 993/1686/1443 983/1687/1444
f 820/1517/1312 824/1530/1322 992/1533/1324 884/1514/1309
f 993/1686/1443 989/1685/1442 997/1689/1446 1000/1690/1447
f 1265/1691/1448 978/1692/1449 984/1693/1450 1266/1694/1451
f 1114/1695/1452 988/1696/1453 996/1697/1454 1116/1698/1455
f 983/1687/1444 993/1686/1443 1000/1690/1447 995/1699/1456
f 1259/1520/1315 990/1519/1314 998/1700/1457 1260/1701/1458
f 979/1529/1321 994/1702/1459 1002/1672/1436 980/1671/1435
f 987/1680/1438 1009/1703/1460 1008/1682/1441 991/1667/1432
f 1285/1704/1461 1274/1705/1462 1273/1706/1463 1017/1707/1464
f 999/1708/1465 1283/1709/1466 1274/1705/1462
f 1273/1706/1463 1014/1710/1467 1197/1711/1468 1269/1712/1469
f 986/1679/1439 1005/1713/1470 1006/1714/1471 985/1677/1437
f 1268/1715/1472 1008/1682/1441 1009/1703/1460 1270/1716/1473
f 880/1717/1292 821/1683/1291 1007/1681/1440 885/1718/1474
f 885/1718/1474 1007/1681/1440 1008/1682/1441 1268/1715/1472
f 985/1677/1437 1006/1714/1471 1009/1719/1460 987/1678/1438
f 1001/1720/1475 1271/1721/1476 1004/1722/1477
f 979/1529/1321 883/1528/1320 1001/1723/1475 994/1702/1459
f 1292/1724/1478 1275/1725/1479 1003/1726/1480 1126/1727/1481
f 1278/1728/1482 1277/1729/1483 1012/1730/1484 1015/1731/1485
f 1295/1732/1486 1279/1733/1487 1010/1734/1488 1256/1735/1489
f 1282/1736/1490 1281/1737/1491 1018/1738/1492 1019/1739/1493
f 1283/1709/1466 1276/1740/1494 1016/1741/1495 1014/1710/1467
f 1275/1725/1479 1278/1728/1482 1015/1731/1485 1003/1726/1480
f 1293/1742/1496 1280/1743/1497 1013/1744/1498 1194/1745/1499
f 1274/1705/1462 1283/1709/1466 1014/1710/1467 1273/1706/1463
f 1290/1746/1500 1284/1747/1501 1011/1748/1502 1118/1749/1503
f 1281/1737/1491 1285/1704/1461 1017/1707/1464 1018/1738/1492
f 1297/1750/1504 1282/1751/1490 1019/1752/1493 1198/1753/1505
f 1288/1754/1506 1286/1755/1507 1023/1756/1508 1029/1757/1509
f 1025/1758/1510 1021/1759/1511 1022/1760/1512 1027/1761/1513
f 896/1552/1339 892/1535/1326 1015/1731/1485 1012/1730/1484
f 881/1762/1294 1020/1763/1514 888/1764/1323
f 1025/1758/1510 1024/1765/1515 1020/1763/1514 1021/1759/1511
f 888/1764/1323 1020/1763/1514 1024/1765/1515 989/1766/1442
f 989/1766/1442 1024/1765/1515 1026/1767/1516 997/1768/1446
f 1024/1765/1515 1025/1758/1510 1027/1761/1513 1026/1767/1516
f 1277/1769/1483 1287/1770/1517 1028/1771/1518 1012/1772/1484
f 1287/1770/1517 1288/1754/1506 1029/1757/1509 1028/1771/1518
f 894/1548/1337 896/1550/1339 1012/1772/1484 1028/1771/1518
f 897/1538/1329 894/1548/1337 1028/1771/1518 1029/1757/1509
f 893/1539/1330 897/1538/1329 1029/1757/1509 1023/1756/1508
f 893/1539/1330 1023/1756/1508 1030/1773/1519 895/1546/1333
f 892/1535/1326 891/1534/1325 1003/1726/1480 1015/1731/1485
f 890/1543/1334 1031/1774/1520 1003/1726/1480 891/1534/1325
f 895/1542/1333 1030/1775/1519 1031/1774/1520 890/1543/1334
f 904/1551/1340 902/1549/1338 1039/1776/1521 1032/1777/1522
f 902/1549/1338 905/1541/1332 1036/1778/1523 1039/1776/1521
f 898/1544/1335 899/1537/1328 1034/1779/1524 1037/1780/1525
f 901/1540/1331 903/1547/1336 1038/1781/1526 1035/1782/1527
f 903/1545/1336 898/1544/1335 1037/1780/1525 1038/1783/1526
f 905/1541/1332 901/1540/1331 1035/1782/1527 1036/1778/1523
f 899/1537/1328 900/1536/1327 1033/1784/1528 1034/1779/1524
f 900/1536/1327 904/1553/1340 1032/1785/1522 1033/1784/1528
f 1032/1777/1522 1039/1776/1521 1047/1570/1355 1040/1572/1342
f 1039/1776/1521 1036/1778/1523 1045/1560/1347 1047/1570/1355
f 1037/1780/1525 1034/1779/1524 1044/1558/1345 1042/1565/1352
f 1035/1782/1527 1038/1781/1526 1046/1568/1351 1041/1561/1348
f 1038/1783/1526 1037/1780/1525 1042/1565/1352 1046/1564/1351
f 1036/1778/1523 1035/1782/1527 1041/1561/1348 1045/1560/1347
f 1034/1779/1524 1033/1784/1528 1043/1554/1341 1044/1558/1345
f 1033/1784/1528 1032/1785/1522 1040/1555/1342 1043/1554/1341
f 1049/1786/1529 1050/1787/1530 1058/1788/1531 1057/1789/1532
f 1055/1790/1533 1051/1791/1534 1059/1792/1535 1063/1793/1536
f 1053/1794/1537 1048/1795/1538 1056/1796/1539 1061/1797/1540
f 1051/1791/1534 1053/1798/1537 1061/1799/1540 1059/1792/1535
f 1048/1795/1538 1049/1786/1529 1057/1789/1532 1056/1796/1539
f 1052/1800/1541 1055/1790/1533 1063/1793/1536 1060/1801/1542
f 1054/1802/1543 1052/1800/1541 1060/1801/1542 1062/1803/1544
f 1050/1787/1530 1054/1804/1543 1062/1805/1544 1058/1788/1531
f 1100/1806/1545 1097/1807/1546 1070/1808/1547 1066/1809/1548
f 1101/1810/1549 1100/1806/1545 1066/1809/1548 1065/1811/1550
f 1102/1812/1551 1098/1813/1552 1067/1814/1553 1071/1815/1554
f 1103/1816/1555 1099/1817/1556 1064/1818/1557 1069/1819/1558
f 1098/1813/1552 1103/1820/1555 1069/1821/1558 1067/1814/1553
f 1099/1817/1556 1101/1810/1549 1065/1811/1550 1064/1818/1557
f 1104/1822/1559 1102/1812/1551 1071/1815/1554 1068/1823/1560
f 1097/1824/1546 1104/1822/1559 1068/1823/1560 1070/1825/1547
f 1082/1826/1561 1081/1827/1562 1079/1828/1563 1076/1829/1564
f 1083/1830/1565 1082/1826/1561 1076/1829/1564 1078/1831/1566
f 1084/1832/1567 1083/1833/1565 1078/1834/1566 1074/1835/1568
f 1085/1836/1569 1084/1832/1567 1074/1835/1568 1073/1837/1570
f 1081/1827/1562 1086/1838/1571 1075/1839/1572 1079/1828/1563
f 1088/1840/1573 1087/1841/1574 1072/1842/1575 1077/1843/1576
f 1086/1838/1571 1088/1844/1573 1077/1845/1576 1075/1839/1572
f 1087/1841/1574 1085/1836/1569 1073/1837/1570 1072/1842/1575
f 1073/1837/1570 1074/1835/1568 1078/1834/1566 1080/1846/1577
f 1073/1837/1570 1080/1846/1577 1077/1843/1576 1072/1842/1575
f 1075/1839/1572 1077/1845/1576 1080/1847/1577 1079/1828/1563
f 1076/1829/1564 1079/1828/1563 1080/1847/1577 1078/1831/1566
f 1064/1818/1557 1065/1811/1550 1085/1836/1569 1087/1841/1574
f 1067/1814/1553 1069/1821/1558 1088/1844/1573 1086/1838/1571
f 1069/1819/1558 1064/1818/1557 1087/1841/1574 1088/1840/1573
f 1071/1815/1554 1067/1814/1553 1086/1838/1571 1081/1827/1562
f 1065/1811/1550 1066/1809/1548 1084/1832/1567 1085/1836/1569
f 1066/1809/1548 1070/1808/1547 1083/1833/1565 1084/1832/1567
f 1070/1825/1547 1068/1823/1560 1082/1826/1561 1083/1830/1565
f 1068/1823/1560 1071/1815/1554 1081/1827/1562 1082/1826/1561
f 1062/1803/1544 1060/1801/1542 1096/1848/1578 1089/1849/1579
f 1060/1801/1542 1063/1793/1536 1093/1850/1580 1096/1848/1578
f 1056/1796/1539 1057/1789/1532 1091/1851/1581 1094/1852/1582
f 1059/1792/1535 1061/1799/1540 1095/1853/1583 1092/1854/1584
f 1061/1797/1540 1056/1796/1539 1094/1852/1582 1095/1855/1583
f 1063/1793/1536 1059/1792/1535 1092/1854/1584 1093/1850/1580
f 1057/1789/1532 1058/1788/1531 1090/1856/1585 1091/1851/1581
f 1058/1788/1531 1062/1805/1544 1089/1857/1579 1090/1856/1585
f 1089/1849/1579 1096/1848/1578 1104/1822/1559 1097/1824/1546
f 1096/1848/1578 1093/1850/1580 1102/1812/1551 1104/1822/1559
f 1094/1852/1582 1091/1851/1581 1101/1810/1549 1099/1817/1556
f 1092/1854/1584 1095/1853/1583 1103/1820/1555 1098/1813/1552
f 1095/1855/1583 1094/1852/1582 1099/1817/1556 1103/1816/1555
f 1093/1850/1580 1092/1854/1584 1098/1813/1552 1102/1812/1551
f 1091/1851/1581 1090/1856/1585 1100/1806/1545 1101/1810/1549
f 1090/1856/1585 1089/1857/1579 1097/1807/1546 1100/1806/1545
f 945/1615/1389 943/1613/1387 1112/1632/1404 1105/1617/1391
f 943/1613/1387 946/1612/1381 1109/1633/1396 1112/1632/1404
f 939/1606/1384 940/1609/1377 1107/1630/1394 1110/1627/1401
f 942/1602/1380 944/1607/1385 1111/1626/1400 1108/1623/1397
f 944/1607/1385 939/1606/1384 1110/1627/1401 1111/1626/1400
f 946/1603/1381 942/1602/1380 1108/1623/1397 1109/1622/1396
f 940/1599/1377 941/1598/1376 1106/1616/1390 1107/1620/1394
f 941/1598/1376 945/1615/1389 1105/1617/1391 1106/1616/1390
f 1286/1755/1507 1289/1858/1586 1117/1859/1587 1023/1756/1508
f 1289/1858/1586 1290/1746/1500 1118/1749/1503 1117/1859/1587
f 1021/1759/1511 1113/1860/1588 1115/1861/1589 1022/1760/1512
f 1113/1860/1588 1114/1695/1452 1116/1698/1455 1115/1861/1589
f 1020/1763/1514 886/1862/1590 1113/1860/1588 1021/1759/1511
f 881/1762/1294 822/1863/1284 886/1862/1590 1020/1763/1514
f 1055/1790/1533 1052/1800/1541 1117/1859/1587 1118/1749/1503
f 1051/1791/1534 1055/1790/1533 1118/1749/1503 1011/1748/1502
f 1296/1864/1591 1291/1865/1592 1125/1866/1593 1272/1867/1594
f 1291/1865/1592 1292/1724/1478 1126/1727/1481 1125/1866/1593
f 983/1687/1444 995/1699/1456 1124/1868/1595 1120/1688/1445
f 1120/1688/1445 1124/1868/1595 1123/1869/1596 1119/1870/1597
f 883/1871/1320 1121/1516/1311 1119/1870/1597 1001/1720/1475
f 1121/1516/1311 1122/1515/1310 1120/1688/1445 1119/1870/1597
f 819/1872/1319 820/1517/1312 1121/1516/1311 883/1871/1320
f 1054/1802/1543 1127/1873/1598 1117/1859/1587 1052/1800/1541
f 1023/1756/1508 1117/1859/1587 1127/1873/1598 1030/1773/1519
f 1050/1787/1530 1128/1874/1599 1127/1875/1598 1054/1804/1543
f 1030/1775/1519 1127/1875/1598 1128/1874/1599 1031/1774/1520
f 1126/1727/1481 1003/1726/1480 1031/1774/1520 1128/1874/1599
f 1126/1727/1481 1128/1874/1599 1129/1876/1600 1125/1866/1593
f 1050/1787/1530 1049/1786/1529 1129/1876/1600 1128/1874/1599
f 952/1629/1403 947/1628/1402 1130/1877/1601 1132/1878/1602
f 970/1651/1419 971/1650/1418 1135/1659/1424 1134/1879/1603
f 950/1624/1398 952/1629/1403 1132/1878/1602 1131/1660/1425
f 947/1628/1402 970/1651/1419 1134/1879/1603 1130/1877/1601
f 1131/1660/1425 1132/1878/1602 1135/1659/1424 1133/1658/1423
f 1132/1878/1602 1130/1877/1601 1134/1879/1603 1135/1659/1424
f 1138/1880/1604 1139/1881/1605 1147/1882/1606 1146/1883/1607
f 1144/1884/1608 1140/1885/1609 1148/1886/1610 1152/1887/1611
f 1142/1888/1612 1137/1889/1613 1145/1890/1614 1150/1891/1615
f 1140/1885/1609 1142/1892/1612 1150/1893/1615 1148/1886/1610
f 1137/1889/1613 1138/1880/1604 1146/1883/1607 1145/1890/1614
f 1141/1894/1616 1144/1884/1608 1152/1887/1611 1149/1895/1617
f 1143/1896/1618 1141/1894/1616 1149/1895/1617 1151/1897/1619
f 1139/1881/1605 1143/1898/1618 1151/1899/1619 1147/1882/1606
f 1189/1900/1545 1186/1901/1546 1159/1902/1547 1155/1903/1548
f 1190/1904/1549 1189/1900/1545 1155/1903/1548 1154/1905/1550
f 1191/1906/1551 1187/1907/1552 1156/1908/1553 1160/1909/1554
f 1192/1910/1555 1188/1911/1620 1153/1912/1557 1158/1913/1558
f 1187/1907/1552 1192/1914/1555 1158/1915/1558 1156/1908/1553
f 1188/1911/1620 1190/1904/1549 1154/1905/1550 1153/1912/1557
f 1193/1916/1559 1191/1906/1551 1160/1909/1554 1157/1917/1560
f 1186/1918/1546 1193/1916/1559 1157/1917/1560 1159/1919/1547
f 1171/1920/1561 1170/1921/1562 1168/1922/1563 1165/1923/1564
f 1172/1924/1621 1171/1920/1561 1165/1923/1564 1167/1925/1622
f 1173/1926/1623 1172/1927/1621 1167/1928/1622 1163/1929/1568
f 1174/1930/1569 1173/1926/1623 1163/1929/1568 1162/1931/1570
f 1170/1921/1562 1175/1932/1571 1164/1933/1624 1168/1922/1563
f 1177/1934/1573 1176/1935/1625 1161/1936/1575 1166/1937/1576
f 1175/1932/1571 1177/1938/1573 1166/1939/1576 1164/1933/1624
f 1176/1935/1625 1174/1930/1569 1162/1931/1570 1161/1936/1575
f 1162/1931/1570 1163/1929/1568 1167/1928/1622 1169/1940/1577
f 1162/1931/1570 1169/1940/1577 1166/1937/1576 1161/1936/1575
f 1164/1933/1624 1166/1939/1576 1169/1941/1577 1168/1922/1563
f 1165/1923/1564 1168/1922/1563 1169/1941/1577 1167/1925/1622
f 1153/1912/1557 1154/1905/1550 1174/1930/1569 1176/1935/1625
f 1156/1908/1553 1158/1915/1558 1177/1938/1573 1175/1932/1571
f 1158/1913/1558 1153/1912/1557 1176/1935/1625 1177/1934/1573
f 1160/1909/1554 1156/1908/1553 1175/1932/1571 1170/1921/1562
f 1154/1905/1550 1155/1903/1548 1173/1926/1623 1174/1930/1569
f 1155/1903/1548 1159/1902/1547 1172/1927/1621 1173/1926/1623
f 1159/1919/1547 1157/1917/1560 1171/1920/1561 1172/1924/1621
f 1157/1917/1560 1160/1909/1554 1170/1921/1562 1171/1920/1561
f 1151/1897/1619 1149/1895/1617 1185/1942/1578 1178/1943/1579
f 1149/1895/1617 1152/1887/1611 1182/1944/1580 1185/1942/1578
f 1145/1890/1614 1146/1883/1607 1180/1945/1581 1183/1946/1582
f 1148/1886/1610 1150/1893/1615 1184/1947/1583 1181/1948/1584
f 1150/1891/1615 1145/1890/1614 1183/1946/1582 1184/1949/1583
f 1152/1887/1611 1148/1886/1610 1181/1948/1584 1182/1944/1580
f 1146/1883/1607 1147/1882/1606 1179/1950/1585 1180/1945/1581
f 1147/1882/1606 1151/1899/1619 1178/1951/1579 1179/1950/1585
f 1178/1943/1579 1185/1942/1578 1193/1916/1559 1186/1918/1546
f 1185/1942/1578 1182/1944/1580 1191/1906/1551 1193/1916/1559
f 1183/1946/1582 1180/1945/1581 1190/1904/1549 1188/1911/1620
f 1181/1948/1584 1184/1947/1583 1192/1914/1555 1187/1907/1552
f 1184/1949/1583 1183/1946/1582 1188/1911/1620 1192/1910/1555
f 1182/1944/1580 1181/1948/1584 1187/1907/1552 1191/1906/1551
f 1180/1945/1581 1179/1950/1585 1189/1900/1545 1190/1904/1549
f 1179/1950/1585 1178/1951/1579 1186/1901/1546 1189/1900/1545
f 1144/1884/1608 1141/1894/1616 1194/1745/1499 1013/1744/1498
f 1140/1885/1609 1144/1884/1608 1013/1744/1498 1136/1952/1626
f 1143/1896/1618 1195/1953/1627 1194/1745/1499 1141/1894/1616
f 1139/1881/1605 1196/1954/1628 1195/1955/1627 1143/1898/1618
f 1139/1881/1605 1138/1880/1604 1197/1711/1468 1196/1954/1628
f 1200/1956/1629 1201/1957/1630 1209/1958/1631 1208/1959/1632
f 1206/1960/1633 1202/1961/1634 1210/1962/1635 1214/1963/1636
f 1204/1964/1637 1199/1965/1638 1207/1966/1639 1212/1967/1640
f 1202/1961/1634 1204/1968/1637 1212/1969/1640 1210/1962/1635
f 1199/1965/1638 1200/1956/1629 1208/1959/1632 1207/1966/1639
f 1203/1970/1641 1206/1960/1633 1214/1963/1636 1211/1971/1642
f 1205/1972/1643 1203/1970/1641 1211/1971/1642 1213/1973/1644
f 1201/1957/1630 1205/1974/1643 1213/1975/1644 1209/1958/1631
f 1251/1976/1645 1248/1977/1646 1221/1978/1647 1217/1979/1648
f 1252/1980/1649 1251/1976/1645 1217/1979/1648 1216/1981/1650
f 1253/1982/1651 1249/1983/1652 1218/1984/1653 1222/1985/1654
f 1254/1986/1655 1250/1987/1656 1215/1988/1657 1220/1989/1658
f 1249/1983/1652 1254/1990/1655 1220/1991/1658 1218/1984/1653
f 1250/1987/1656 1252/1980/1649 1216/1981/1650 1215/1988/1657
f 1255/1992/1659 1253/1982/1651 1222/1985/1654 1219/1993/1660
f 1248/1994/1646 1255/1992/1659 1219/1993/1660 1221/1995/1647
f 1233/1996/1661 1232/1997/1662 1230/1998/1663 1227/1999/1664
f 1234/2000/1665 1233/1996/1661 1227/1999/1664 1229/2001/1666
f 1235/2002/1667 1234/2003/1665 1229/2004/1666 1225/2005/1668
f 1236/2006/1669 1235/2002/1667 1225/2005/1668 1224/2007/1670
f 1232/1997/1662 1237/2008/1671 1226/2009/1672 1230/1998/1663
f 1239/2010/1673 1238/2011/1674 1223/2012/1675 1228/2013/1676
f 1237/2008/1671 1239/2014/1673 1228/2015/1676 1226/2009/1672
f 1238/2011/1674 1236/2006/1669 1224/2007/1670 1223/2012/1675
f 1224/2007/1670 1225/2005/1668 1229/2004/1666 1231/2016/1677
f 1224/2007/1670 1231/2016/1677 1228/2013/1676 1223/2012/1675
f 1226/2009/1672 1228/2015/1676 1231/2017/1677 1230/1998/1663
f 1227/1999/1664 1230/1998/1663 1231/2017/1677 1229/2001/1666
f 1215/1988/1657 1216/1981/1650 1236/2006/1669 1238/2011/1674
f 1218/1984/1653 1220/1991/1658 1239/2014/1673 1237/2008/1671
f 1220/1989/1658 1215/1988/1657 1238/2011/1674 1239/2010/1673
f 1222/1985/1654 1218/1984/1653 1237/2008/1671 1232/1997/1662
f 1216/1981/1650 1217/1979/1648 1235/2002/1667 1236/2006/1669
f 1217/1979/1648 1221/1978/1647 1234/2003/1665 1235/2002/1667
f 1221/1995/1647 1219/1993/1660 1233/1996/1661 1234/2000/1665
f 1219/1993/1660 1222/1985/1654 1232/1997/1662 1233/1996/1661
f 1213/1973/1644 1211/1971/1642 1247/2018/1678 1240/2019/1679
f 1211/1971/1642 1214/1963/1636 1244/2020/1680 1247/2018/1678
f 1207/1966/1639 1208/1959/1632 1242/2021/1681 1245/2022/1682
f 1210/1962/1635 1212/1969/1640 1246/2023/1683 1243/2024/1684
f 1212/1967/1640 1207/1966/1639 1245/2022/1682 1246/2025/1683
f 1214/1963/1636 1210/1962/1635 1243/2024/1684 1244/2020/1680
f 1208/1959/1632 1209/1958/1631 1241/2026/1685 1242/2021/1681
f 1209/1958/1631 1213/1975/1644 1240/2027/1679 1241/2026/1685
f 1240/2019/1679 1247/2018/1678 1255/1992/1659 1248/1994/1646
f 1247/2018/1678 1244/2020/1680 1253/1982/1651 1255/1992/1659
f 1245/2022/1682 1242/2021/1681 1252/1980/1649 1250/1987/1656
f 1243/2024/1684 1246/2023/1683 1254/1990/1655 1249/1983/1652
f 1246/2025/1683 1245/2022/1682 1250/1987/1656 1254/1986/1655
f 1244/2020/1680 1243/2024/1684 1249/1983/1652 1253/1982/1651
f 1242/2021/1681 1241/2026/1685 1251/1976/1645 1252/1980/1649
f 1241/2026/1685 1240/2027/1679 1248/1977/1646 1251/1976/1645
f 1206/1960/1633 1203/1970/1641 1256/1735/1489 1010/1734/1488
f 1202/1961/1634 1206/1960/1633 1010/1734/1488 1198/1753/1505
f 1205/1972/1643 1257/2028/1686 1256/1735/1489 1203/1970/1641
f 1201/1957/1630 1258/2029/1687 1257/2030/1686 1205/1974/1643
f 1201/1957/1630 1200/1956/1629 1017/1707/1464 1258/2029/1687
f 1284/1747/1501 1293/1742/1496 1194/1745/1499 1011/1748/1502
f 988/1696/1453 1259/1520/1315 1260/1701/1458 996/1697/1454
f 886/1862/1590 889/1521/1316 1259/1520/1315 988/1696/1453
f 822/1863/1284 825/2031/1283 889/1521/1316 886/1862/1590
f 1051/1791/1534 1011/1748/1502 1261/2032/1688 1053/1798/1537
f 1011/1748/1502 1194/1745/1499 1195/1953/1627 1261/2032/1688
f 1048/1795/1538 1263/2033/1689 1129/1876/1600 1049/1786/1529
f 1048/1795/1538 1053/1794/1537 1261/2034/1688 1263/2033/1689
f 1261/2034/1688 1195/1955/1627 1196/1954/1628 1263/2033/1689
f 1280/1743/1497 1294/2035/1690 1136/1952/1626 1013/1744/1498
f 990/1519/1314 1262/1518/1313 1264/2036/1691 998/1700/1457
f 978/1692/1449 1265/1691/1448 885/1718/1474 1268/1715/1472
f 1294/2035/1690 1295/1732/1486 1256/1735/1489 1136/1952/1626
f 1262/1518/1313 1265/1691/1448 1266/1694/1451 1264/2036/1691
f 889/1521/1316 885/1718/1474 1265/1691/1448 1262/1518/1313
f 825/2031/1283 880/1717/1292 885/1718/1474 889/1521/1316
f 1140/1885/1609 1136/1952/1626 1267/2037/1692 1142/1892/1612
f 1136/1952/1626 1256/1735/1489 1257/2028/1686 1267/2037/1692
f 1142/1888/1612 1267/2038/1692 1269/1712/1469 1137/1889/1613
f 1267/2038/1692 1257/2030/1686 1258/2029/1687 1269/1712/1469
f 1276/1740/1494 1296/1864/1591 1272/1867/1594 1016/1741/1495
f 1119/1870/1597 1123/1869/1596 1271/1721/1476 1001/1720/1475
f 1125/1866/1593 1129/1876/1600 1263/2033/1689 1272/1867/1594
f 1263/2033/1689 1196/1954/1628 1016/1741/1495 1272/1867/1594
f 1016/1741/1495 1196/1954/1628 1197/1711/1468 1014/1710/1467
f 1137/1889/1613 1269/1712/1469 1197/1711/1468 1138/1880/1604
f 1279/1733/1487 1297/1750/1504 1198/1753/1505 1010/1734/1488
f 1114/1695/1452 1113/1860/1588 886/1862/1590 988/1696/1453
f 978/1692/1449 1268/1715/1472 1270/1716/1473 984/1693/1450
f 1204/1968/1637 1202/1961/1634 1198/1753/1505 1019/1752/1493
f 1019/1739/1493 1018/1738/1492 1199/1965/1638 1204/1964/1637
f 1273/1706/1463 1269/1712/1469 1258/2029/1687 1017/1707/1464
f 1005/1713/1470 986/1679/1439 981/1669/1433 1002/1672/1436
f 1199/1965/1638 1018/1738/1492 1017/1707/1464 1200/1956/1629
f 999/1708/1465 1274/1705/1462 1285/1704/1461 1005/1713/1470
f 984/1693/1450 1270/1716/1473 1297/1750/1504 1279/1733/1487
f 1004/1722/1477 1271/1721/1476 1296/1864/1591 1276/1740/1494
f 1264/2036/1691 1266/1694/1451 1295/1732/1486 1294/2035/1690
f 998/1700/1457 1264/2036/1691 1294/2035/1690 1280/1743/1497
f 996/1697/1454 1260/1701/1458 1293/1742/1496 1284/1747/1501
f 1123/1869/1596 1124/1868/1595 1292/1724/1478 1291/1865/1592
f 1271/1721/1476 1123/1869/1596 1291/1865/1592 1296/1864/1591
f 1115/1861/1589 1116/1698/1455 1290/1746/1500 1289/1858/1586
f 1022/1760/1512 1115/1861/1589 1289/1858/1586 1286/1755/1507
f 1026/1767/1516 1027/1761/1513 1288/1754/1506 1287/1770/1517
f 997/1768/1446 1026/1767/1516 1287/1770/1517 1277/1769/1483
f 1027/1761/1513 1022/1760/1512 1286/1755/1507 1288/1754/1506
f 1270/1716/1473 1009/1703/1460 1282/1751/1490 1297/1750/1504
f 1006/1714/1471 1005/1713/1470 1285/1704/1461 1281/1737/1491
f 1116/1698/1455 996/1697/1454 1284/1747/1501 1290/1746/1500
f 1004/1722/1477 999/1708/1465 1005/1713/1470 1002/1672/1436
f 1260/1701/1458 998/1700/1457 1280/1743/1497 1293/1742/1496
f 995/1699/1456 1000/1690/1447 1278/1728/1482 1275/1725/1479
f 999/1708/1465 1004/1722/1477 1276/1740/1494 1283/1709/1466
f 1009/1719/1460 1006/1714/1471 1281/1737/1491 1282/1736/1490
f 1266/1694/1451 984/1693/1450 1279/1733/1487 1295/1732/1486
f 1000/1690/1447 997/1689/1446 1277/1729/1483 1278/1728/1482
f 1124/1868/1595 995/1699/1456 1275/1725/1479 1292/1724/1478
f 1002/1672/1436 994/1702/1459 1001/1723/1475 1004/1722/1477
f 3951/2039/1693 3946/2040/1694 1559/2041/1695 1564/2042/1696
f 3947/2043/1697 3951/2039/1693 1564/2042/1696 1563/2044/1698
f 1579/2045/1699 1574/2046/1700 1571/2047/1701 1580/2048/1702
f 1575/2049/1703 1579/2045/1699 1580/2048/1702 1578/2050/1704
f 1588/2051/1705 1585/2052/1706 3973/2053/1707 1586/2054/1708
f 1585/2052/1706 1589/2055/1709 3982/2056/1710 3973/2053/1707
f 1607/2057/1711 1602/2058/1712 1599/2059/1713 1608/2060/1714
f 1603/2061/1715 1607/2057/1711 1608/2060/1714 1606/2062/1716
f 1639/2063/1717 1634/2064/1718 1631/2065/1719 1640/2066/1720
f 1635/2067/1721 1639/2063/1717 1640/2066/1720 1638/2068/1722
f 1812/2069/1723 1805/2070/1724 2026/2071/1725 2033/2072/1726
f 1708/2073/1727 1701/2074/1728 1923/2075/1729 1930/2076/1730
f 1781/2077/1731 1794/2078/1732 2015/2079/1733 2003/2080/1734
f 1815/2081/1735 1817/2082/1736 2038/2083/1737 2036/2084/1738
f 1692/2085/1739 1707/2086/1740 1929/2087/1741 1914/2088/1742
f 1816/2089/1743 1820/2090/1744 2041/2091/1745 2037/2092/1746
f 1711/2093/1747 1715/2094/1748 1937/2095/1749 1933/2096/1750
f 1813/2097/1751 1818/2098/1752 2039/2099/1753 2034/2100/1754
f 1703/2101/1755 1713/2102/1756 1935/2103/1757 1925/2104/1758
f 1817/2082/1736 1816/2089/1743 2037/2092/1746 2038/2083/1737
f 1712/2105/1759 1711/2093/1747 1933/2096/1750 1934/2106/1760
f 1818/2098/1752 1815/2081/1735 2036/2084/1738 2039/2099/1753
f 1713/2102/1756 1710/2107/1761 1932/2108/1762 1935/2103/1757
f 1819/2109/1763 1813/2097/1751 2034/2100/1754 2040/2110/1764
f 1714/2111/1765 1703/2101/1755 1925/2104/1758 1936/2112/1766
f 1820/2090/1744 1814/2113/1767 2035/2114/1768 2041/2091/1745
f 1715/2094/1748 1709/2115/1769 1931/2116/1770 1937/2095/1749
f 1805/2070/1724 1819/2109/1763 2040/2110/1764 2026/2071/1725
f 1718/2117/1771 1720/2118/1772 1942/2119/1773 1940/2120/1774
f 1797/2121/1775 1811/2122/1776 2032/2123/1777 2018/2124/1778
f 1719/2125/1779 1723/2126/1780 1945/2127/1781 1941/2128/1782
f 1854/2129/1783 1856/2130/1784 2077/2131/1785 2075/2132/1786
f 1716/2133/1787 1721/2134/1788 1943/2135/1789 1938/2136/1790
f 1824/2137/1791 1828/2138/1792 2049/2139/1793 2045/2140/1794
f 1720/2118/1772 1719/2125/1779 1941/2128/1782 1942/2119/1773
f 1807/2141/1795 1826/2142/1796 2047/2143/1797 2028/2144/1798
f 1721/2134/1788 1718/2117/1771 1940/2120/1774 1943/2135/1789
f 1825/2145/1799 1824/2137/1791 2045/2140/1794 2046/2146/1800
f 1722/2147/1801 1716/2133/1787 1938/2136/1790 1944/2148/1802
f 1826/2142/1796 1822/2149/1803 2043/2150/1804 2047/2143/1797
f 1723/2126/1780 1717/2151/1805 1939/2152/1806 1945/2127/1781
f 1827/2153/1807 1807/2141/1795 2028/2144/1798 2048/2154/1808
f 1709/2115/1769 1722/2147/1801 1944/2148/1802 1931/2116/1770
f 1828/2138/1792 1821/2155/1809 2042/2156/1810 2049/2139/1793
f 1701/2074/1728 1714/2111/1765 1936/2112/1766 1923/2075/1729
f 1831/2157/1811 1834/2158/1812 2055/2159/1813 2052/2160/1814
f 1685/2161/1815 1698/2162/1816 1920/2163/1817 1887/2164/1818
f 1839/2165/1819 1841/2166/1820 2062/2167/1821 2060/2168/1822
f 1789/2169/1823 1792/2170/1824 2013/2171/1825 2011/2172/1826
f 1833/2173/1827 1837/2174/1828 2058/2175/1829 2054/2176/1830
f 1727/2177/1831 1731/2178/1832 1953/2179/1833 1949/2180/1834
f 1829/2181/1835 1835/2182/1836 2056/2183/1837 2050/2184/1838
f 1694/2185/1839 1729/2186/1840 1951/2187/1841 1916/2188/1842
f 1834/2158/1812 1833/2173/1827 2054/2176/1830 2055/2159/1813
f 1728/2189/1843 1727/2177/1831 1949/2180/1834 1950/2190/1844
f 1835/2182/1836 1831/2157/1811 2052/2160/1814 2056/2183/1837
f 1729/2186/1840 1725/2191/1845 1947/2192/1846 1951/2187/1841
f 1836/2193/1847 1829/2181/1835 2050/2184/1838 2057/2194/1848
f 1730/2195/1849 1694/2185/1839 1916/2188/1842 1952/2196/1850
f 1837/2174/1828 1830/2197/1851 2051/2198/1852 2058/2175/1829
f 1731/2178/1832 1724/2199/1853 1946/2200/1854 1953/2179/1833
f 1821/2155/1809 1836/2193/1847 2057/2194/1848 2042/2156/1810
f 1734/2201/1855 1737/2202/1856 1959/2203/1857 1956/2204/1858
f 1840/2205/1859 1844/2206/1860 2065/2207/1861 2061/2208/1862
f 1742/2209/1863 1745/2210/1864 1967/2211/1865 1964/2212/1866
f 1832/2213/1867 1842/2214/1868 2063/2215/1869 2053/2216/1870
f 1736/2217/1871 1740/2218/1872 1962/2219/1873 1958/2220/1874
f 1841/2166/1820 1840/2205/1859 2061/2208/1862 2062/2167/1821
f 1732/2221/1875 1738/2222/1876 1960/2223/1877 1954/2224/1878
f 1842/2214/1868 1839/2165/1819 2060/2168/1822 2063/2215/1869
f 1737/2202/1856 1736/2217/1871 1958/2220/1874 1959/2203/1857
f 1843/2225/1879 1832/2213/1867 2053/2216/1870 2064/2226/1880
f 1738/2222/1876 1734/2227/1855 1956/2228/1858 1960/2223/1877
f 1844/2206/1860 1838/2229/1881 2059/2230/1882 2065/2207/1861
f 1739/2231/1883 1732/2221/1875 1954/2224/1878 1961/2232/1884
f 1847/2233/1885 1849/2234/1886 2070/2235/1887 2068/2236/1888
f 1740/2218/1872 1733/2237/1889 1955/2238/1890 1962/2219/1873
f 1848/2239/1891 1852/2240/1892 2073/2241/1893 2069/2242/1894
f 1724/2199/1853 1739/2231/1883 1961/2232/1884 1946/2200/1854
f 1845/2243/1895 1850/2244/1896 2071/2245/1897 2066/2246/1898
f 1758/2247/1899 1760/2248/1900 1982/2249/1901 1980/2250/1902
f 1849/2234/1886 1848/2239/1891 2069/2242/1894 2070/2235/1887
f 1744/2251/1903 1748/2252/1904 1970/2253/1905 1966/2254/1906
f 1850/2244/1896 1847/2233/1885 2068/2236/1888 2071/2245/1897
f 1735/2255/1907 1746/2256/1908 1968/2257/1909 1957/2258/1910
f 1851/2259/1911 1845/2243/1895 2066/2246/1898 2072/2260/1912
f 1745/2210/1864 1744/2251/1903 1966/2254/1906 1967/2211/1865
f 1852/2240/1892 1846/2261/1913 2067/2262/1914 2073/2241/1893
f 1746/2256/1908 1742/2209/1863 1964/2212/1866 1968/2257/1909
f 1838/2229/1881 1851/2259/1911 2072/2260/1912 2059/2230/1882
f 1747/2263/1915 1735/2255/1907 1957/2258/1910 1969/2264/1916
f 1830/2197/1851 1843/2225/1879 2064/2226/1880 2051/2198/1852
f 1748/2252/1904 1741/2265/1917 1963/2266/1918 1970/2253/1905
f 1814/2113/1767 1827/2153/1807 2048/2154/1808 2035/2114/1768
f 1751/2267/1919 1753/2268/1920 1975/2269/1921 1973/2270/1922
f 1855/2271/1923 1859/2272/1924 2080/2273/1925 2076/2274/1926
f 1752/2275/1927 1756/2276/1928 1978/2277/1929 1974/2278/1930
f 1823/2279/1931 1857/2280/1932 2078/2281/1933 2044/2282/1934
f 1749/2283/1935 1754/2284/1936 1976/2285/1937 1971/2286/1938
f 1856/2130/1784 1855/2271/1923 2076/2274/1926 2077/2131/1785
f 1753/2268/1920 1752/2275/1927 1974/2278/1930 1975/2269/1921
f 1857/2280/1932 1854/2129/1783 2075/2132/1786 2078/2281/1933
f 1754/2284/1936 1751/2267/1919 1973/2270/1922 1976/2285/1937
f 1858/2287/1939 1823/2279/1931 2044/2282/1934 2079/2288/1940
f 1755/2289/1941 1749/2283/1935 1971/2286/1938 1977/2290/1942
f 1859/2272/1924 1853/2291/1943 2074/2292/1944 2080/2273/1925
f 1756/2276/1928 1750/2293/1945 1972/2294/1946 1978/2277/1929
f 1862/2295/1947 1865/2296/1948 2086/2297/1949 2083/2298/1950
f 1741/2265/1917 1755/2289/1941 1977/2290/1942 1963/2266/1918
f 1870/2299/1951 1873/2300/1952 2093/2301/1953 2091/2302/1954
f 1733/2237/1889 1747/2263/1915 1969/2264/1916 1955/2238/1890
f 1864/2303/1955 1868/2304/1956 2089/2305/1957 2085/2306/1958
f 1759/2307/1959 1763/2308/1960 1985/2309/1961 1981/2310/1962
f 1860/2311/1963 1866/2312/1964 2087/2313/1965 2081/2314/1966
f 1743/2315/1967 1761/2316/1968 1983/2317/1969 1965/2318/1970
f 1865/2296/1948 1864/2303/1955 2085/2306/1958 2086/2297/1949
f 1760/2248/1900 1759/2307/1959 1981/2310/1962 1982/2249/1901
f 1866/2312/1964 1862/2295/1947 2083/2298/1950 2087/2313/1965
f 1761/2316/1968 1758/2247/1899 1980/2250/1902 1983/2317/1969
f 1867/2319/1971 1860/2311/1963 2081/2314/1966 2088/2320/1972
f 1762/2321/1973 1743/2315/1967 1965/2318/1970 1984/2322/1974
f 1868/2304/1956 1861/2323/1975 2082/2324/1976 2089/2305/1957
f 1763/2308/1960 1757/2325/1977 1979/2326/1978 1985/2309/1961
f 1853/2291/1943 1867/2319/1971 2088/2320/1972 2074/2292/1944
f 1766/2327/1979 1769/2328/1980 1991/2329/1981 1988/2330/1982
f 1774/2331/1983 1776/2332/1984 1998/2333/1985 1996/2334/1986
f 1662/2335/1987 1664/2336/1988 1908/2337/1989 1910/2338/1990
f 1872/2339/1991 1876/2340/1992 2096/2341/1993 2092/2342/1994
f 1768/2343/1995 1772/2344/1996 1994/2345/1997 1990/2346/1998
f 4061/2347/1999 1665/2348/2000 1907/2349/2001 4311/2350/1999
f 1863/2351/2002 1874/2352/2003 2094/2353/2004 2084/2354/2005
f 1764/2355/2006 1770/2356/2007 1992/2357/2008 1986/2358/2009
f 1663/2359/2010 1666/2360/2011 1906/2361/2012 1909/2362/2013
f 1873/2300/1952 1872/2339/1991 2092/2342/1994 2093/2301/1953
f 1769/2328/1980 1768/2343/1995 1990/2346/1998 1991/2329/1981
f 1660/2363/2014 4064/2364/2015 4308/2365/2016 1912/2366/2017
f 1874/2352/2003 1870/2299/1951 2091/2302/1954 2094/2353/2004
f 1770/2356/2007 1766/2327/1979 1988/2330/1982 1992/2357/2008
f 1664/2336/1988 1663/2359/2010 1909/2362/2013 1908/2337/1989
f 1875/2367/2018 1863/2351/2002 2084/2354/2005 2095/2368/2019
f 1771/2369/2020 1764/2355/2006 1986/2358/2009 1993/2370/2021
f 4064/2364/2015 1662/2335/1987 1910/2338/1990 4308/2365/2016
f 1876/2340/1992 1869/2371/2022 2090/2372/2023 2096/2341/1993
f 1772/2344/1996 1765/2373/2024 1987/2374/2025 1994/2345/1997
f 1665/2348/2000 1660/2363/2014 1912/2366/2017 1907/2349/2001
f 1879/2375/2026 1881/2376/2027 4503/2377/2028 2098/2378/2029
f 1757/2325/1977 1771/2369/2020 1993/2370/2021 1979/2326/1978
f 1666/2360/2011 1661/2379/2030 1911/2380/2031 1906/2361/2012
f 1880/2381/2032 1884/2382/2033 2102/2383/2034 2099/2384/2035
f 1775/2385/2036 1779/2386/2037 2001/2387/2038 1997/2388/2039
f 1669/2389/2040 1672/2390/2041 1900/2391/2042 1903/2392/2043
f 1877/2393/2044 1882/2394/2045 2100/2395/2046 2097/2396/2047
f 1767/2397/2048 1777/2398/2049 1999/2399/2050 1989/2400/2051
f 1677/2401/2052 1680/2402/2053 1892/2403/2054 1899/2404/2055
f 1881/2376/2027 1880/2381/2032 2099/2384/2035 4503/2377/2028
f 1776/2332/1984 1775/2385/2036 1997/2388/2039 1998/2333/1985
f 1671/2405/2056 1675/2406/2057 1895/2407/2058 1901/2408/2059
f 1882/2394/2045 1879/2375/2026 2098/2378/2029 2100/2395/2046
f 1777/2398/2049 1774/2331/1983 1996/2334/1986 1999/2399/2050
f 1667/2409/2060 1673/2410/2061 1897/2411/2062 1905/2412/2063
f 1883/2413/2064 1877/2393/2044 2097/2396/2047 2101/2414/2065
f 1778/2415/2066 1767/2397/2048 1989/2400/2051 2000/2416/2067
f 1672/2390/2041 1671/2405/2056 1901/2408/2059 1900/2391/2042
f 1779/2386/2037 1773/2417/2068 1995/2418/2069 2001/2387/2038
f 1673/2410/2061 1669/2389/2040 1903/2392/2043 1897/2411/2062
f 1869/2371/2022 1883/2413/2064 2101/2414/2065 2090/2372/2023
f 1782/2419/2070 1784/2420/2071 2006/2421/2072 2004/2422/2073
f 1674/2423/2074 1667/2409/2060 1905/2412/2063 1896/2424/2075
f 1861/2323/1975 1875/2367/2018 2095/2368/2019 2082/2324/1976
f 1783/2425/2076 1787/2426/2077 2009/2427/2078 2005/2428/2079
f 1675/2406/2057 1668/2429/2080 1904/2430/2081 1895/2407/2058
f 1780/2431/2082 1785/2432/2083 2007/2433/2084 2002/2434/2085
f 1661/2379/2030 1674/2423/2074 1896/2424/2075 1911/2380/2031
f 1784/2420/2071 1783/2425/2076 2005/2428/2079 2006/2421/2072
f 1693/2435/2086 1696/2436/2087 1918/2437/2088 1915/2438/2089
f 1785/2432/2083 1782/2419/2070 2004/2422/2073 2007/2433/2084
f 1679/2439/2090 1683/2440/2091 1889/2441/2092 1894/2442/2093
f 1786/2443/2094 1780/2431/2082 2002/2434/2085 2008/2444/2095
f 1670/2445/2096 1681/2446/2097 1891/2447/2098 1902/2448/2099
f 1787/2426/2077 1781/2077/1731 2003/2080/1734 2009/2427/2078
f 1680/2402/2053 1679/2439/2090 1894/2442/2093 1892/2403/2054
f 1773/2449/2068 1786/2443/2094 2008/2444/2095 1995/2450/2069
f 1681/2446/2097 1677/2401/2052 1899/2404/2055 1891/2447/2098
f 1765/2373/2024 1778/2415/2066 2000/2416/2067 1987/2374/2025
f 1682/2451/2100 1670/2445/2096 1902/2448/2099 1890/2452/2101
f 1750/2293/1945 1762/2321/1973 1984/2322/1974 1972/2294/1946
f 1683/2440/2091 1676/2453/2102 1893/2454/2103 1889/2441/2092
f 1717/2151/1805 1730/2195/1849 1952/2196/1850 1939/2152/1806
f 1686/2455/2104 1688/2456/2105 1878/2457/2106 1886/2458/2107
f 1687/2459/2108 1691/2460/2109 1913/2461/2110 1885/2462/2111
f 1791/2463/2112 1795/2464/2113 2016/2465/2114 2012/2466/2115
f 1684/2467/2116 1689/2468/2117 1871/2469/2118 1888/2470/2119
f 1726/2471/2120 1793/2472/2121 2014/2473/2122 1948/2474/2123
f 1688/2456/2105 1687/2459/2108 1885/2462/2111 1878/2457/2106
f 1792/2170/1824 1791/2463/2112 2012/2466/2115 2013/2171/1825
f 1689/2468/2117 1686/2455/2104 1886/2458/2107 1871/2469/2118
f 1793/2472/2121 1789/2169/1823 2011/2172/1826 2014/2473/2122
f 1690/2475/2124 1684/2467/2116 1888/2470/2119 1790/2476/2125
f 1794/2078/1732 1726/2471/2120 1948/2474/2123 2015/2079/1733
f 1691/2460/2109 1685/2161/1815 1887/2164/1818 1913/2461/2110
f 1795/2464/2113 1788/2477/2126 2010/2478/2127 2016/2465/2114
f 1676/2453/2102 1690/2475/2124 1790/2476/2125 1893/2454/2103
f 1798/2479/2128 1801/2480/2129 2022/2481/2130 2019/2482/2131
f 1668/2429/2080 1682/2451/2100 1890/2452/2101 1904/2430/2081
f 1806/2483/2132 1809/2484/2133 2030/2485/2134 2027/2486/2135
f 1725/2191/1845 1728/2189/1843 1950/2190/1844 1947/2192/1846
f 1800/2487/2136 1804/2488/2137 2025/2489/2138 2021/2490/2139
f 1695/2491/2140 1699/2492/2141 1921/2493/2142 1917/2494/2143
f 1796/2495/2144 1802/2496/2145 2023/2497/2146 2017/2498/2147
f 1678/2499/2148 1697/2500/2149 1919/2501/2150 1898/2502/2151
f 1801/2480/2129 1800/2487/2136 2021/2490/2139 2022/2481/2130
f 1696/2436/2087 1695/2491/2140 1917/2494/2143 1918/2437/2088
f 1802/2496/2145 1798/2479/2128 2019/2482/2131 2023/2497/2146
f 1697/2500/2149 1693/2435/2086 1915/2438/2089 1919/2501/2150
f 1884/2382/2033 4315/2503/2152 4507/2504/2152 2102/2383/2034
f 1803/2505/2153 1796/2495/2144 2017/2498/2147 2024/2506/2154
f 1698/2162/1816 1678/2499/2148 1898/2502/2151 1920/2163/1817
f 1804/2488/2137 1797/2121/1775 2018/2124/1778 2025/2489/2138
f 1699/2492/2141 1692/2085/1739 1914/2088/1742 1921/2493/2142
f 1788/2477/2126 1803/2505/2153 2024/2506/2154 2010/2478/2127
f 1702/2507/2155 1705/2508/2156 1927/2509/2157 1924/2510/2158
f 1822/2511/1803 1825/2145/1799 2046/2146/1800 2043/2512/1804
f 1710/2107/1761 1712/2105/1759 1934/2106/1760 1932/2108/1762
f 1808/2513/2159 1812/2069/1723 2033/2072/1726 2029/2514/2160
f 1704/2515/2161 1708/2073/1727 1930/2076/1730 1926/2516/2162
f 1799/2517/2163 1810/2518/2164 2031/2519/2165 2020/2520/2166
f 1700/2521/2167 1706/2522/2168 1928/2523/2169 1922/2524/2170
f 1809/2484/2133 1808/2513/2159 2029/2514/2160 2030/2485/2134
f 1705/2508/2156 1704/2515/2161 1926/2516/2162 1927/2509/2157
f 1810/2518/2164 1806/2483/2132 2027/2486/2135 2031/2519/2165
f 1706/2522/2168 1702/2507/2155 1924/2510/2158 1928/2523/2169
f 1811/2122/1776 1799/2517/2163 2020/2520/2166 2032/2123/1777
f 1707/2086/1740 1700/2521/2167 1922/2524/2170 1929/2087/1741
f 1846/2261/1913 1858/2287/1939 2079/2288/1940 2067/2262/1914
f 2110/2525/2171 2111/2526/2172 2118/2527/2173
f 2112/2528/2174 2107/2529/2175 2120/1474/1281
f 2106/2530/2176 2109/2531/2177 2116/1483/1290
f 2120/1474/1281 2107/2529/2175 2105/1482/1289 2115/1475/1282
f 2119/2532/2178 2104/1486/1293 881/1487/1294 824/2533/1322
f 2118/2527/2173 2119/2532/2178 824/2533/1322 820/2534/1312
f 2121/1488/1295 2114/2535/2179 819/2536/1319 818/1489/1296
f 849/1500/1305 848/1502/1307 2111/2526/2172 2110/2525/2171
f 844/1501/1306 849/1500/1305 2110/2525/2171 2108/2537/2180
f 846/1499/1304 850/1497/1302 2106/2530/2176 2107/2529/2175
f 850/1497/1302 851/1496/1301 2109/2531/2177 2106/2530/2176
f 851/1496/1301 845/1498/1303 2113/2538/2181 2109/2531/2177
f 845/1498/1303 844/1504/1306 2108/2539/2180 2113/2538/2181
f 847/1503/1308 846/1499/1304 2107/2529/2175 2112/2528/2174
f 848/1502/1307 847/1503/1308 2112/2528/2174 2111/2526/2172
f 2118/2527/2173 2111/2526/2172 2104/1486/1293 2119/2532/2178
f 2108/2537/2180 2110/2525/2171 2118/2527/2173 2114/2540/2179
f 2107/2529/2175 2106/2530/2176 2116/1483/1290 2105/1482/1289
f 2116/1483/1290 2109/2531/2177 2103/1479/1286 2117/1478/1285
f 2109/2531/2177 2113/2538/2181 2121/1488/1295 2103/1479/1286
f 2113/2538/2181 2108/2539/2180 2114/2535/2179 2121/1488/1295
f 2111/2526/2172 2112/2528/2174 2120/1474/1281 2104/1486/1293
f 2114/2540/2179 2118/2527/2173 820/2534/1312 819/2541/1319
f 2198/2542/2182 2197/2543/2183 2202/2544/2184 2203/2545/2185
f 4608/2546/2186 2200/2547/2187 2206/2548/2188 4617/2549/2189
f 2199/2550/2190 2198/2542/2182 2203/2545/2185 2204/2551/2191
f 2197/2543/2183 4602/2552/2192 4611/2553/2193 2202/2544/2184
f 2200/2547/2187 2199/2550/2190 2204/2551/2191 2206/2548/2188
f 2204/2551/2191 2203/2545/2185 2210/2554/2194 2211/2555/2195
f 2206/2548/2188 2204/2551/2191 2211/2555/2195 2212/2556/2196
f 2202/2544/2184 4611/2553/2193 4620/2557/2197 2209/2558/2198
f 4617/2549/2189 2206/2548/2188 2212/2556/2196 4626/2559/2199
f 2203/2545/2185 2202/2544/2184 2209/2558/2198 2210/2554/2194
f 2211/2555/2195 2210/2554/2194 2215/2560/2200 2216/2561/2201
f 2212/2556/2196 2211/2555/2195 2216/2561/2201 2218/2562/2202
f 2209/2558/2198 4620/2557/2197 4629/2563/2203 2214/2564/2204
f 4626/2559/2199 2212/2556/2196 2218/2562/2202 4635/2565/2205
f 2210/2554/2194 2209/2558/2198 2214/2564/2204 2215/2560/2200
f 2265/2566/2206 2264/2567/2207 2223/2568/192 2224/2569/198
f 2266/2570/2208 4709/2571/2209 4638/2572/201 2221/2573/200
f 4715/2574/2210 2265/2566/2206 2224/2569/198 4644/2575/205
f 2268/2576/2211 2266/2570/2208 2221/2573/200 2222/2577/193
f 2264/2567/2207 2268/2576/2211 2222/2577/193 2223/2568/192
f 2287/2578/2212 2217/2579/232 2219/2580/233 2290/2581/2213
f 2290/2581/2213 2219/2580/233 2220/2582/230 2289/2583/2214
f 4755/2584/2215 4627/2585/228 2213/2586/229 2288/2587/2216
f 2289/2583/2214 2220/2582/230 4642/2588/231 4751/2589/2217
f 2288/2587/2216 2213/2586/229 2217/2579/232 2287/2578/2212
f 2243/2590/2218 2231/2591/2219 2232/2592/2220 2244/2593/2221
f 4663/2594/2222 4645/2595/2223 2225/2596/2224 2237/2597/2225
f 2244/2593/2221 2232/2592/2220 4660/2598/2226 4678/2599/2227
f 2237/2597/2225 2225/2596/2224 2229/2600/2228 2241/2601/2229
f 2241/2601/2229 2229/2600/2228 2231/2591/2219 2243/2590/2218
f 2255/2602/2230 2243/2590/2218 2244/2593/2221 2256/2603/2231
f 4681/2604/2232 4663/2594/2222 2237/2597/2225 2249/2605/2233
f 2256/2603/2231 2244/2593/2221 4678/2599/2227 4696/2606/2234
f 2249/2605/2233 2237/2597/2225 2241/2601/2229 2253/2607/2235
f 2253/2607/2235 2241/2601/2229 2243/2590/2218 2255/2602/2230
f 2216/2561/2201 2215/2560/2200 2268/2576/2211 2264/2567/2207
f 2261/2608/2236 2249/2605/2233 2253/2607/2235 2262/2609/2237
f 2267/2610/2238 2256/2603/2231 4696/2606/2234 4714/2611/2239
f 2215/2560/2200 2214/2564/2204 2266/2570/2208 2268/2576/2211
f 4635/2565/2205 2218/2562/2202 2265/2566/2206 4715/2574/2210
f 2262/2609/2237 2253/2607/2235 2255/2602/2230 2263/2612/2240
f 2214/2564/2204 4629/2563/2203 4709/2571/2209 2266/2570/2208
f 2218/2562/2202 2216/2561/2201 2264/2567/2207 2265/2566/2206
f 4699/2613/2241 4681/2604/2232 2249/2605/2233 2261/2608/2236
f 2263/2612/2240 2255/2602/2230 2256/2603/2231 2267/2610/2238
f 2229/2600/2228 2287/2578/2212 2290/2581/2213 2231/2591/2219
f 2231/2591/2219 2290/2581/2213 2289/2583/2214 2232/2592/2220
f 4645/2595/2223 4755/2584/2215 2288/2587/2216 2225/2596/2224
f 2232/2592/2220 2289/2583/2214 4751/2589/2217 4660/2598/2226
f 2225/2596/2224 2288/2587/2216 2287/2578/2212 2229/2600/2228
f 2296/2614/2242 2303/2615/2243 2300/2616/2244 2293/2617/2245
f 2293/2617/2245 2300/2616/2244 2302/2618/2246 2295/2619/2247
f 2297/2620/2248 2304/2621/2249 2303/2622/2243 2296/2623/2242
f 2643/2624/2250 2644/2625/2251 2304/2621/2249 2297/2620/2248
f 2584/2626/2252 2585/2627/2253 2301/2628/2254 2294/2629/2255
f 2304/2621/2249 2311/2630/2256 2310/2631/2257 2303/2622/2243
f 2644/2625/2251 2645/2632/2258 2311/2630/2256 2304/2621/2249
f 2585/2627/2253 2586/2633/2259 2308/2634/2260 2301/2628/2254
f 2303/2615/2243 2310/2635/2257 2307/2636/2261 2300/2616/2244
f 2300/2616/2244 2307/2636/2261 2309/2637/2262 2302/2618/2246
f 2311/2630/2256 2318/2638/2263 2317/2639/2264 2310/2631/2257
f 2645/2632/2258 2646/2640/2265 2318/2638/2263 2311/2630/2256
f 2586/2633/2259 2587/2641/2266 2315/2642/2267 2308/2634/2260
f 2310/2635/2257 2317/2643/2264 2314/2644/2268 2307/2636/2261
f 2307/2636/2261 2314/2644/2268 2316/2645/2269 2309/2637/2262
f 2318/2638/2263 2323/2646/2270 2322/2647/2271 2317/2639/2264
f 2317/2643/2264 2322/2648/2271 2320/2649/2272 2314/2644/2268
f 2314/2644/2268 2320/2649/2272 2321/2650/2273 2316/2645/2269
f 2699/2651/2274 2328/2652/2275 2327/2653/2276 2700/2654/2277
f 2701/2655/2278 2325/2656/2279 2326/2657/2280 2702/2658/2281
f 2700/2659/2277 2327/2660/2276 2325/2656/2279 2701/2655/2278
f 2328/2652/2275 2333/2661/2282 2332/2662/2283 2327/2653/2276
f 2325/2656/2279 2330/2663/2284 2331/2664/2285 2326/2657/2280
f 2327/2660/2276 2332/2665/2283 2330/2663/2284 2325/2656/2279
f 2646/2640/2265 2647/2666/2286 2336/2667/2287 2318/2638/2263
f 2587/2641/2266 2588/2668/2288 2335/2669/2289 2315/2642/2267
f 2318/2638/2263 2336/2667/2287 2337/2670/2290 2323/2646/2270
f 2699/2651/2274 2704/2671/2291 2338/2672/2292 2328/2652/2275
f 2328/2652/2275 2338/2672/2292 2339/2673/2293 2333/2661/2282
f 2630/2674/2294 2344/2675/2295 2343/2676/2296 2629/2677/2297
f 2632/2678/2298 2341/2679/2299 2342/2680/2300 2631/2681/2301
f 2633/2682/2302 2345/2683/2303 2344/2675/2295 2630/2674/2294
f 2629/2684/2297 2343/2685/2296 2341/2679/2299 2632/2678/2298
f 2344/2675/2295 2350/2686/2304 2349/2687/2305 2343/2676/2296
f 2341/2679/2299 2347/2688/2306 2348/2689/2307 2342/2680/2300
f 2345/2683/2303 2351/2690/2308 2350/2686/2304 2344/2675/2295
f 2343/2685/2296 2349/2691/2305 2347/2688/2306 2341/2679/2299
f 2351/2690/2308 2354/2692/2309 2353/2693/2310 2350/2686/2304
f 2350/2686/2304 2353/2693/2310 2352/2694/2311 2349/2687/2305
f 2354/2692/2309 2357/2695/2312 2356/2696/2313 2353/2693/2310
f 2353/2693/2310 2356/2696/2313 2355/2697/2314 2352/2694/2311
f 2357/2695/2312 2360/2698/2315 2359/2699/2316 2356/2696/2313
f 2356/2696/2313 2359/2699/2316 2358/2700/2317 2355/2697/2314
f 2437/2701/2318 2363/593/541 2362/592/540 2436/2702/2319
f 2436/2702/2319 2362/592/540 2361/594/542
f 2342/2680/2300 2348/2689/2307 2372/2703/2320 2371/2704/2321
f 2631/2681/2301 2342/2680/2300 2371/2704/2321 2468/2705/2322
f 2326/2657/2280 2331/2664/2285 2370/2706/2323 2369/2707/2324
f 2702/2658/2281 2326/2657/2280 2369/2707/2324 2705/2708/2325
f 2316/2645/2269 2321/2650/2273 2368/2709/2326 2367/2710/2327
f 2309/2637/2262 2316/2645/2269 2367/2710/2327 2366/2711/2328
f 2302/2618/2246 2309/2637/2262 2366/2711/2328 2365/2712/2329
f 2295/2619/2247 2302/2618/2246 2365/2712/2329 2364/2713/2330
f 2476/2714/2331 2477/2715/2332 2373/2716/2333 2358/2700/2317
f 2470/2717/2334 2376/2718/2335 2373/2716/2333 2477/2715/2332
f 2469/2719/2336 2372/2703/2320 2376/2718/2335 2470/2717/2334
f 2372/2703/2320 2383/2720/2337 2385/2721/2338 2376/2718/2335
f 2355/2697/2314 2381/2722/2339 2380/2723/2340 2352/2694/2311
f 2348/2689/2307 2378/2724/2341 2383/2720/2337 2372/2703/2320
f 2376/2718/2335 2385/2721/2338 2384/2725/2342 2373/2716/2333
f 2347/2688/2306 2377/2726/2343 2378/2724/2341 2348/2689/2307
f 2358/2700/2317 2382/2727/2344 2381/2722/2339 2355/2697/2314
f 2352/2694/2311 2380/2723/2340 2379/2728/2345 2349/2687/2305
f 2373/2716/2333 2384/2725/2342 2382/2727/2344 2358/2700/2317
f 2349/2691/2305 2379/2729/2345 2377/2726/2343 2347/2688/2306
f 2382/2727/2344 2391/2730/2346 2390/2731/2347 2381/2722/2339
f 2379/2729/2345 2388/2732/2348 2386/2733/2349 2377/2726/2343
f 2384/2725/2342 2393/2734/2350 2391/2730/2346 2382/2727/2344
f 2380/2723/2340 2389/2735/2351 2388/2736/2348 2379/2728/2345
f 2378/2724/2341 2387/2737/2352 2392/2738/2353 2383/2720/2337
f 2385/2721/2338 2394/2739/2354 2393/2734/2350 2384/2725/2342
f 2381/2722/2339 2390/2731/2347 2389/2735/2351 2380/2723/2340
f 2377/2726/2343 2386/2733/2349 2387/2737/2352 2378/2724/2341
f 2383/2720/2337 2392/2738/2353 2394/2739/2354 2385/2721/2338
f 2656/2740/2355 2404/2741/2356 2405/2742/2357 2655/2743/2358
f 2658/2744/2359 2397/2745/2360 2398/2746/2361 2657/2747/2362
f 2660/2748/2363 2402/2749/2364 2403/2750/2365 2659/2751/2366
f 2713/2752/2367 2706/2753/2368 2399/2754/2369 2661/2755/2370
f 2670/2756/2371 2634/2757/2372 2401/2758/2373 2662/2759/2374
f 2667/2760/2375 2438/2761/2376 2406/654/600 2664/653/599
f 2669/2762/2377 2589/2763/2378 2396/2764/2379 2665/2765/2380
f 2659/2751/2366 2403/2750/2365 2404/2741/2356 2656/2740/2355
f 2662/2759/2374 2401/2758/2373 2402/2749/2364 2660/2748/2363
f 2661/2755/2370 2399/2754/2369 2400/2766/2381 2663/2767/2382
f 2671/2768/2383 2648/2769/2384 2397/2745/2360 2658/2744/2359
f 2706/2753/2368 2707/2770/2385 2411/2771/2386 2399/2754/2369
f 2438/2761/2376 2439/2772/2387 2418/666/612 2406/654/600
f 2589/2763/2378 2590/2773/2388 2408/2774/2389 2396/2764/2379
f 2402/2749/2364 2414/2775/2390 2415/2776/2391 2403/2750/2365
f 2399/2754/2369 2411/2771/2386 2412/2777/2392 2400/2766/2381
f 2648/2769/2384 2649/2778/2393 2409/2779/2394 2397/2745/2360
f 2403/2750/2365 2415/2776/2391 2416/2780/2395 2404/2741/2356
f 2634/2757/2372 2635/2781/2396 2413/2782/2397 2401/2758/2373
f 2397/2745/2360 2409/2779/2394 2410/2783/2398 2398/2746/2361
f 2404/2741/2356 2416/2780/2395 2417/2784/2399 2405/2742/2357
f 2401/2758/2373 2413/2782/2397 2414/2775/2390 2402/2749/2364
f 2414/2775/2390 2426/2785/2400 2427/2786/2401 2415/2776/2391
f 2411/2771/2386 2423/2787/2402 2424/2788/2403 2412/2777/2392
f 2649/2778/2393 2650/2789/2404 2421/2790/2405 2409/2779/2394
f 2415/2776/2391 2427/2786/2401 2428/2791/2406 2416/2780/2395
f 2635/2781/2396 2636/2792/2407 2425/2793/2408 2413/2782/2397
f 2409/2779/2394 2421/2790/2405 2422/2794/2409 2410/2783/2398
f 2416/2780/2395 2428/2791/2406 2429/2795/2410 2417/2784/2399
f 2413/2782/2397 2425/2793/2408 2426/2785/2400 2414/2775/2390
f 2707/2770/2385 2708/2796/2411 2423/2787/2402 2411/2771/2386
f 2439/2772/2387 2440/2797/2412 2430/692/638 2418/666/612
f 2590/2773/2388 2591/2798/2413 2420/2799/2414 2408/2774/2389
f 2567/2800/2415 2441/2801/2416 2435/698/644 2566/697/643
f 2540/2802/2417 2432/2803/2418 2433/2804/2419 2539/2805/2420
f 2539/2805/2420 2433/2804/2419 2434/2806/2421 2538/2807/2422
f 2541/2808/2423 2431/2809/2424 2432/2803/2418 2540/2802/2417
f 2538/2807/2422 2434/2806/2421 2536/2810/2425 2547/2811/2426
f 2472/2812/2427 2473/2813/2428 2440/2797/2412 2439/2772/2387
f 2471/2814/2429 2472/2812/2427 2439/2772/2387 2438/2761/2376
f 2668/2815/2430 2471/2814/2429 2438/2761/2376 2667/2760/2375
f 2475/2816/2431 2436/2702/2319 2361/594/542 2476/2714/2331
f 2467/2817/2432 2437/2701/2318 2436/2702/2319 2475/2816/2431
f 2468/2705/2322 2469/2719/2336 2346/717/663 2340/716/662
f 2370/2706/2323 2468/2705/2322 2340/716/662 2329/718/664
f 2369/2707/2324 2370/2706/2323 2329/718/664 2324/719/665
f 2705/2708/2325 2369/2707/2324 2324/719/665 2703/720/666
f 2367/2710/2327 2368/2709/2326 2319/722/668 2313/721/667
f 2366/2711/2328 2367/2710/2327 2313/721/667 2306/723/669
f 2365/2712/2329 2366/2711/2328 2306/723/669 2299/724/670
f 2364/2713/2330 2365/2712/2329 2299/724/670 2292/725/671
f 2650/2789/2404 2651/2818/2433 2444/2819/2434 2421/2790/2405
f 2591/2798/2413 2592/2820/2435 2443/2821/2436 2420/2799/2414
f 2746/2822/2437 2652/2823/2438 2447/2824/2439 2732/2825/2440
f 2741/2826/2441 2593/2827/2442 2446/2828/2443 2733/2829/2444
f 2652/2823/2438 2653/2830/2445 2450/2831/2446 2447/2824/2439
f 2593/2827/2442 2594/2832/2447 2449/2833/2448 2446/2828/2443
f 2636/2792/2407 2637/2834/2449 2454/2835/2450 2425/2793/2408
f 2423/2787/2402 2452/2836/2451 2453/2837/2452 2424/2788/2403
f 2708/2796/2411 2709/2838/2453 2452/2836/2451 2423/2787/2402
f 2422/2794/2409 2421/2790/2405 2444/2819/2434 2451/2839/2454
f 2431/2809/2424 2483/2840/2455 2484/2841/2456 2432/2803/2418
f 2479/2842/2457 2482/2843/2458 2493/2844/2459 2492/2845/2460
f 2544/2846/2461 2543/2847/2462 2463/2848/2463 2462/2849/2464
f 2458/2850/2465 2478/2851/2466 2642/2852/2467 2555/2853/2468
f 2543/2847/2462 2542/2854/2469 2464/2855/2470 2463/2848/2463
f 2545/2856/2471 2544/2846/2461 2462/2849/2464 2461/2857/2472
f 2533/2858/2473 2483/2840/2455 2431/2809/2424 2534/2859/2474
f 2480/768/714 2481/2860/2475 2495/2861/2476 2494/769/715
f 2371/2704/2321 2372/2703/2320 2469/2719/2336 2468/2705/2322
f 2360/2698/2315 2467/2817/2432 2475/2816/2431 2359/2699/2316
f 2359/2699/2316 2475/2816/2431 2476/2714/2331 2358/2700/2317
f 2655/2743/2358 2405/2742/2357 2471/2814/2429 2668/2815/2430
f 2405/2742/2357 2417/2784/2399 2472/2812/2427 2471/2814/2429
f 2417/2784/2399 2429/2795/2410 2473/2813/2428 2472/2812/2427
f 2562/2862/2477 2441/2801/2416 2473/2813/2428 2563/2863/2478
f 2346/717/663 2469/2719/2336 2470/2717/2334 2375/774/720
f 2375/774/720 2470/2717/2334 2477/2715/2332 2374/775/721
f 2361/594/542 2374/775/721 2477/2715/2332 2476/2714/2331
f 2641/2864/2479 2548/2865/2480 2479/2842/2457 2460/2866/2481
f 2559/2867/2482 2481/2860/2475 2441/2801/2416 2562/2862/2477
f 2460/2866/2481 2459/2868/2483 2490/2869/2484 2464/2855/2470
f 2435/698/644 2441/2801/2416 2481/2860/2475 2480/768/714
f 2432/2803/2418 2484/2841/2456 2485/2870/2485 2433/2804/2419
f 2464/2855/2470 2490/2869/2484 2489/2871/2486 2463/2848/2463
f 2434/2806/2421 2486/2872/2487 2537/2873/2488 2536/2810/2425
f 2433/2804/2419 2485/2870/2485 2486/2872/2487 2434/2806/2421
f 2462/2849/2464 2488/2874/2489 2487/2875/2490 2461/2857/2472
f 2536/2810/2425 2537/2873/2488 2491/2876/2491 2474/2877/2492
f 2548/2865/2480 2549/2878/2493 2482/2843/2458 2479/2842/2457
f 2461/2857/2472 2487/2875/2490 2532/2879/2494 2531/2880/2495
f 2545/2856/2471 2461/2857/2472 2531/2880/2495 2550/2881/2496
f 2474/2877/2492 2491/2876/2491 2493/2844/2459 2482/2843/2458
f 2463/2848/2463 2489/2871/2486 2488/2874/2489 2462/2849/2464
f 2555/2853/2468 2642/2852/2467 2641/2864/2479 2542/2854/2469
f 2495/2861/2476 2497/2882/2497 2496/794/740 2494/769/715
f 2605/2883/2498 2499/2884/2499 2498/798/744 2604/797/743
f 2499/2884/2499 2501/2885/2500 2500/800/746 2498/798/744
f 2527/2886/2501 2503/2887/2502 2502/804/750 2526/803/749
f 2503/2887/2502 2571/2888/2503 2504/806/752 2502/804/750
f 2607/2889/2504 2608/2890/2505 2571/2888/2503 2505/2891/2506
f 2740/2892/2507 2595/2893/2508 2508/813/759 2735/812/758
f 2595/2893/2508 2596/2894/2509 2510/815/761 2508/813/759
f 2596/2894/2509 2597/2895/2510 2512/817/763 2510/815/761
f 2594/2832/2447 2603/2896/2511 2525/2897/2512 2449/2833/2448
f 2527/2886/2501 2528/2898/2513 2505/2891/2506 2503/2887/2502
f 2501/2885/2500 2499/2884/2499 2528/2898/2513 2527/2886/2501
f 2501/2885/2500 2527/2886/2501 2526/803/749 2500/800/746
f 2605/2883/2498 2606/2899/2514 2528/2898/2513 2499/2884/2499
f 2495/2861/2476 2529/2900/2515 2530/2901/2516 2497/2882/2497
f 2479/2842/2457 2492/2845/2460 2459/2868/2483 2460/2866/2481
f 2532/2879/2494 2533/2858/2473 2534/2859/2474 2531/2880/2495
f 2551/2902/2517 2534/2859/2474 2431/2809/2424 2541/2808/2423
f 2550/2881/2496 2531/2880/2495 2534/2859/2474 2551/2902/2517
f 2564/2903/2518 2550/2881/2496 2551/2902/2517 2565/2904/2519
f 2565/2904/2519 2551/2902/2517 2541/2808/2423 2554/2905/2520
f 2557/2906/2521 2545/2856/2471 2550/2881/2496 2564/2903/2518
f 2558/2907/2522 2559/2867/2482 2549/2878/2493 2548/2865/2480
f 2482/2843/2458 2549/2878/2493 2546/2908/2523 2474/2877/2492
f 2642/2852/2467 2558/2907/2522 2548/2865/2480 2641/2864/2479
f 2474/2877/2492 2546/2908/2523 2547/2811/2426 2536/2810/2425
f 2557/2906/2521 2556/2909/2524 2544/2846/2461 2545/2856/2471
f 2561/2910/2525 2555/2853/2468 2542/2854/2469 2543/2847/2462
f 2556/2909/2524 2561/2910/2525 2543/2847/2462 2544/2846/2461
f 2552/2911/2526 2538/2807/2422 2547/2811/2426 2563/2863/2478
f 2554/2905/2520 2541/2808/2423 2540/2802/2417 2553/2912/2527
f 2560/2913/2528 2539/2805/2420 2538/2807/2422 2552/2911/2526
f 2553/2912/2527 2540/2802/2417 2539/2805/2420 2560/2913/2528
f 2427/2786/2401 2553/2912/2527 2560/2913/2528 2428/2791/2406
f 2428/2791/2406 2560/2913/2528 2552/2911/2526 2429/2795/2410
f 2426/2785/2400 2554/2905/2520 2553/2912/2527 2427/2786/2401
f 2429/2795/2410 2552/2911/2526 2563/2863/2478 2473/2813/2428
f 2456/2914/2529 2457/2915/2530 2561/2910/2525 2556/2909/2524
f 2457/2915/2530 2458/2850/2465 2555/2853/2468 2561/2910/2525
f 2455/2916/2531 2456/2914/2529 2556/2909/2524 2557/2906/2521
f 2478/2851/2466 2535/2917/2532 2558/2907/2522 2642/2852/2467
f 2535/2917/2532 2481/2860/2475 2559/2867/2482 2558/2907/2522
f 2455/2916/2531 2557/2906/2521 2564/2903/2518 2454/2835/2450
f 2425/2793/2408 2565/2904/2519 2554/2905/2520 2426/2785/2400
f 2454/2835/2450 2564/2903/2518 2565/2904/2519 2425/2793/2408
f 2549/2878/2493 2559/2867/2482 2562/2862/2477 2546/2908/2523
f 2546/2908/2523 2562/2862/2477 2563/2863/2478 2547/2811/2426
f 2440/2797/2412 2567/2800/2415 2566/697/643 2430/692/638
f 2441/2801/2416 2567/2800/2415 2440/2797/2412 2473/2813/2428
f 2568/2918/2533 2466/2919/2534 2465/2920/2535 2569/2921/2536
f 2577/2922/2537 2568/2918/2533 2569/2921/2536 2578/2923/2538
f 2568/2918/2533 2572/2924/2539 2570/2925/2540 2466/2919/2534
f 2577/2922/2537 2580/2926/2541 2572/2924/2539 2568/2918/2533
f 2737/2927/2542 2575/2928/2543 2573/2929/2544 2738/2930/2545
f 2739/2931/2546 2581/2932/2547 2575/2928/2543 2737/2927/2542
f 2581/2932/2547 2579/2933/2548 2576/2934/2549 2575/2928/2543
f 2575/2928/2543 2576/2934/2549 2574/2935/2550 2573/2929/2544
f 2606/2899/2514 2607/2889/2504 2505/2891/2506 2528/2898/2513
f 2736/2936/2551 2507/2937/2552 2581/2932/2547 2739/2931/2546
f 2511/2938/2553 2509/2939/2554 2580/2926/2541 2577/2922/2537
f 2511/2938/2553 2577/2922/2537 2578/2923/2538 2513/2940/2555
f 2505/2891/2506 2571/2888/2503 2503/2887/2502
f 2448/864/810 2524/865/811 2603/2896/2511 2594/2832/2447
f 2511/2938/2553 2513/2940/2555 2597/2895/2510 2596/2894/2509
f 2509/2939/2554 2511/2938/2553 2596/2894/2509 2595/2893/2508
f 2736/2936/2551 2509/2939/2554 2595/2893/2508 2740/2892/2507
f 2445/866/812 2448/864/810 2594/2832/2447 2593/2827/2442
f 2734/867/813 2445/866/812 2593/2827/2442 2741/2826/2441
f 2419/868/814 2442/869/815 2592/2820/2435 2591/2798/2413
f 2407/870/816 2419/868/814 2591/2798/2413 2590/2773/2388
f 2395/871/817 2407/870/816 2590/2773/2388 2589/2763/2378
f 2666/872/818 2395/871/817 2589/2763/2378 2669/2762/2377
f 2312/873/819 2334/874/820 2588/2668/2288 2587/2641/2266
f 2305/875/821 2312/873/819 2587/2641/2266 2586/2633/2259
f 2298/876/822 2305/875/821 2586/2633/2259 2585/2627/2253
f 2291/877/823 2298/876/822 2585/2627/2253 2584/2626/2252
f 2609/878/824 2608/2890/2505 2583/2941/2556 2506/879/825
f 2504/806/752 2571/2888/2503 2608/2890/2505 2609/878/824
f 2530/2901/2516 2582/2942/2557 2607/2889/2504 2606/2899/2514
f 2497/2882/2497 2530/2901/2516 2606/2899/2514 2605/2883/2498
f 2582/2942/2557 2583/2941/2556 2608/2890/2505 2607/2889/2504
f 2497/2882/2497 2605/2883/2498 2604/797/743 2496/794/740
f 2582/2942/2557 2581/2932/2547 2507/2937/2552 2583/2941/2556
f 2530/2901/2516 2579/2933/2548 2581/2932/2547 2582/2942/2557
f 2466/2919/2534 2611/2943/2558 2610/2944/2559 2465/2920/2535
f 2611/2943/2558 2613/2945/2560 2612/2946/2561 2610/2944/2559
f 2613/2945/2560 2615/2947/2562 2614/2948/2563 2612/2946/2561
f 2624/2949/2564 2450/2831/2446 2616/2950/2565 2621/2951/2566
f 2738/2930/2545 2742/2952/2567 2619/2953/2568 2570/2925/2540
f 2570/2925/2540 2619/2953/2568 2611/2943/2558 2466/2919/2534
f 2742/2952/2567 2743/2954/2569 2622/2955/2570 2619/2953/2568
f 2619/2953/2568 2622/2955/2570 2613/2945/2560 2611/2943/2558
f 2743/2954/2569 2745/2956/2571 2625/2957/2572 2622/2955/2570
f 2622/2955/2570 2625/2957/2572 2615/2947/2562 2613/2945/2560
f 2654/2958/2573 2616/2950/2565 2450/2831/2446 2653/2830/2445
f 2711/2959/2574 2712/2960/2575 2615/2947/2562 2625/2957/2572
f 2447/2824/2439 2450/2831/2446 2624/2949/2564 2617/2961/2576
f 2712/2960/2575 2624/2949/2564 2621/2951/2566 2710/2962/2577
f 2732/2825/2440 2744/2963/2578 2451/2839/2454 2444/2819/2434
f 2747/2964/2579 2744/2963/2578 2617/2961/2576 2711/2959/2574
f 2530/2901/2516 2529/2900/2515 2628/2965/2580 2579/2933/2548
f 2579/2933/2548 2628/2965/2580 2627/2966/2581 2576/2934/2549
f 2576/2934/2549 2627/2966/2581 2618/2967/2582 2574/2935/2550
f 2452/2836/2451 2623/2968/2583 2626/2969/2584 2453/2837/2452
f 2424/2788/2403 2453/2837/2452 2637/2834/2449 2636/2792/2407
f 2412/2777/2392 2424/2788/2403 2636/2792/2407 2635/2781/2396
f 2400/2766/2381 2412/2777/2392 2635/2781/2396 2634/2757/2372
f 2663/2767/2382 2400/2766/2381 2634/2757/2372 2670/2756/2371
f 2331/2664/2285 2631/2681/2301 2468/2705/2322 2370/2706/2323
f 2332/2665/2283 2629/2684/2297 2632/2678/2298 2330/2663/2284
f 2339/2673/2293 2633/2682/2302 2630/2674/2294 2333/2661/2282
f 2330/2663/2284 2632/2678/2298 2631/2681/2301 2331/2664/2285
f 2333/2661/2282 2630/2674/2294 2629/2677/2297 2332/2662/2283
f 2455/2916/2531 2454/2835/2450 2637/2834/2449 2638/2970/2585
f 2453/2837/2452 2626/2969/2584 2638/2970/2585 2637/2834/2449
f 2456/2914/2529 2455/2916/2531 2638/2970/2585 2639/2971/2586
f 2626/2969/2584 2640/2972/2587 2639/2971/2586 2638/2970/2585
f 2620/2973/2588 2640/2972/2587 2626/2969/2584 2623/2968/2583
f 2573/2929/2544 2574/2935/2550 2640/2972/2587 2620/2973/2588
f 2574/2935/2550 2618/2967/2582 2639/2971/2586 2640/2972/2587
f 2456/2914/2529 2639/2971/2586 2618/2967/2582 2457/2915/2530
f 2458/2850/2465 2457/2915/2530 2618/2967/2582 2627/2966/2581
f 2481/2860/2475 2535/2917/2532 2529/2900/2515 2495/2861/2476
f 2542/2854/2469 2641/2864/2479 2460/2866/2481 2464/2855/2470
f 2535/2917/2532 2478/2851/2466 2628/2965/2580 2529/2900/2515
f 2478/2851/2466 2458/2850/2465 2627/2966/2581 2628/2965/2580
f 2525/2897/2512 2654/2958/2573 2653/2830/2445 2449/2833/2448
f 2446/2828/2443 2449/2833/2448 2653/2830/2445 2652/2823/2438
f 2733/2829/2444 2446/2828/2443 2652/2823/2438 2746/2822/2437
f 2420/2799/2414 2443/2821/2436 2651/2818/2433 2650/2789/2404
f 2408/2774/2389 2420/2799/2414 2650/2789/2404 2649/2778/2393
f 2396/2764/2379 2408/2774/2389 2649/2778/2393 2648/2769/2384
f 2665/2765/2380 2396/2764/2379 2648/2769/2384 2671/2768/2383
f 2315/2642/2267 2335/2669/2289 2647/2666/2286 2646/2640/2265
f 2308/2634/2260 2315/2642/2267 2646/2640/2265 2645/2632/2258
f 2301/2628/2254 2308/2634/2260 2645/2632/2258 2644/2625/2251
f 2294/2629/2255 2301/2628/2254 2644/2625/2251 2643/2624/2250
f 2335/2974/2289 2665/2765/2380 2671/2768/2383 2647/2975/2286
f 2339/2976/2293 2663/2767/2382 2670/2756/2371 2633/2977/2302
f 2334/917/820 2666/872/818 2669/2762/2377 2588/2978/2288
f 2360/2979/2315 2655/2743/2358 2668/2815/2430 2467/2980/2432
f 2467/2980/2432 2668/2815/2430 2667/2760/2375 2437/2981/2318
f 2647/2975/2286 2671/2768/2383 2658/2744/2359 2336/2982/2287
f 2338/2983/2292 2661/2755/2370 2663/2767/2382 2339/2976/2293
f 2345/2984/2303 2662/2759/2374 2660/2748/2363 2351/2985/2308
f 2354/2986/2309 2659/2751/2366 2656/2740/2355 2357/2987/2312
f 2588/2978/2288 2669/2762/2377 2665/2765/2380 2335/2974/2289
f 2437/2981/2318 2667/2760/2375 2664/653/599 2363/928/541
f 2633/2977/2302 2670/2756/2371 2662/2759/2374 2345/2984/2303
f 2704/2988/2291 2713/2752/2367 2661/2755/2370 2338/2983/2292
f 2351/2985/2308 2660/2748/2363 2659/2751/2366 2354/2986/2309
f 2336/2982/2287 2658/2744/2359 2657/2747/2362 2337/2989/2290
f 2357/2987/2312 2656/2740/2355 2655/2743/2358 2360/2979/2315
f 2337/2989/2290 2657/2747/2362 2713/2752/2367 2704/2988/2291
f 2745/2956/2571 2747/2964/2579 2711/2959/2574 2625/2957/2572
f 2615/2947/2562 2712/2960/2575 2710/2962/2577 2614/2948/2563
f 2617/2961/2576 2624/2949/2564 2712/2960/2575 2711/2959/2574
f 2422/2794/2409 2451/2839/2454 2709/2838/2453 2708/2796/2411
f 2368/2709/2326 2705/2708/2325 2703/720/666 2319/722/668
f 2410/2783/2398 2422/2794/2409 2708/2796/2411 2707/2770/2385
f 2398/2746/2361 2410/2783/2398 2707/2770/2385 2706/2753/2368
f 2657/2747/2362 2398/2746/2361 2706/2753/2368 2713/2752/2367
f 2321/2650/2273 2702/2658/2281 2705/2708/2325 2368/2709/2326
f 2323/2646/2270 2337/2670/2290 2704/2671/2291 2699/2651/2274
f 2322/2648/2271 2700/2659/2277 2701/2655/2278 2320/2649/2272
f 2320/2649/2272 2701/2655/2278 2702/2658/2281 2321/2650/2273
f 2323/2646/2270 2699/2651/2274 2700/2654/2277 2322/2647/2271
f 2452/2836/2451 2709/2838/2453 2747/2964/2579 2745/2956/2571
f 2443/2821/2436 2733/2829/2444 2746/2822/2437 2651/2818/2433
f 2709/2838/2453 2451/2839/2454 2744/2963/2578 2747/2964/2579
f 2447/2824/2439 2617/2961/2576 2744/2963/2578 2732/2825/2440
f 2623/2968/2583 2452/2836/2451 2745/2956/2571 2743/2954/2569
f 2620/2973/2588 2623/2968/2583 2743/2954/2569 2742/2952/2567
f 2573/2929/2544 2620/2973/2588 2742/2952/2567 2738/2930/2545
f 2442/869/815 2734/867/813 2741/2826/2441 2592/2820/2435
f 2507/2937/2552 2736/2936/2551 2740/2892/2507 2583/2941/2556
f 2509/2939/2554 2736/2936/2551 2739/2931/2546 2580/2926/2541
f 2580/2926/2541 2739/2931/2546 2737/2927/2542 2572/2924/2539
f 2572/2924/2539 2737/2927/2542 2738/2930/2545 2570/2925/2540
f 2583/2941/2556 2740/2892/2507 2735/812/758 2506/879/825
f 2592/2820/2435 2741/2826/2441 2733/2829/2444 2443/2821/2436
f 2651/2818/2433 2746/2822/2437 2732/2825/2440 2444/2819/2434
f 2391/2730/2346 2753/2990/2589 2752/2991/2590 2390/2731/2347
f 2388/2732/2348 2750/2992/2591 2748/2993/2592 2386/2733/2349
f 2393/2734/2350 2755/2994/2593 2753/2990/2589 2391/2730/2346
f 2389/2735/2351 2751/2995/2594 2750/2996/2591 2388/2736/2348
f 2387/2737/2352 2749/2997/2595 2754/2998/2596 2392/2738/2353
f 2394/2739/2354 2756/2999/2597 2755/2994/2593 2393/2734/2350
f 2390/2731/2347 2752/2991/2590 2751/2995/2594 2389/2735/2351
f 2386/2733/2349 2748/2993/2592 2749/2997/2595 2387/2737/2352
f 2392/2738/2353 2754/2998/2596 2756/2999/2597 2394/2739/2354
f 2830/3000/2598 2759/3001/271 2757/3002/259 2829/3003/2599
f 2832/3004/2600 2764/3005/273 2762/3006/267 2831/3007/2601
f 2833/3008/2602 2760/3009/275 2759/3010/271 2830/3011/2598
f 2835/3012/2603 2758/3013/262 2763/3014/263 2834/3015/2604
f 2836/3016/2605 2765/3017/266 2764/3005/273 2832/3004/2600
f 2837/3018/2606 2761/3019/270 2760/3009/275 2833/3008/2602
f 2829/3003/2599 2757/3002/259 2758/3013/262 2835/3012/2603
f 2834/3015/2604 2763/3014/263 2765/3017/266 2836/3016/2605
f 2831/3007/2601 2762/3006/267 2761/3019/270 2837/3018/2606
f 2753/2990/2589 2831/3007/2601 2837/3018/2606 2752/2991/2590
f 2754/2998/2596 2834/3015/2604 2836/3016/2605 2756/2999/2597
f 2748/2993/2592 2829/3003/2599 2835/3012/2603 2749/2997/2595
f 2752/2991/2590 2837/3018/2606 2833/3008/2602 2751/2995/2594
f 2756/2999/2597 2836/3016/2605 2832/3004/2600 2755/2994/2593
f 2749/2997/2595 2835/3012/2603 2834/3015/2604 2754/2998/2596
f 2751/2995/2594 2833/3008/2602 2830/3011/2598 2750/2996/2591
f 2755/2994/2593 2832/3004/2600 2831/3007/2601 2753/2990/2589
f 2750/2992/2591 2830/3000/2598 2829/3003/2599 2748/2993/2592
f 2875/3020/2607 2876/3021/2608 2842/3022/2609 2840/3023/2610
f 2906/3024/2611 2918/3025/2612 2866/3026/2613 2846/3027/2614
f 2877/3028/2615 2878/3029/2616 2844/3030/2617 2846/3027/2614
f 2924/3031/2618 2875/3032/2607 2840/3033/2610 2908/3034/2619
f 2905/3035/2620 2907/3036/2621 2843/3037/2622 2845/3038/2623
f 2842/3022/2609 2848/3039/2624 2847/3040/2625 2840/3023/2610
f 2908/3034/2619 2910/3041/2626 2849/3042/2627 2844/3043/2617
f 2906/3024/2611 2909/3044/2628 2848/3039/2624 2842/3022/2609
f 2844/3030/2617 2849/3045/2627 2850/3046/2629 2846/3027/2614
f 2909/3044/2628 2911/3047/2630 2852/3048/2631 2848/3039/2624
f 2849/3045/2627 2853/3049/2632 2854/3050/2633 2850/3046/2629
f 2848/3039/2624 2852/3048/2631 2851/3051/2634 2847/3040/2625
f 2910/3041/2626 2912/3052/2635 2853/3053/2632 2849/3042/2627
f 2853/3049/2632 2857/3054/2636 2858/3055/2637 2854/3050/2633
f 2852/3048/2631 2856/3056/2638 2855/3057/2639 2851/3051/2634
f 2912/3052/2635 2914/3058/2640 2857/3059/2636 2853/3053/2632
f 2911/3047/2630 2913/3060/2641 2856/3056/2638 2852/3048/2631
f 2914/3058/2640 2916/3061/2642 2861/3062/2643 2857/3059/2636
f 2913/3060/2641 2915/3063/2644 2860/3064/2645 2856/3056/2638
f 2857/3054/2636 2861/3065/2643 2862/3066/2646 2858/3055/2637
f 2856/3056/2638 2860/3064/2645 2859/3067/2647 2855/3057/2639
f 2916/3061/2642 2915/3068/2644 2862/3069/2646 2861/3062/2643
f 2876/3021/2608 2879/3070/2648 2864/3071/2649 2842/3022/2609
f 2877/3028/2615 2880/3072/2650 2865/3073/2651 2845/3074/2623
f 2905/3035/2620 2917/3075/2652 2863/3076/2653 2841/3077/2654
f 2918/3025/2612 2920/3078/2655 2870/3079/2656 2866/3026/2613
f 2879/3070/2648 2881/3080/2657 2868/3081/2658 2864/3071/2649
f 2880/3072/2650 2882/3082/2659 2869/3083/2660 2865/3073/2651
f 2917/3075/2652 2919/3084/2661 2867/3085/2662 2863/3076/2653
f 2894/3086/2663 2884/3087/2664 2873/3088/2665 2891/3089/2666
f 2926/3090/2667 2921/3091/2668 2871/3092/2669 2892/3093/2670
f 2870/3079/2656 2885/3094/2671 2890/3095/2672 2882/3082/2659
f 2893/3096/2673 2883/3097/2674 2872/3098/2675 2896/3099/2676
f 2923/3100/2677 2884/3087/2664 2874/3101/2678 2922/3102/2679
f 2921/3103/2668 2873/3088/2665 2884/3087/2664 2923/3100/2677
f 2892/3104/2670 2871/3105/2669 2883/3097/2674 2893/3096/2673
f 2895/3106/2680 2874/3101/2678 2884/3087/2664 2894/3086/2663
f 2866/3026/2613 2870/3079/2656 2882/3082/2659 2880/3072/2650
f 2863/3107/2653 2867/3108/2662 2881/3080/2657 2879/3070/2648
f 2846/3027/2614 2866/3026/2613 2880/3072/2650 2877/3028/2615
f 2841/3109/2654 2863/3107/2653 2879/3070/2648 2876/3021/2608
f 2907/3036/2621 2839/3110/2681 2875/3032/2607 2924/3031/2618
f 2845/3074/2623 2843/3111/2622 2878/3029/2616 2877/3028/2615
f 2839/3112/2681 2841/3109/2654 2876/3021/2608 2875/3020/2607
f 2867/3108/2662 2887/3113/2682 2889/3114/2683 2881/3080/2657
f 2881/3080/2657 2889/3114/2683 2888/3115/2684 2868/3081/2658
f 2919/3084/2661 2925/3116/2685 2887/3117/2682 2867/3085/2662
f 2882/3082/2659 2890/3095/2672 2886/3118/2686 2869/3083/2660
f 2885/3119/2671 2895/3106/2680 2894/3086/2663 2890/3120/2672
f 2887/3121/2682 2892/3104/2670 2893/3096/2673 2889/3122/2683
f 2889/3122/2683 2893/3096/2673 2896/3099/2676 2888/3123/2684
f 2925/3116/2685 2926/3090/2667 2892/3093/2670 2887/3117/2682
f 2890/3120/2672 2894/3086/2663 2891/3089/2666 2886/3124/2686
f 2885/3119/2671 2901/3125/2687 2903/3126/2688 2895/3106/2680
f 2870/3079/2656 2898/3127/2689 2901/3128/2687 2885/3094/2671
f 2922/3102/2679 2928/3129/2690 2899/3130/2691 2872/3098/2675
f 2872/3098/2675 2899/3130/2691 2904/3131/2692 2896/3099/2676
f 2896/3099/2676 2904/3131/2692 2902/3132/2693 2888/3123/2684
f 2888/3115/2684 2902/3133/2693 2897/3134/2694 2868/3081/2658
f 2920/3078/2655 2927/3135/2695 2898/3127/2689 2870/3079/2656
f 2895/3106/2680 2903/3126/2688 2900/3136/2696 2874/3101/2678
f 2868/3081/2658 2897/3134/2694 2927/3135/2695 2920/3078/2655
f 2874/3101/2678 2900/3136/2696 2928/3129/2690 2922/3102/2679
f 2886/3137/2686 2891/3138/2666 2926/3090/2667 2925/3116/2685
f 2869/3139/2660 2886/3137/2686 2925/3116/2685 2919/3084/2661
f 2843/3037/2622 2907/3036/2621 2924/3031/2618 2878/3140/2616
f 2871/3105/2669 2921/3103/2668 2923/3100/2677 2883/3097/2674
f 2883/3097/2674 2923/3100/2677 2922/3102/2679 2872/3098/2675
f 2891/3138/2666 2873/3141/2665 2921/3091/2668 2926/3090/2667
f 2865/3142/2651 2869/3139/2660 2919/3084/2661 2917/3075/2652
f 2864/3071/2649 2868/3081/2658 2920/3078/2655 2918/3025/2612
f 2845/3038/2623 2865/3142/2651 2917/3075/2652 2905/3035/2620
f 2859/3143/2647 2860/3144/2645 2915/3068/2644 2916/3061/2642
f 2858/3055/2637 2862/3066/2646 2915/3063/2644 2913/3060/2641
f 2855/3145/2639 2859/3143/2647 2916/3061/2642 2914/3058/2640
f 2854/3050/2633 2858/3055/2637 2913/3060/2641 2911/3047/2630
f 2851/3146/2634 2855/3145/2639 2914/3058/2640 2912/3052/2635
f 2847/3147/2625 2851/3146/2634 2912/3052/2635 2910/3041/2626
f 2850/3046/2629 2854/3050/2633 2911/3047/2630 2909/3044/2628
f 2846/3027/2614 2850/3046/2629 2909/3044/2628 2906/3024/2611
f 2840/3033/2610 2847/3147/2625 2910/3041/2626 2908/3034/2619
f 2841/3077/2654 2839/3110/2681 2907/3036/2621 2905/3035/2620
f 2878/3140/2616 2924/3031/2618 2908/3034/2619 2844/3043/2617
f 2842/3022/2609 2864/3071/2649 2918/3025/2612 2906/3024/2611
f 2949/3148/2697 2938/3149/2698 2931/3150/2699 2950/3151/2700
f 2951/3152/2701 2936/3153/2702 2934/3154/2703 2952/3155/2704
f 2953/3156/2705 2930/3157/2706 2933/3158/2707 2954/3159/2708
f 2955/3160/2709 2935/3161/2710 2932/3162/2711 2956/3163/2712
f 2952/3164/2704 2934/3165/2703 2929/3166/2713 2957/3167/2714
f 2958/3168/2715 2937/3169/2716 2930/3157/2706 2953/3156/2705
f 2950/3151/2700 2931/3150/2699 2936/3153/2702 2951/3152/2701
f 2954/3170/2708 2933/3171/2707 2935/3161/2710 2955/3160/2709
f 2957/3167/2714 2929/3166/2713 2937/3169/2716 2958/3168/2715
f 2956/3163/2712 2932/3162/2711 2938/3149/2698 2949/3148/2697
f 2937/3169/2716 2947/3172/2717 2940/3173/2718 2930/3157/2706
f 2931/3150/2699 2941/3174/2719 2946/3175/2720 2936/3153/2702
f 2933/3171/2707 2943/3176/2721 2945/3177/2722 2935/3161/2710
f 2932/3162/2711 2942/3178/2723 2948/3179/2724 2938/3149/2698
f 2929/3166/2713 2939/3180/2725 2947/3172/2717 2937/3169/2716
f 2936/3153/2702 2946/3175/2720 2944/3181/2726 2934/3154/2703
f 2930/3157/2706 2940/3173/2718 2943/3182/2721 2933/3158/2707
f 2938/3149/2698 2948/3179/2724 2941/3174/2719 2931/3150/2699
f 2935/3161/2710 2945/3177/2722 2942/3178/2723 2932/3162/2711
f 2934/3165/2703 2944/3183/2726 2939/3180/2725 2929/3166/2713
f 2900/3136/2696 2956/3163/2712 2949/3148/2697 2928/3129/2690
f 2897/3134/2694 2957/3167/2714 2958/3168/2715 2927/3135/2695
f 2901/3125/2687 2954/3170/2708 2955/3160/2709 2903/3126/2688
f 2899/3130/2691 2950/3151/2700 2951/3152/2701 2904/3131/2692
f 2927/3135/2695 2958/3168/2715 2953/3156/2705 2898/3127/2689
f 2902/3133/2693 2952/3164/2704 2957/3167/2714 2897/3134/2694
f 2903/3126/2688 2955/3160/2709 2956/3163/2712 2900/3136/2696
f 2898/3127/2689 2953/3156/2705 2954/3159/2708 2901/3128/2687
f 2904/3131/2692 2951/3152/2701 2952/3155/2704 2902/3132/2693
f 2928/3129/2690 2949/3148/2697 2950/3151/2700 2899/3130/2691
f 2941/3174/2719 2961/3184/2727 2966/3185/2728 2946/3175/2720
f 2943/3176/2721 2963/3186/2729 2965/3187/2730 2945/3177/2722
f 2942/3178/2723 2962/3188/2731 2968/3189/2732 2948/3179/2724
f 2939/3180/2725 2959/3190/2733 2967/3191/2734 2947/3172/2717
f 2946/3175/2720 2966/3185/2728 2964/3192/2735 2944/3181/2726
f 2940/3173/2718 2960/3193/2736 2963/3194/2729 2943/3182/2721
f 2948/3179/2724 2968/3189/2732 2961/3184/2727 2941/3174/2719
f 2945/3177/2722 2965/3187/2730 2962/3188/2731 2942/3178/2723
f 2944/3183/2726 2964/3195/2735 2959/3190/2733 2939/3180/2725
f 2947/3172/2717 2967/3191/2734 2960/3193/2736 2940/3173/2718
f 2962/3188/2731 2972/3196/2737 2978/3197/2738 2968/3189/2732
f 2959/3190/2733 2969/3198/2739 2977/3199/2740 2967/3191/2734
f 2966/3185/2728 2976/3200/2741 2974/3201/2742 2964/3192/2735
f 2960/3193/2736 2970/3202/2743 2973/3203/2744 2963/3194/2729
f 2968/3189/2732 2978/3197/2738 2971/3204/2745 2961/3184/2727
f 2965/3187/2730 2975/3205/2746 2972/3196/2737 2962/3188/2731
f 2964/3195/2735 2974/3206/2742 2969/3198/2739 2959/3190/2733
f 2967/3191/2734 2977/3199/2740 2970/3202/2743 2960/3193/2736
f 2961/3184/2727 2971/3204/2745 2976/3200/2741 2966/3185/2728
f 2963/3186/2729 2973/3207/2744 2975/3205/2746 2965/3187/2730
f 2976/3200/2741 2986/3208/2747 2984/3209/2748 2974/3201/2742
f 2970/3202/2743 2980/3210/2749 2983/3211/2750 2973/3203/2744
f 2978/3197/2738 2988/3212/2751 2981/3213/2752 2971/3204/2745
f 2975/3205/2746 2985/3214/2753 2982/3215/2754 2972/3196/2737
f 2974/3206/2742 2984/3216/2748 2979/3217/2755 2969/3198/2739
f 2977/3199/2740 2987/3218/2756 2980/3210/2749 2970/3202/2743
f 2971/3204/2745 2981/3213/2752 2986/3208/2747 2976/3200/2741
f 2973/3207/2744 2983/3219/2750 2985/3214/2753 2975/3205/2746
f 2972/3196/2737 2982/3215/2754 2988/3212/2751 2978/3197/2738
f 2969/3198/2739 2979/3217/2755 2987/3218/2756 2977/3199/2740
f 3243/3220/2757 2990/3221/2758 2993/3222/2759 3242/3223/2760
f 3245/3224/2761 2998/3225/2762 2991/3226/2763 3244/3227/2764
f 3247/3228/2765 2995/3229/2766 2992/3230/2767 3246/3231/2768
f 3249/3232/2769 2994/3233/2770 2989/3234/2771 3248/3235/2772
f 3250/3236/2773 2997/3237/2774 2990/3221/2758 3243/3220/2757
f 3244/3227/2764 2991/3226/2763 2996/3238/2775 3251/3239/2776
f 3242/3240/2760 2993/3241/2759 2995/3229/2766 3247/3228/2765
f 3246/3231/2768 2992/3230/2767 2998/3225/2762 3245/3224/2761
f 3248/3235/2772 2989/3234/2771 2997/3237/2774 3250/3236/2773
f 3251/3239/2776 2996/3238/2775 2994/3242/2770 3249/3243/2769
f 2998/3244/2762 3008/3245/2777 3001/3246/2778 2991/3247/2763
f 2995/3248/2766 3005/3249/2779 3002/3250/2780 2992/3251/2767
f 2994/3252/2770 3004/3253/2781 2999/3254/2782 2989/3255/2771
f 2997/3256/2774 3007/3257/2783 3000/3258/2784 2990/3259/2758
f 2991/3247/2763 3001/3246/2778 3006/3260/2785 2996/3261/2775
f 2993/3262/2759 3003/3263/2786 3005/3249/2779 2995/3248/2766
f 2992/3251/2767 3002/3250/2780 3008/3245/2777 2998/3244/2762
f 2989/3255/2771 2999/3254/2782 3007/3257/2783 2997/3256/2774
f 2996/3261/2775 3006/3260/2785 3004/3264/2781 2994/3265/2770
f 2990/3259/2758 3000/3258/2784 3003/3266/2786 2993/3267/2759
f 3005/3249/2779 3015/3268/2787 3012/3269/2788 3002/3250/2780
f 3004/3253/2781 3014/3270/2789 3009/3271/2790 2999/3254/2782
f 3007/3257/2783 3017/3272/2791 3010/3273/2792 3000/3258/2784
f 3001/3246/2778 3011/3274/2793 3016/3275/2794 3006/3260/2785
f 3003/3263/2786 3013/3276/2795 3015/3268/2787 3005/3249/2779
f 3002/3250/2780 3012/3269/2788 3018/3277/2796 3008/3245/2777
f 2999/3254/2782 3009/3271/2790 3017/3272/2791 3007/3257/2783
f 3006/3260/2785 3016/3275/2794 3014/3278/2789 3004/3264/2781
f 3000/3258/2784 3010/3273/2792 3013/3279/2795 3003/3266/2786
f 3008/3245/2777 3018/3277/2796 3011/3274/2793 3001/3246/2778
f 3223/3280/2797 3024/1224/1070 3019/1223/1069 3222/3281/2798
f 3017/3272/2791 3027/3282/2799 3020/3283/2800 3010/3273/2792
f 3130/3284/2801 3021/1230/1076 3026/1229/1075 3129/3285/2802
f 3013/3276/2795 3023/3286/2803 3025/3287/2804 3015/3268/2787
f 3012/3269/2788 3022/3288/2805 3028/3289/2806 3018/3277/2796
f 3107/3290/2807 3127/3291/2808 3155/3292/2809 3153/3293/2810
f 3026/1229/1075 3024/1240/1070 3223/3294/2797
f 3010/3273/2792 3020/3283/2800 3023/3295/2803 3013/3279/2795
f 3018/3277/2796 3028/3289/2806 3130/3284/2801 3011/3274/2793
f 3015/3268/2787 3025/3287/2804 3022/3288/2805 3012/3269/2788
f 3022/3288/2805 3032/3296/2811 3036/3297/2812 3028/3289/2806
f 3126/3298/2813 3132/3299/2814 3035/3300/2815 3027/3282/2799
f 3025/3287/2804 3034/3301/2816 3032/3296/2811 3022/3288/2805
f 3023/3286/2803 3033/3302/2817 3034/3301/2816 3025/3287/2804
f 3020/3283/2800 3030/3303/2818 3033/3304/2817 3023/3295/2803
f 3027/3282/2799 3035/3300/2815 3030/3303/2818 3020/3283/2800
f 3130/3284/2801 3144/3305/2819 3031/1251/1093 3021/1230/1076
f 3033/3302/2817 3041/3306/2820 3042/3307/2821 3034/3301/2816
f 3032/3296/2811 3040/3308/2822 3044/3309/2823 3036/3297/2812
f 3144/3305/2819 3145/3310/2824 3039/1257/1099 3031/1251/1093
f 3034/3301/2816 3042/3307/2821 3040/3308/2822 3032/3296/2811
f 3030/3303/2818 3038/3311/2825 3041/3312/2820 3033/3304/2817
f 3035/3300/2815 3043/3313/2826 3038/3311/2825 3030/3303/2818
f 3132/3299/2814 3133/3314/2827 3043/3313/2826 3035/3300/2815
f 3145/3310/2824 3146/3315/2828 3047/1263/1104 3039/1257/1099
f 3042/3307/2821 3050/3316/2829 3048/3317/2830 3040/3308/2822
f 3038/3311/2825 3046/3318/2831 3049/3319/2832 3041/3312/2820
f 3043/3313/2826 3051/3320/2833 3046/3318/2831 3038/3311/2825
f 3043/3313/2826 3133/3314/2827 3220/3321/2834 3051/3320/2833
f 3041/3306/2820 3049/3322/2832 3050/3316/2829 3042/3307/2821
f 3040/3308/2822 3048/3317/2830 3052/3323/2835 3044/3309/2823
f 3261/3324/2836 3147/3325/2837 3055/1275/1115 3252/1274/1114
f 3255/3326/2838 3058/3327/2839 3056/3328/2840 3254/3329/2841
f 3257/3330/2842 3054/3331/2843 3057/3332/2844 3256/3333/2845
f 3258/3334/2846 3059/3335/2847 3054/3331/2843 3257/3330/2842
f 3262/3336/2848 3221/3337/2849 3059/3335/2847 3258/3334/2846
f 3256/3338/2845 3057/3339/2844 3058/3327/2839 3255/3326/2838
f 3254/3329/2841 3056/3328/2840 3060/3340/2850 3253/3341/2851
f 3054/3342/2843 3062/3343/2852 3065/3344/2853 3057/3345/2844
f 3059/3346/2847 3067/3347/2854 3062/3343/2852 3054/3342/2843
f 3221/3348/2849 3208/3349/2855 3067/3347/2854 3059/3346/2847
f 3057/3350/2844 3065/3351/2853 3066/3352/2856 3058/3353/2839
f 3056/3354/2840 3064/3355/2857 3068/3356/2858 3060/3357/2850
f 3147/3358/2837 3148/3359/2859 3063/3360/1138 3055/3361/1115
f 3058/3353/2839 3066/3352/2856 3064/3355/2857 3056/3354/2840
f 3208/3349/2855 3209/3362/2860 3075/3363/2861 3067/3347/2854
f 3065/3351/2853 3073/3364/2862 3074/3365/2863 3066/3352/2856
f 3064/3355/2857 3072/3366/2864 3076/3367/2865 3068/3356/2858
f 3148/3359/2859 3149/3368/2866 3071/3369/1146 3063/3360/1138
f 3066/3352/2856 3074/3365/2863 3072/3366/2864 3064/3355/2857
f 3062/3343/2852 3070/3370/2867 3073/3371/2862 3065/3344/2853
f 3067/3347/2854 3075/3363/2861 3070/3370/2867 3062/3343/2852
f 3209/3362/2860 3210/3372/2868 3083/3373/2869 3075/3363/2861
f 3073/3364/2862 3081/3374/2870 3082/3375/2871 3074/3365/2863
f 3072/3366/2864 3080/3376/2872 3084/3377/2873 3076/3367/2865
f 3149/3368/2866 3150/3378/2874 3079/3379/1155 3071/3369/1146
f 3074/3365/2863 3082/3375/2871 3080/3376/2872 3072/3366/2864
f 3070/3370/2867 3078/3380/2875 3081/3381/2870 3073/3371/2862
f 3075/3363/2861 3083/3373/2869 3078/3380/2875 3070/3370/2867
f 3080/3376/2872 3088/3382/2876 3092/3383/2877 3084/3377/2873
f 3150/3378/2874 3151/3384/2878 3087/3385/1160 3079/3379/1155
f 3082/3375/2871 3090/3386/2879 3088/3382/2876 3080/3376/2872
f 3078/3380/2875 3086/3387/2880 3089/3388/2881 3081/3381/2870
f 3083/3373/2869 3091/3389/2882 3086/3387/2880 3078/3380/2875
f 3210/3372/2868 3211/3390/2883 3091/3389/2882 3083/3373/2869
f 3081/3374/2870 3089/3391/2881 3090/3386/2879 3082/3375/2871
f 3151/3384/2878 3152/3392/2884 3095/3393/1167 3087/3385/1160
f 3090/3386/2879 3098/3394/2885 3096/3395/2886 3088/3382/2876
f 3086/3387/2880 3094/3396/2887 3097/3397/2888 3089/3388/2881
f 3091/3389/2882 3099/3398/2889 3094/3396/2887 3086/3387/2880
f 3211/3390/2883 3212/3399/2890 3099/3398/2889 3091/3389/2882
f 3089/3391/2881 3097/3400/2888 3098/3394/2885 3090/3386/2879
f 3088/3382/2876 3096/3395/2886 3100/3401/2891 3092/3383/2877
f 3215/3402/2892 3213/3403/2893 3103/3404/2894 3113/3405/2895
f 3113/3405/2895 3103/3404/2894 3102/3406/2896 3115/3407/2897
f 3154/3408/2898 3153/3293/2810 3104/3409/1184 3117/3410/1183
f 3120/3411/2899 3106/3412/2900 3105/3413/2901 3119/3414/2902
f 3119/3414/2902 3105/3413/2901 3107/3290/2807 3118/3415/2903
f 3240/3416/2904 3121/3417/2905 3112/3418/2906 3234/3419/2907
f 3237/3420/2908 3108/3421/2909 3109/3422/2910 3236/3423/2911
f 3236/3424/2911 3109/3425/2910 3110/3426/2912 3235/3427/2913
f 3239/3428/2914 3116/3429/2915 3108/3421/2909 3237/3420/2908
f 3238/3430/2916 3111/3431/2917 3116/3429/2915 3239/3428/2914
f 3099/3398/2889 3113/3405/2895 3115/3407/2897 3094/3396/2887
f 3212/3399/2890 3215/3402/2892 3113/3405/2895 3099/3398/2889
f 3235/3427/2913 3110/3426/2912 3121/3417/2905 3240/3416/2904
f 3096/3395/2886 3119/3414/2902 3118/3415/2903 3100/3401/2891
f 3098/3394/2885 3120/3411/2899 3119/3414/2902 3096/3395/2886
f 3152/3392/2884 3154/3408/2898 3117/3410/1183 3095/3393/1167
f 3241/3432/2918 3123/3433/2919 3111/3431/2917 3238/3430/2916
f 3234/3419/2907 3112/3418/2906 3123/3433/2919 3241/3432/2918
f 3213/3403/2893 3214/3434/2920 3102/3406/2896 3103/3404/2894
f 3153/3293/2810 3155/3292/2809 3125/1421/1207 3104/3409/1184
f 3105/3413/2901 3106/3412/2900 3127/3291/2808 3107/3290/2807
f 3016/3275/2794 3129/3285/2802 3128/3435/2921 3014/3278/2789
f 3011/3274/2793 3130/3284/2801 3129/3285/2802 3016/3275/2794
f 3014/3270/2789 3128/3436/2921 3126/3298/2813 3009/3271/2790
f 3101/3437/1209 3124/1423/1212 3143/3438/2922 3141/3439/2923
f 3093/3440/1213 3114/3441/1216 3142/3442/2924 3140/3443/2925
f 3114/3441/1216 3101/3437/1209 3141/3439/2923 3142/3442/2924
f 3085/3444/1217 3093/3440/1213 3140/3443/2925 3139/3445/2926
f 3077/3446/1219 3085/3444/1217 3139/3445/2926 3138/3447/2927
f 3069/3448/1221 3077/3446/1219 3138/3447/2927 3137/3449/2928
f 3061/3450/1223 3069/3448/1221 3137/3449/2928 3136/3451/2929
f 3053/3452/1225 3061/3450/1223 3136/3451/2929 3135/3453/2930
f 3259/1407/1227 3053/1410/1225 3135/3454/2930 3260/3455/2931
f 3224/3456/2932 3225/3457/2933 3133/3314/2827 3132/3299/2814
f 3222/3281/2798 3224/3456/2932 3132/3299/2814 3126/3298/2813
f 3009/3271/2790 3126/3298/2813 3027/3282/2799 3017/3272/2791
f 3100/3401/2891 3118/3415/2903 3154/3408/2898 3152/3392/2884
f 3118/3415/2903 3107/3290/2807 3153/3293/2810 3154/3408/2898
f 3092/3383/2877 3100/3401/2891 3152/3392/2884 3151/3384/2878
f 3084/3377/2873 3092/3383/2877 3151/3384/2878 3150/3378/2874
f 3076/3367/2865 3084/3377/2873 3150/3378/2874 3149/3368/2866
f 3068/3356/2858 3076/3367/2865 3149/3368/2866 3148/3359/2859
f 3060/3357/2850 3068/3356/2858 3148/3359/2859 3147/3358/2837
f 3253/3341/2851 3060/3340/2850 3147/3325/2837 3261/3324/2836
f 3044/3309/2823 3052/3323/2835 3146/3315/2828 3145/3310/2824
f 3036/3297/2812 3044/3309/2823 3145/3310/2824 3144/3305/2819
f 3028/3289/2806 3036/3297/2812 3144/3305/2819 3130/3284/2801
f 3127/3291/2808 3157/3458/2934 3159/3459/2935 3155/3292/2809
f 3216/3460/2936 3143/3438/2922 3158/3461/2937 3217/3462/2938
f 3155/3292/2809 3159/3459/2935 3156/1422/1236 3125/1421/1207
f 3124/1423/1212 3131/1424/1237 3158/3461/2937 3143/3438/2922
f 3127/3291/2808 3160/3463/2939 3161/3464/2940 3157/3458/2934
f 3214/3434/2920 3143/3438/2922 3216/3460/2936 3219/3465/2941
f 3122/3466/2942 3160/3463/2939 3127/3291/2808 3106/3412/2900
f 3131/1424/1237 3162/1432/1243 3165/3467/2943 3158/3461/2937
f 3159/3459/2935 3166/3468/2944 3163/1433/1244 3156/1422/1236
f 3217/3462/2938 3158/3461/2937 3165/3467/2943 3218/3469/2945
f 3157/3458/2934 3161/3464/2940 3167/3470/2946 3164/3471/2947
f 3157/3458/2934 3164/3471/2947 3166/3468/2944 3159/3459/2935
f 3112/3418/2906 3172/3472/2948 3175/3473/2949 3123/3433/2919
f 3123/3433/2919 3175/3473/2949 3171/3474/2950 3111/3431/2917
f 3111/3431/2917 3171/3474/2950 3173/3475/2951 3116/3429/2915
f 3108/3421/2909 3168/3476/2952 3169/3477/2953 3109/3422/2910
f 3121/3417/2905 3174/3478/2954 3172/3472/2948 3112/3418/2906
f 3110/3426/2912 3170/3479/2955 3174/3478/2954 3121/3417/2905
f 3116/3429/2915 3173/3475/2951 3168/3476/2952 3108/3421/2909
f 3109/3425/2910 3169/3480/2953 3170/3479/2955 3110/3426/2912
f 3173/3475/2951 3181/3481/2956 3176/3482/2957 3168/3476/2952
f 3171/3474/2950 3179/3483/2958 3181/3481/2956 3173/3475/2951
f 3168/3476/2952 3176/3482/2957 3177/3484/2959 3169/3477/2953
f 3172/3472/2948 3180/3485/2960 3183/3486/2961 3175/3473/2949
f 3174/3478/2954 3182/3487/2962 3180/3485/2960 3172/3472/2948
f 3170/3479/2955 3178/3488/2963 3182/3487/2962 3174/3478/2954
f 3169/3480/2953 3177/3489/2959 3178/3488/2963 3170/3479/2955
f 3175/3473/2949 3183/3486/2961 3179/3483/2958 3171/3474/2950
f 3183/3486/2961 3191/3490/2964 3187/3491/2965 3179/3483/2958
f 3181/3481/2956 3189/3492/2966 3184/3493/2967 3176/3482/2957
f 3179/3483/2958 3187/3491/2965 3189/3492/2966 3181/3481/2956
f 3176/3482/2957 3184/3493/2967 3185/3494/2968 3177/3484/2959
f 3180/3485/2960 3188/3495/2969 3191/3490/2964 3183/3486/2961
f 3182/3487/2962 3190/3496/2970 3188/3495/2969 3180/3485/2960
f 3178/3488/2963 3186/3497/2971 3190/3496/2970 3182/3487/2962
f 3177/3489/2959 3185/3498/2968 3186/3497/2971 3178/3488/2963
f 3190/3496/2970 3198/3499/2972 3196/3500/2973 3188/3495/2969
f 3186/3497/2971 3194/3501/2974 3198/3499/2972 3190/3496/2970
f 3185/3498/2968 3193/3502/2975 3194/3501/2974 3186/3497/2971
f 3191/3490/2964 3199/3503/2976 3195/3504/2977 3187/3491/2965
f 3189/3492/2966 3197/3505/2978 3192/3506/2979 3184/3493/2967
f 3187/3491/2965 3195/3504/2977 3197/3505/2978 3189/3492/2966
f 3184/3493/2967 3192/3506/2979 3193/3507/2975 3185/3494/2968
f 3188/3495/2969 3196/3500/2973 3199/3503/2976 3191/3490/2964
f 4525/3508/2980 3204/3509/2981 3207/3510/2982 4520/3511/2983
f 4522/3512/2984 3205/3513/2985 3263/3514/2986 4508/3515/2987
f 4510/3516/2988 3264/3517/2989 3203/3518/2990 4521/3519/2991
f 4521/3519/2991 3203/3518/2990 3205/3513/2985 4522/3512/2984
f 4520/3511/2983 3207/3510/2982 3264/3517/2989 4510/3516/2988
f 4509/3520/2992 3265/3521/2993 3204/3509/2981 4525/3508/2980
f 4508/3515/2987 3263/3514/2986 3200/3522/2994 4526/3523/2995
f 3161/3464/2940 3217/3462/2938 3218/3469/2945 3167/3470/2946
f 3102/3406/2896 3214/3434/2920 3219/3465/2941 3122/3466/2942
f 3122/3466/2942 3219/3465/2941 3216/3460/2936 3160/3463/2939
f 3160/3463/2939 3216/3460/2936 3217/3462/2938 3161/3464/2940
f 3141/3439/2923 3143/3438/2922 3214/3434/2920 3213/3403/2893
f 3140/3443/2925 3142/3442/2924 3215/3402/2892 3212/3399/2890
f 3142/3442/2924 3141/3439/2923 3213/3403/2893 3215/3402/2892
f 3139/3445/2926 3140/3443/2925 3212/3399/2890 3211/3390/2883
f 3138/3447/2927 3139/3445/2926 3211/3390/2883 3210/3372/2868
f 3137/3449/2928 3138/3447/2927 3210/3372/2868 3209/3362/2860
f 3136/3451/2929 3137/3449/2928 3209/3362/2860 3208/3349/2855
f 3260/3455/2931 3135/3454/2930 3221/3337/2849 3262/3336/2848
f 3135/3453/2930 3136/3451/2929 3208/3349/2855 3221/3348/2849
f 3019/1223/1069 3029/1492/1297 3224/3456/2932 3222/3281/2798
f 3029/1492/1297 3037/1493/1298 3225/3457/2933 3224/3456/2932
f 3128/3436/2921 3223/3280/2797 3222/3281/2798 3126/3298/2813
f 3129/3285/2802 3026/1229/1075 3223/3294/2797 3128/3435/2921
f 3133/3314/2827 3225/3457/2933 3134/3524/2996 3220/3321/2834
f 3045/1495/1300 3134/3524/2996 3225/3457/2933 3037/1493/1298
f 3195/3504/2977 3232/3525/2997 3233/3526/2998 3197/3505/2978
f 3197/3505/2978 3233/3526/2998 3227/3527/2999 3192/3506/2979
f 3199/3503/2976 3228/3528/3000 3232/3525/2997 3195/3504/2977
f 3193/3502/2975 3226/3529/3001 3231/3530/3002 3194/3501/2974
f 3194/3501/2974 3231/3530/3002 3230/3531/3003 3198/3499/2972
f 3198/3499/2972 3230/3531/3003 3229/3532/3004 3196/3500/2973
f 3196/3500/2973 3229/3532/3004 3228/3528/3000 3199/3503/2976
f 3192/3506/2979 3227/3527/2999 3226/3533/3001 3193/3507/2975
f 3106/3534/2900 3234/3419/2907 3241/3432/2918 3122/3535/2942
f 3122/3535/2942 3241/3432/2918 3238/3430/2916 3102/3536/2896
f 3098/3537/2885 3235/3427/2913 3240/3416/2904 3120/3538/2899
f 3102/3536/2896 3238/3430/2916 3239/3428/2914 3115/3539/2897
f 3115/3539/2897 3239/3428/2914 3237/3420/2908 3094/3540/2887
f 3097/3541/2888 3236/3424/2911 3235/3427/2913 3098/3537/2885
f 3094/3540/2887 3237/3420/2908 3236/3423/2911 3097/3542/2888
f 3120/3538/2899 3240/3416/2904 3234/3419/2907 3106/3534/2900
f 2986/3208/2747 3251/3239/2776 3249/3243/2769 2984/3209/2748
f 2979/3217/2755 3248/3235/2772 3250/3236/2773 2987/3218/2756
f 2982/3215/2754 3246/3231/2768 3245/3224/2761 2988/3212/2751
f 2983/3219/2750 3242/3240/2760 3247/3228/2765 2985/3214/2753
f 2981/3213/2752 3244/3227/2764 3251/3239/2776 2986/3208/2747
f 2987/3218/2756 3250/3236/2773 3243/3220/2757 2980/3210/2749
f 2984/3216/2748 3249/3232/2769 3248/3235/2772 2979/3217/2755
f 2985/3214/2753 3247/3228/2765 3246/3231/2768 2982/3215/2754
f 2988/3212/2751 3245/3224/2761 3244/3227/2764 2981/3213/2752
f 2980/3210/2749 3243/3220/2757 3242/3223/2760 2983/3211/2750
f 3134/3524/2996 3260/3455/2931 3262/3336/2848 3220/3321/2834
f 3052/3323/2835 3253/3341/2851 3261/3324/2836 3146/3315/2828
f 3045/1495/1300 3259/1407/1227 3260/3455/2931 3134/3524/2996
f 3048/3317/2830 3254/3329/2841 3253/3341/2851 3052/3323/2835
f 3049/3322/2832 3256/3338/2845 3255/3326/2838 3050/3316/2829
f 3220/3321/2834 3262/3336/2848 3258/3334/2846 3051/3320/2833
f 3051/3320/2833 3258/3334/2846 3257/3330/2842 3046/3318/2831
f 3046/3318/2831 3257/3330/2842 3256/3333/2845 3049/3319/2832
f 3050/3316/2829 3255/3326/2838 3254/3329/2841 3048/3317/2830
f 3146/3315/2828 3261/3324/2836 3252/1274/1114 3047/1263/1104
f 3268/3543/3005 3202/3544/3006 3505/3545/3007 3506/3546/3008
f 3646/3547/3009 3273/3548/3010 3643/3549/3011 3374/3550/3012
f 3205/3551/2985 3271/3552/3013 3266/3553/3014 3263/3554/2986
f 3200/3555/2994 3363/3556/3015 3267/3557/3016 3201/3558/3017
f 3206/3559/3018 3376/3560/3019 3272/3561/3020 3265/3562/2993
f 3275/3563/3021 3283/3564/3022 3284/3565/3023 3276/3566/3024
f 3281/3567/3025 3289/3568/3026 3285/3569/3027 3277/3570/3028
f 3279/3571/3029 3287/3572/3030 3282/3573/3031 3274/3574/3032
f 3277/3570/3028 3285/3569/3027 3287/3575/3030 3279/3576/3029
f 3274/3574/3032 3282/3573/3031 3283/3564/3022 3275/3563/3021
f 3278/3577/3033 3286/3578/3034 3289/3568/3026 3281/3567/3025
f 3280/3579/3035 3288/3580/3036 3286/3578/3034 3278/3577/3033
f 3276/3566/3024 3284/3565/3023 3288/3581/3036 3280/3582/3035
f 3427/3583/3037 3292/3584/3038 3296/3585/3039 3424/3586/3040
f 3428/3587/3041 3291/3588/3042 3292/3584/3038 3427/3583/3037
f 3429/3589/3043 3297/3590/3044 3293/3591/3045 3425/3592/3046
f 3430/3593/3047 3295/3594/3048 3290/3595/3049 3426/3596/3050
f 3425/3592/3046 3293/3591/3045 3295/3597/3048 3430/3598/3047
f 3426/3596/3050 3290/3595/3049 3291/3588/3042 3428/3587/3041
f 3431/3599/3051 3294/3600/3052 3297/3590/3044 3429/3589/3043
f 3424/3601/3040 3296/3602/3039 3294/3600/3052 3431/3599/3051
f 3308/3603/3053 3302/3604/3054 3305/3605/3055 3307/3606/3056
f 3309/3607/3057 3304/3608/3058 3302/3604/3054 3308/3603/3053
f 3310/3609/3059 3300/3610/3060 3304/3611/3058 3309/3612/3057
f 3311/3613/3061 3299/3614/3062 3300/3610/3060 3310/3609/3059
f 3307/3606/3056 3305/3605/3055 3301/3615/3063 3312/3616/3064
f 3314/3617/3065 3303/3618/3066 3298/3619/3067 3313/3620/3068
f 3312/3616/3064 3301/3615/3063 3303/3621/3066 3314/3622/3065
f 3313/3620/3068 3298/3619/3067 3299/3614/3062 3311/3613/3061
f 3299/3614/3062 3306/3623/3069 3304/3611/3058 3300/3610/3060
f 3299/3614/3062 3298/3619/3067 3303/3618/3066 3306/3623/3069
f 3301/3615/3063 3305/3605/3055 3306/3624/3069 3303/3621/3066
f 3302/3604/3054 3304/3608/3058 3306/3624/3069 3305/3605/3055
f 3290/3595/3049 3313/3620/3068 3311/3613/3061 3291/3588/3042
f 3293/3591/3045 3312/3616/3064 3314/3622/3065 3295/3597/3048
f 3295/3594/3048 3314/3617/3065 3313/3620/3068 3290/3595/3049
f 3297/3590/3044 3307/3606/3056 3312/3616/3064 3293/3591/3045
f 3291/3588/3042 3311/3613/3061 3310/3609/3059 3292/3584/3038
f 3292/3584/3038 3310/3609/3059 3309/3612/3057 3296/3585/3039
f 3296/3602/3039 3309/3607/3057 3308/3603/3053 3294/3600/3052
f 3294/3600/3052 3308/3603/3053 3307/3606/3056 3297/3590/3044
f 3316/3625/3070 3324/3626/3071 3325/3627/3072 3317/3628/3073
f 3322/3629/3074 3330/3630/3075 3326/3631/3076 3318/3632/3077
f 3320/3633/3078 3328/3634/3079 3323/3635/3080 3315/3636/3081
f 3318/3632/3077 3326/3631/3076 3328/3634/3079 3320/3633/3078
f 3315/3636/3081 3323/3635/3080 3324/3637/3071 3316/3638/3070
f 3319/3639/3082 3327/3640/3083 3330/3641/3075 3322/3642/3074
f 3321/3643/3084 3329/3644/3085 3327/3640/3083 3319/3639/3082
f 3317/3628/3073 3325/3627/3072 3329/3644/3085 3321/3643/3084
f 3490/3645/3086 3333/3646/3087 3337/3647/3088 3489/3648/3089
f 3491/3649/3090 3332/3650/3091 3333/3646/3087 3490/3645/3086
f 3493/3651/3092 3338/3652/3093 3334/3653/3094 3492/3654/3095
f 3495/3655/3096 3336/3656/3097 3331/3657/3098 3494/3658/3099
f 3492/3654/3095 3334/3653/3094 3336/3656/3097 3495/3655/3096
f 3494/3658/3099 3331/3657/3098 3332/3659/3091 3491/3660/3090
f 3496/3661/3100 3335/3662/3101 3338/3663/3093 3493/3664/3092
f 3489/3648/3089 3337/3647/3088 3335/3662/3101 3496/3661/3100
f 3349/3665/3102 3343/3666/3103 3346/3667/3104 3348/3668/3105
f 3350/3669/3106 3345/3670/3107 3343/3666/3103 3349/3665/3102
f 3351/3671/3108 3341/3672/3109 3345/3670/3107 3350/3669/3106
f 3352/3673/3110 3340/3674/3111 3341/3672/3109 3351/3671/3108
f 3348/3675/3105 3346/3676/3104 3342/3677/3112 3353/3678/3113
f 3355/3679/3114 3344/3680/3115 3339/3681/3116 3354/3682/3117
f 3353/3678/3113 3342/3677/3112 3344/3680/3115 3355/3679/3114
f 3354/3682/3117 3339/3681/3116 3340/3683/3111 3352/3684/3110
f 3340/3674/3111 3347/3685/3118 3345/3670/3107 3341/3672/3109
f 3340/3683/3111 3339/3681/3116 3344/3680/3115 3347/3686/3118
f 3342/3677/3112 3346/3676/3104 3347/3686/3118 3344/3680/3115
f 3343/3666/3103 3345/3670/3107 3347/3685/3118 3346/3667/3104
f 3331/3657/3098 3354/3682/3117 3352/3684/3110 3332/3659/3091
f 3355/3679/3114 3519/3687/3119 3517/3688/3120 3353/3678/3113
f 3353/3678/3113 3517/3688/3120 3515/3689/3121 3334/3653/3094
f 3338/3652/3093 3348/3675/3105 3353/3678/3113 3334/3653/3094
f 3332/3650/3091 3352/3673/3110 3351/3671/3108 3333/3646/3087
f 3333/3646/3087 3351/3671/3108 3350/3669/3106 3337/3647/3088
f 3337/3647/3088 3350/3669/3106 3349/3665/3102 3335/3662/3101
f 3335/3662/3101 3349/3665/3102 3348/3668/3105 3338/3663/3093
f 3315/3636/3081 3356/3690/3122 3358/3691/3123 3320/3633/3078
f 3320/3633/3078 3358/3691/3123 3357/3692/3124 3318/3632/3077
f 3356/3690/3122 3359/3693/3125 3361/3694/3126 3358/3691/3123
f 3358/3691/3123 3361/3694/3126 3360/3695/3127 3357/3692/3124
f 3359/3693/3125 3266/3553/3014 3271/3552/3013 3361/3694/3126
f 3360/3695/3127 3361/3694/3126 3271/3696/3013 3375/3697/3128
f 3365/3698/3129 3386/3699/3130 3364/3700/3131 3366/3701/3132
f 3266/3553/3014 3359/3693/3125 3364/3702/3131 3363/3703/3015
f 3263/3554/2986 3266/3553/3014 3363/3703/3015 3200/3704/2994
f 3359/3693/3125 3356/3690/3122 3366/3705/3132 3364/3702/3131
f 3316/3638/3070 3366/3705/3132 3356/3690/3122 3315/3636/3081
f 3322/3642/3074 3371/3706/3133 3369/3707/3134 3319/3639/3082
f 3319/3639/3082 3369/3707/3134 3370/3708/3135 3321/3643/3084
f 3321/3643/3084 3370/3708/3135 3365/3698/3129 3317/3628/3073
f 3317/3628/3073 3365/3698/3129 3366/3701/3132 3316/3625/3070
f 3318/3632/3077 3357/3692/3124 3371/3709/3133 3322/3629/3074
f 3391/3710/3136 3392/3711/3137 3375/3697/3128 3271/3696/3013
f 3203/3712/2990 3391/3710/3136 3271/3696/3013 3205/3713/2985
f 3360/3695/3127 3375/3697/3128 3371/3709/3133 3357/3692/3124
f 3376/3560/3019 3377/3714/3138 3373/3715/3139 3272/3561/3020
f 3506/3546/3008 3504/3716/3140 3367/3717/3141 3268/3543/3005
f 3268/3543/3005 3367/3717/3141 3377/3714/3138 3376/3560/3019
f 3202/3544/3006 3268/3543/3005 3376/3560/3019 3206/3559/3018
f 3377/3714/3138 3384/3718/3142 3381/3719/3143 3373/3715/3139
f 3649/3720/3144 3650/3721/3145 3368/3722/3146 3362/3723/3147
f 3498/3724/3148 3500/3725/3149 3380/3726/3150 3372/3727/3151
f 3367/3717/3141 3379/3728/3152 3384/3718/3142 3377/3714/3138
f 3643/3549/3011 3644/3729/3153 3382/3730/3154 3374/3550/3012
f 3363/3556/3015 3364/3700/3131 3386/3699/3130 3378/3731/3155
f 3371/3709/3133 3375/3697/3128 3392/3711/3137 3393/3732/3156
f 3669/3733/3157 3401/3734/3158 3657/3735/3159 3658/3736/3160
f 3383/3737/3161 3658/3736/3160 3667/3738/3162
f 3657/3735/3159 3653/3739/3163 3581/3740/3164 3398/3741/3165
f 3370/3708/3135 3369/3707/3134 3390/3742/3166 3389/3743/3167
f 3652/3744/3168 3654/3745/3169 3393/3732/3156 3392/3711/3137
f 3264/3746/2989 3269/3747/3170 3391/3710/3136 3203/3712/2990
f 3269/3747/3170 3652/3744/3168 3392/3711/3137 3391/3710/3136
f 3369/3707/3134 3371/3706/3133 3393/3748/3156 3390/3742/3166
f 3385/3749/3171 3388/3750/3172 3655/3751/3173
f 3363/3556/3015 3378/3731/3155 3385/3752/3171 3267/3557/3016
f 3676/3753/3174 3510/3754/3175 3387/3755/3176 3659/3756/3177
f 3662/3757/3178 3399/3758/3179 3396/3759/3180 3661/3760/3181
f 3679/3761/3182 3640/3762/3183 3394/3763/3184 3663/3764/3185
f 3666/3765/3186 3403/3766/3187 3402/3767/3188 3665/3768/3189
f 3667/3738/3162 3398/3741/3165 3400/3769/3190 3660/3770/3191
f 3659/3756/3177 3387/3755/3176 3399/3758/3179 3662/3757/3178
f 3677/3771/3192 3578/3772/3193 3397/3773/3194 3664/3774/3195
f 3658/3736/3160 3657/3735/3159 3398/3741/3165 3667/3738/3162
f 3674/3775/3196 3502/3776/3197 3395/3777/3198 3668/3778/3199
f 3665/3768/3189 3402/3767/3188 3401/3734/3158 3669/3733/3157
f 3681/3779/3200 3582/3780/3201 3403/3781/3187 3666/3782/3186
f 3672/3783/3202 3413/3784/3203 3407/3785/3204 3670/3786/3205
f 3409/3787/3206 3411/3788/3207 3406/3789/3208 3405/3790/3209
f 3280/3582/3035 3396/3759/3180 3399/3758/3179 3276/3566/3024
f 3265/3791/2993 3272/3792/3020 3404/3793/3210
f 3409/3787/3206 3405/3790/3209 3404/3793/3210 3408/3794/3211
f 3272/3792/3020 3373/3795/3139 3408/3794/3211 3404/3793/3210
f 3373/3795/3139 3381/3796/3143 3410/3797/3212 3408/3794/3211
f 3408/3794/3211 3410/3797/3212 3411/3788/3207 3409/3787/3206
f 3661/3798/3181 3396/3799/3180 3412/3800/3213 3671/3801/3214
f 3671/3801/3214 3412/3800/3213 3413/3784/3203 3672/3783/3202
f 3278/3577/3033 3412/3800/3213 3396/3799/3180 3280/3579/3035
f 3281/3567/3025 3413/3784/3203 3412/3800/3213 3278/3577/3033
f 3277/3570/3028 3407/3785/3204 3413/3784/3203 3281/3567/3025
f 3277/3570/3028 3279/3576/3029 3414/3802/3215 3407/3785/3204
f 3276/3566/3024 3399/3758/3179 3387/3755/3176 3275/3563/3021
f 3274/3574/3032 3275/3563/3021 3387/3755/3176 3415/3803/3216
f 3279/3571/3029 3274/3574/3032 3415/3803/3216 3414/3804/3215
f 3288/3580/3036 3416/3805/3217 3423/3806/3218 3286/3578/3034
f 3286/3578/3034 3423/3806/3218 3420/3807/3219 3289/3568/3026
f 3282/3573/3031 3421/3808/3220 3418/3809/3221 3283/3564/3022
f 3285/3569/3027 3419/3810/3222 3422/3811/3223 3287/3575/3030
f 3287/3572/3030 3422/3812/3223 3421/3808/3220 3282/3573/3031
f 3289/3568/3026 3420/3807/3219 3419/3810/3222 3285/3569/3027
f 3283/3564/3022 3418/3809/3221 3417/3813/3224 3284/3565/3023
f 3284/3565/3023 3417/3813/3224 3416/3814/3217 3288/3581/3036
f 3416/3805/3217 3424/3601/3040 3431/3599/3051 3423/3806/3218
f 3423/3806/3218 3431/3599/3051 3429/3589/3043 3420/3807/3219
f 3421/3808/3220 3426/3596/3050 3428/3587/3041 3418/3809/3221
f 3419/3810/3222 3425/3592/3046 3430/3598/3047 3422/3811/3223
f 3422/3812/3223 3430/3593/3047 3426/3596/3050 3421/3808/3220
f 3420/3807/3219 3429/3589/3043 3425/3592/3046 3419/3810/3222
f 3418/3809/3221 3428/3587/3041 3427/3583/3037 3417/3813/3224
f 3417/3813/3224 3427/3583/3037 3424/3586/3040 3416/3814/3217
f 3433/3815/3225 3441/3816/3226 3442/3817/3227 3434/3818/3228
f 3439/3819/3229 3447/3820/3230 3443/3821/3231 3435/3822/3232
f 3437/3823/3233 3445/3824/3234 3440/3825/3235 3432/3826/3236
f 3435/3822/3232 3443/3821/3231 3445/3827/3234 3437/3828/3233
f 3432/3826/3236 3440/3825/3235 3441/3816/3226 3433/3815/3225
f 3436/3829/3237 3444/3830/3238 3447/3820/3230 3439/3819/3229
f 3438/3831/3239 3446/3832/3240 3444/3830/3238 3436/3829/3237
f 3434/3818/3228 3442/3817/3227 3446/3833/3240 3438/3834/3239
f 3484/3835/3241 3450/3836/3242 3454/3837/3243 3481/3838/3244
f 3485/3839/3245 3449/3840/3246 3450/3836/3242 3484/3835/3241
f 3486/3841/3247 3455/3842/3248 3451/3843/3249 3482/3844/3250
f 3487/3845/3251 3453/3846/3252 3448/3847/3253 3483/3848/3254
f 3482/3844/3250 3451/3843/3249 3453/3849/3252 3487/3850/3251
f 3483/3848/3254 3448/3847/3253 3449/3840/3246 3485/3839/3245
f 3488/3851/3255 3452/3852/3256 3455/3842/3248 3486/3841/3247
f 3481/3853/3244 3454/3854/3243 3452/3852/3256 3488/3851/3255
f 3466/3855/3257 3460/3856/3258 3463/3857/3259 3465/3858/3260
f 3467/3859/3261 3462/3860/3262 3460/3856/3258 3466/3855/3257
f 3468/3861/3263 3458/3862/3264 3462/3863/3262 3467/3864/3261
f 3469/3865/3265 3457/3866/3266 3458/3862/3264 3468/3861/3263
f 3465/3858/3260 3463/3857/3259 3459/3867/3267 3470/3868/3268
f 3472/3869/3269 3461/3870/3270 3456/3871/3271 3471/3872/3272
f 3470/3868/3268 3459/3867/3267 3461/3873/3270 3472/3874/3269
f 3471/3872/3272 3456/3871/3271 3457/3866/3266 3469/3865/3265
f 3457/3866/3266 3464/3875/3273 3462/3863/3262 3458/3862/3264
f 3457/3866/3266 3456/3871/3271 3461/3870/3270 3464/3875/3273
f 3459/3867/3267 3463/3857/3259 3464/3876/3273 3461/3873/3270
f 3460/3856/3258 3462/3860/3262 3464/3876/3273 3463/3857/3259
f 3448/3847/3253 3471/3872/3272 3469/3865/3265 3449/3840/3246
f 3451/3843/3249 3470/3868/3268 3472/3874/3269 3453/3849/3252
f 3453/3846/3252 3472/3869/3269 3471/3872/3272 3448/3847/3253
f 3455/3842/3248 3465/3858/3260 3470/3868/3268 3451/3843/3249
f 3449/3840/3246 3469/3865/3265 3468/3861/3263 3450/3836/3242
f 3450/3836/3242 3468/3861/3263 3467/3864/3261 3454/3837/3243
f 3454/3854/3243 3467/3859/3261 3466/3855/3257 3452/3852/3256
f 3452/3852/3256 3466/3855/3257 3465/3858/3260 3455/3842/3248
f 3446/3832/3240 3473/3877/3274 3480/3878/3275 3444/3830/3238
f 3444/3830/3238 3480/3878/3275 3477/3879/3276 3447/3820/3230
f 3440/3825/3235 3478/3880/3277 3475/3881/3278 3441/3816/3226
f 3443/3821/3231 3476/3882/3279 3479/3883/3280 3445/3827/3234
f 3445/3824/3234 3479/3884/3280 3478/3880/3277 3440/3825/3235
f 3447/3820/3230 3477/3879/3276 3476/3882/3279 3443/3821/3231
f 3441/3816/3226 3475/3881/3278 3474/3885/3281 3442/3817/3227
f 3442/3817/3227 3474/3885/3281 3473/3886/3274 3446/3833/3240
f 3473/3877/3274 3481/3853/3244 3488/3851/3255 3480/3878/3275
f 3480/3878/3275 3488/3851/3255 3486/3841/3247 3477/3879/3276
f 3478/3880/3277 3483/3848/3254 3485/3839/3245 3475/3881/3278
f 3476/3882/3279 3482/3844/3250 3487/3850/3251 3479/3883/3280
f 3479/3884/3280 3487/3845/3251 3483/3848/3254 3478/3880/3277
f 3477/3879/3276 3486/3841/3247 3482/3844/3250 3476/3882/3279
f 3475/3881/3278 3485/3839/3245 3484/3835/3241 3474/3885/3281
f 3474/3885/3281 3484/3835/3241 3481/3838/3244 3473/3886/3274
f 3329/3644/3085 3489/3648/3089 3496/3661/3100 3327/3640/3083
f 3327/3640/3083 3496/3661/3100 3493/3664/3092 3330/3641/3075
f 3323/3635/3080 3494/3658/3099 3491/3660/3090 3324/3637/3071
f 3326/3631/3076 3492/3654/3095 3495/3655/3096 3328/3634/3079
f 3328/3634/3079 3495/3655/3096 3494/3658/3099 3323/3635/3080
f 3330/3630/3075 3493/3651/3092 3492/3654/3095 3326/3631/3076
f 3324/3626/3071 3491/3649/3090 3490/3645/3086 3325/3627/3072
f 3325/3627/3072 3490/3645/3086 3489/3648/3089 3329/3644/3085
f 3670/3786/3205 3407/3785/3204 3501/3887/3282 3673/3888/3283
f 3673/3888/3283 3501/3887/3282 3502/3776/3197 3674/3775/3196
f 3405/3790/3209 3406/3789/3208 3499/3889/3284 3497/3890/3285
f 3497/3890/3285 3499/3889/3284 3500/3725/3149 3498/3724/3148
f 3404/3793/3210 3405/3790/3209 3497/3890/3285 3270/3891/3286
f 3265/3791/2993 3404/3793/3210 3270/3891/3286 3204/3892/2981
f 3439/3819/3229 3502/3776/3197 3501/3887/3282 3436/3829/3237
f 3435/3822/3232 3395/3777/3198 3502/3776/3197 3439/3819/3229
f 3680/3893/3287 3656/3894/3288 3509/3895/3289 3675/3896/3290
f 3675/3896/3290 3509/3895/3289 3510/3754/3175 3676/3753/3174
f 3367/3717/3141 3504/3716/3140 3508/3897/3291 3379/3728/3152
f 3504/3716/3140 3503/3898/3292 3507/3899/3293 3508/3897/3291
f 3267/3900/3016 3385/3749/3171 3503/3898/3292 3505/3545/3007
f 3505/3545/3007 3503/3898/3292 3504/3716/3140 3506/3546/3008
f 3201/3901/3017 3267/3900/3016 3505/3545/3007 3202/3544/3006
f 3438/3831/3239 3436/3829/3237 3501/3887/3282 3511/3902/3294
f 3407/3785/3204 3414/3802/3215 3511/3902/3294 3501/3887/3282
f 3434/3818/3228 3438/3834/3239 3511/3903/3294 3512/3904/3295
f 3414/3804/3215 3415/3803/3216 3512/3904/3295 3511/3903/3294
f 3510/3754/3175 3512/3904/3295 3415/3803/3216 3387/3755/3176
f 3510/3754/3175 3509/3895/3289 3513/3905/3296 3512/3904/3295
f 3434/3818/3228 3512/3904/3295 3513/3905/3296 3433/3815/3225
f 3336/3656/3097 3516/3906/3297 3514/3907/3298 3331/3657/3098
f 3354/3682/3117 3518/3908/3299 3519/3687/3119 3355/3679/3114
f 3334/3653/3094 3515/3689/3121 3516/3906/3297 3336/3656/3097
f 3331/3657/3098 3514/3907/3298 3518/3908/3299 3354/3682/3117
f 3515/3689/3121 3517/3688/3120 3519/3687/3119 3516/3906/3297
f 3516/3906/3297 3519/3687/3119 3518/3908/3299 3514/3907/3298
f 3522/3909/3300 3530/3910/3301 3531/3911/3302 3523/3912/3303
f 3528/3913/3304 3536/3914/3305 3532/3915/3306 3524/3916/3307
f 3526/3917/3308 3534/3918/3309 3529/3919/3310 3521/3920/3311
f 3524/3916/3307 3532/3915/3306 3534/3921/3309 3526/3922/3308
f 3521/3920/3311 3529/3919/3310 3530/3910/3301 3522/3909/3300
f 3525/3923/3312 3533/3924/3313 3536/3914/3305 3528/3913/3304
f 3527/3925/3314 3535/3926/3315 3533/3924/3313 3525/3923/3312
f 3523/3912/3303 3531/3911/3302 3535/3927/3315 3527/3928/3314
f 3573/3929/3241 3539/3930/3242 3543/3931/3243 3570/3932/3244
f 3574/3933/3245 3538/3934/3246 3539/3930/3242 3573/3929/3241
f 3575/3935/3247 3544/3936/3248 3540/3937/3316 3571/3938/3250
f 3576/3939/3251 3542/3940/3252 3537/3941/3253 3572/3942/3254
f 3571/3938/3250 3540/3937/3316 3542/3943/3252 3576/3944/3251
f 3572/3942/3254 3537/3941/3253 3538/3934/3246 3574/3933/3245
f 3577/3945/3255 3541/3946/3256 3544/3936/3248 3575/3935/3247
f 3570/3947/3244 3543/3948/3243 3541/3946/3256 3577/3945/3255
f 3555/3949/3257 3549/3950/3258 3552/3951/3259 3554/3952/3260
f 3556/3953/3317 3551/3954/3318 3549/3950/3258 3555/3949/3257
f 3557/3955/3319 3547/3956/3264 3551/3957/3318 3556/3958/3317
f 3558/3959/3320 3546/3960/3266 3547/3956/3264 3557/3955/3319
f 3554/3952/3260 3552/3951/3259 3548/3961/3267 3559/3962/3268
f 3561/3963/3269 3550/3964/3270 3545/3965/3271 3560/3966/3321
f 3559/3962/3268 3548/3961/3267 3550/3967/3270 3561/3968/3269
f 3560/3966/3321 3545/3965/3271 3546/3960/3266 3558/3959/3320
f 3546/3960/3266 3553/3969/3273 3551/3957/3318 3547/3956/3264
f 3546/3960/3266 3545/3965/3271 3550/3964/3270 3553/3969/3273
f 3548/3961/3267 3552/3951/3259 3553/3970/3273 3550/3967/3270
f 3549/3950/3258 3551/3954/3318 3553/3970/3273 3552/3951/3259
f 3537/3941/3253 3560/3966/3321 3558/3959/3320 3538/3934/3246
f 3540/3937/3316 3559/3962/3268 3561/3968/3269 3542/3943/3252
f 3542/3940/3252 3561/3963/3269 3560/3966/3321 3537/3941/3253
f 3544/3936/3248 3554/3952/3260 3559/3962/3268 3540/3937/3316
f 3538/3934/3246 3558/3959/3320 3557/3955/3319 3539/3930/3242
f 3539/3930/3242 3557/3955/3319 3556/3958/3317 3543/3931/3243
f 3543/3948/3243 3556/3953/3317 3555/3949/3257 3541/3946/3256
f 3541/3946/3256 3555/3949/3257 3554/3952/3260 3544/3936/3248
f 3535/3926/3315 3562/3971/3274 3569/3972/3275 3533/3924/3313
f 3533/3924/3313 3569/3972/3275 3566/3973/3276 3536/3914/3305
f 3529/3919/3310 3567/3974/3277 3564/3975/3278 3530/3910/3301
f 3532/3915/3306 3565/3976/3279 3568/3977/3280 3534/3921/3309
f 3534/3918/3309 3568/3978/3280 3567/3974/3277 3529/3919/3310
f 3536/3914/3305 3566/3973/3276 3565/3976/3279 3532/3915/3306
f 3530/3910/3301 3564/3975/3278 3563/3979/3281 3531/3911/3302
f 3531/3911/3302 3563/3979/3281 3562/3980/3274 3535/3927/3315
f 3562/3971/3274 3570/3947/3244 3577/3945/3255 3569/3972/3275
f 3569/3972/3275 3577/3945/3255 3575/3935/3247 3566/3973/3276
f 3567/3974/3277 3572/3942/3254 3574/3933/3245 3564/3975/3278
f 3565/3976/3279 3571/3938/3250 3576/3944/3251 3568/3977/3280
f 3568/3978/3280 3576/3939/3251 3572/3942/3254 3567/3974/3277
f 3566/3973/3276 3575/3935/3247 3571/3938/3250 3565/3976/3279
f 3564/3975/3278 3574/3933/3245 3573/3929/3241 3563/3979/3281
f 3563/3979/3281 3573/3929/3241 3570/3932/3244 3562/3980/3274
f 3528/3913/3304 3397/3773/3194 3578/3772/3193 3525/3923/3312
f 3524/3916/3307 3520/3981/3322 3397/3773/3194 3528/3913/3304
f 3527/3925/3314 3525/3923/3312 3578/3772/3193 3579/3982/3323
f 3523/3912/3303 3527/3928/3314 3579/3983/3323 3580/3984/3324
f 3523/3912/3303 3580/3984/3324 3581/3740/3164 3522/3909/3300
f 3584/3985/3325 3592/3986/3326 3593/3987/3327 3585/3988/3328
f 3590/3989/3329 3598/3990/3330 3594/3991/3331 3586/3992/3332
f 3588/3993/3333 3596/3994/3334 3591/3995/3335 3583/3996/3336
f 3586/3992/3332 3594/3991/3331 3596/3997/3334 3588/3998/3333
f 3583/3996/3336 3591/3995/3335 3592/3986/3326 3584/3985/3325
f 3587/3999/3337 3595/4000/3338 3598/3990/3330 3590/3989/3329
f 3589/4001/3339 3597/4002/3340 3595/4000/3338 3587/3999/3337
f 3585/3988/3328 3593/3987/3327 3597/4003/3340 3589/4004/3339
f 3635/4005/3341 3601/4006/3342 3605/4007/3343 3632/4008/3344
f 3636/4009/3345 3600/4010/3346 3601/4006/3342 3635/4005/3341
f 3637/4011/3347 3606/4012/3348 3602/4013/3349 3633/4014/3350
f 3638/4015/3351 3604/4016/3352 3599/4017/3353 3634/4018/3354
f 3633/4014/3350 3602/4013/3349 3604/4019/3352 3638/4020/3351
f 3634/4018/3354 3599/4017/3353 3600/4010/3346 3636/4009/3345
f 3639/4021/3355 3603/4022/3356 3606/4012/3348 3637/4011/3347
f 3632/4023/3344 3605/4024/3343 3603/4022/3356 3639/4021/3355
f 3617/4025/3357 3611/4026/3358 3614/4027/3359 3616/4028/3360
f 3618/4029/3361 3613/4030/3362 3611/4026/3358 3617/4025/3357
f 3619/4031/3363 3609/4032/3364 3613/4033/3362 3618/4034/3361
f 3620/4035/3365 3608/4036/3366 3609/4032/3364 3619/4031/3363
f 3616/4028/3360 3614/4027/3359 3610/4037/3367 3621/4038/3368
f 3623/4039/3369 3612/4040/3370 3607/4041/3371 3622/4042/3372
f 3621/4038/3368 3610/4037/3367 3612/4043/3370 3623/4044/3369
f 3622/4042/3372 3607/4041/3371 3608/4036/3366 3620/4035/3365
f 3608/4036/3366 3615/4045/3373 3613/4033/3362 3609/4032/3364
f 3608/4036/3366 3607/4041/3371 3612/4040/3370 3615/4045/3373
f 3610/4037/3367 3614/4027/3359 3615/4046/3373 3612/4043/3370
f 3611/4026/3358 3613/4030/3362 3615/4046/3373 3614/4027/3359
f 3599/4017/3353 3622/4042/3372 3620/4035/3365 3600/4010/3346
f 3602/4013/3349 3621/4038/3368 3623/4044/3369 3604/4019/3352
f 3604/4016/3352 3623/4039/3369 3622/4042/3372 3599/4017/3353
f 3606/4012/3348 3616/4028/3360 3621/4038/3368 3602/4013/3349
f 3600/4010/3346 3620/4035/3365 3619/4031/3363 3601/4006/3342
f 3601/4006/3342 3619/4031/3363 3618/4034/3361 3605/4007/3343
f 3605/4024/3343 3618/4029/3361 3617/4025/3357 3603/4022/3356
f 3603/4022/3356 3617/4025/3357 3616/4028/3360 3606/4012/3348
f 3597/4002/3340 3624/4047/3374 3631/4048/3375 3595/4000/3338
f 3595/4000/3338 3631/4048/3375 3628/4049/3376 3598/3990/3330
f 3591/3995/3335 3629/4050/3377 3626/4051/3378 3592/3986/3326
f 3594/3991/3331 3627/4052/3379 3630/4053/3380 3596/3997/3334
f 3596/3994/3334 3630/4054/3380 3629/4050/3377 3591/3995/3335
f 3598/3990/3330 3628/4049/3376 3627/4052/3379 3594/3991/3331
f 3592/3986/3326 3626/4051/3378 3625/4055/3381 3593/3987/3327
f 3593/3987/3327 3625/4055/3381 3624/4056/3374 3597/4003/3340
f 3624/4047/3374 3632/4023/3344 3639/4021/3355 3631/4048/3375
f 3631/4048/3375 3639/4021/3355 3637/4011/3347 3628/4049/3376
f 3629/4050/3377 3634/4018/3354 3636/4009/3345 3626/4051/3378
f 3627/4052/3379 3633/4014/3350 3638/4020/3351 3630/4053/3380
f 3630/4054/3380 3638/4015/3351 3634/4018/3354 3629/4050/3377
f 3628/4049/3376 3637/4011/3347 3633/4014/3350 3627/4052/3379
f 3626/4051/3378 3636/4009/3345 3635/4005/3341 3625/4055/3381
f 3625/4055/3381 3635/4005/3341 3632/4008/3344 3624/4056/3374
f 3590/3989/3329 3394/3763/3184 3640/3762/3183 3587/3999/3337
f 3586/3992/3332 3582/3780/3201 3394/3763/3184 3590/3989/3329
f 3589/4001/3339 3587/3999/3337 3640/3762/3183 3641/4057/3382
f 3585/3988/3328 3589/4004/3339 3641/4058/3382 3642/4059/3383
f 3585/3988/3328 3642/4059/3383 3401/3734/3158 3584/3985/3325
f 3668/3778/3199 3395/3777/3198 3578/3772/3193 3677/3771/3192
f 3372/3727/3151 3380/3726/3150 3644/3729/3153 3643/3549/3011
f 3270/3891/3286 3372/3727/3151 3643/3549/3011 3273/3548/3010
f 3204/3892/2981 3270/3891/3286 3273/3548/3010 3207/4060/2982
f 3435/3822/3232 3437/3828/3233 3645/4061/3384 3395/3777/3198
f 3395/3777/3198 3645/4061/3384 3579/3982/3323 3578/3772/3193
f 3432/3826/3236 3433/3815/3225 3513/3905/3296 3647/4062/3385
f 3432/3826/3236 3647/4062/3385 3645/4063/3384 3437/3823/3233
f 3645/4063/3384 3647/4062/3385 3580/3984/3324 3579/3983/3323
f 3664/3774/3195 3397/3773/3194 3520/3981/3322 3678/4064/3386
f 3374/3550/3012 3382/3730/3154 3648/4065/3387 3646/3547/3009
f 3362/3723/3147 3652/3744/3168 3269/3747/3170 3649/3720/3144
f 3678/4064/3386 3520/3981/3322 3640/3762/3183 3679/3761/3182
f 3646/3547/3009 3648/4065/3387 3650/3721/3145 3649/3720/3144
f 3273/3548/3010 3646/3547/3009 3649/3720/3144 3269/3747/3170
f 3207/4060/2982 3273/3548/3010 3269/3747/3170 3264/3746/2989
f 3524/3916/3307 3526/3922/3308 3651/4066/3388 3520/3981/3322
f 3520/3981/3322 3651/4066/3388 3641/4057/3382 3640/3762/3183
f 3526/3917/3308 3521/3920/3311 3653/3739/3163 3651/4067/3388
f 3651/4067/3388 3653/3739/3163 3642/4059/3383 3641/4058/3382
f 3660/3770/3191 3400/3769/3190 3656/3894/3288 3680/3893/3287
f 3503/3898/3292 3385/3749/3171 3655/3751/3173 3507/3899/3293
f 3509/3895/3289 3656/3894/3288 3647/4062/3385 3513/3905/3296
f 3647/4062/3385 3656/3894/3288 3400/3769/3190 3580/3984/3324
f 3400/3769/3190 3398/3741/3165 3581/3740/3164 3580/3984/3324
f 3521/3920/3311 3522/3909/3300 3581/3740/3164 3653/3739/3163
f 3663/3764/3185 3394/3763/3184 3582/3780/3201 3681/3779/3200
f 3498/3724/3148 3372/3727/3151 3270/3891/3286 3497/3890/3285
f 3362/3723/3147 3368/3722/3146 3654/3745/3169 3652/3744/3168
f 3588/3998/3333 3403/3781/3187 3582/3780/3201 3586/3992/3332
f 3403/3766/3187 3588/3993/3333 3583/3996/3336 3402/3767/3188
f 3657/3735/3159 3401/3734/3158 3642/4059/3383 3653/3739/3163
f 3389/3743/3167 3386/3699/3130 3365/3698/3129 3370/3708/3135
f 3583/3996/3336 3584/3985/3325 3401/3734/3158 3402/3767/3188
f 3383/3737/3161 3389/3743/3167 3669/3733/3157 3658/3736/3160
f 3368/3722/3146 3663/3764/3185 3681/3779/3200 3654/3745/3169
f 3388/3750/3172 3660/3770/3191 3680/3893/3287 3655/3751/3173
f 3648/4065/3387 3678/4064/3386 3679/3761/3182 3650/3721/3145
f 3382/3730/3154 3664/3774/3195 3678/4064/3386 3648/4065/3387
f 3380/3726/3150 3668/3778/3199 3677/3771/3192 3644/3729/3153
f 3507/3899/3293 3675/3896/3290 3676/3753/3174 3508/3897/3291
f 3655/3751/3173 3680/3893/3287 3675/3896/3290 3507/3899/3293
f 3499/3889/3284 3673/3888/3283 3674/3775/3196 3500/3725/3149
f 3406/3789/3208 3670/3786/3205 3673/3888/3283 3499/3889/3284
f 3410/3797/3212 3671/3801/3214 3672/3783/3202 3411/3788/3207
f 3381/3796/3143 3661/3798/3181 3671/3801/3214 3410/3797/3212
f 3411/3788/3207 3672/3783/3202 3670/3786/3205 3406/3789/3208
f 3654/3745/3169 3681/3779/3200 3666/3782/3186 3393/3732/3156
f 3390/3742/3166 3665/3768/3189 3669/3733/3157 3389/3743/3167
f 3500/3725/3149 3674/3775/3196 3668/3778/3199 3380/3726/3150
f 3388/3750/3172 3386/3699/3130 3389/3743/3167 3383/3737/3161
f 3644/3729/3153 3677/3771/3192 3664/3774/3195 3382/3730/3154
f 3379/3728/3152 3659/3756/3177 3662/3757/3178 3384/3718/3142
f 3383/3737/3161 3667/3738/3162 3660/3770/3191 3388/3750/3172
f 3393/3748/3156 3666/3765/3186 3665/3768/3189 3390/3742/3166
f 3650/3721/3145 3679/3761/3182 3663/3764/3185 3368/3722/3146
f 3384/3718/3142 3662/3757/3178 3661/3760/3181 3381/3719/3143
f 3508/3897/3291 3676/3753/3174 3659/3756/3177 3379/3728/3152
f 3386/3699/3130 3388/3750/3172 3385/3752/3171 3378/3731/3155
f 3951/2039/1693 3952/4068/3389 3943/4069/3390 3946/2040/1694
f 3947/2043/1697 3950/4070/3391 3952/4068/3389 3951/2039/1693
f 3967/4071/3392 3968/4072/3393 3959/4073/3394 3962/4074/3395
f 3963/4075/3396 3966/4076/3397 3968/4072/3393 3967/4071/3392
f 3978/4077/3398 3975/4078/3399 3973/2053/1707 3974/4079/3400
f 3974/4079/3400 3973/2053/1707 3982/2056/1710 3979/4080/3401
f 3999/4081/3402 4000/4082/3403 3991/4083/3404 3994/4084/3405
f 3995/4085/3406 3998/4086/3407 4000/4082/3403 3999/4081/3402
f 4015/4087/3408 4016/4088/3409 4007/4089/3410 4010/4090/3411
f 4011/4091/3412 4014/4092/3413 4016/4088/3409 4015/4087/3408
f 4031/4093/3414 4032/4094/3415 4023/4095/3416 4026/4096/3417
f 4027/4097/3418 4030/4098/3419 4032/4094/3415 4031/4093/3414
f 4212/4099/3420 4436/4100/3421 4429/4101/3422 4205/4102/3423
f 4108/4103/3424 4333/4104/3425 4326/4105/3426 4101/4106/3427
f 4181/4107/3428 4406/4108/3429 4418/4109/3430 4194/4110/3431
f 4215/4111/3432 4439/4112/3433 4441/4113/3434 4217/4114/3435
f 4092/4115/3436 4317/4116/3437 4332/4117/3438 4107/4118/3439
f 4216/4119/3440 4440/4120/3441 4444/4121/3442 4220/4122/3443
f 4111/4123/3444 4336/4124/3445 4340/4125/3446 4115/4126/3447
f 4213/4127/3448 4437/4128/3449 4442/4129/3450 4218/4130/3451
f 4103/4131/3452 4328/4132/3453 4338/4133/3454 4113/4134/3455
f 4217/4114/3435 4441/4113/3434 4440/4120/3441 4216/4119/3440
f 4112/4135/3456 4337/4136/3457 4336/4124/3445 4111/4123/3444
f 4218/4130/3451 4442/4129/3450 4439/4112/3433 4215/4111/3432
f 4113/4134/3455 4338/4133/3454 4335/4137/3458 4110/4138/3459
f 4219/4139/3460 4443/4140/3461 4437/4128/3449 4213/4127/3448
f 4114/4141/3462 4339/4142/3463 4328/4132/3453 4103/4131/3452
f 4220/4122/3443 4444/4121/3442 4438/4143/3464 4214/4144/3465
f 4115/4126/3447 4340/4125/3446 4334/4145/3466 4109/4146/3467
f 4205/4102/3423 4429/4101/3422 4443/4140/3461 4219/4139/3460
f 4118/4147/3468 4343/4148/3469 4345/4149/3470 4120/4150/3471
f 4197/4151/3472 4421/4152/3473 4435/4153/3474 4211/4154/3475
f 4119/4155/3476 4344/4156/3477 4348/4157/3478 4123/4158/3479
f 4254/4159/3480 4478/4160/3481 4480/4161/3482 4256/4162/3483
f 4116/4163/3484 4341/4164/3485 4346/4165/3486 4121/4166/3487
f 4224/4167/3488 4448/4168/3489 4452/4169/3490 4228/4170/3491
f 4120/4150/3471 4345/4149/3470 4344/4156/3477 4119/4155/3476
f 4207/4171/3492 4431/4172/3493 4450/4173/3494 4226/4174/3495
f 4121/4166/3487 4346/4165/3486 4343/4148/3469 4118/4147/3468
f 4225/4175/3496 4449/4176/3497 4448/4168/3489 4224/4167/3488
f 4122/4177/3498 4347/4178/3499 4341/4164/3485 4116/4163/3484
f 4226/4174/3495 4450/4173/3494 4446/4179/3500 4222/4180/3501
f 4123/4158/3479 4348/4157/3478 4342/4181/3502 4117/4182/3503
f 4227/4183/3504 4451/4184/3505 4431/4172/3493 4207/4171/3492
f 4109/4146/3467 4334/4145/3466 4347/4178/3499 4122/4177/3498
f 4228/4170/3491 4452/4169/3490 4445/4185/3506 4221/4186/3507
f 4101/4106/3427 4326/4105/3426 4339/4142/3463 4114/4141/3462
f 4231/4187/3508 4455/4188/3509 4458/4189/3510 4234/4190/3511
f 4085/4191/3512 4287/4192/3513 4323/4193/3514 4098/4194/3515
f 4239/4195/3516 4463/4196/3517 4465/4197/3518 4241/4198/3519
f 4189/4199/3520 4414/4200/3521 4416/4201/3522 4192/4202/3523
f 4233/4203/3524 4457/4204/3525 4461/4205/3526 4237/4206/3527
f 4127/4207/3528 4352/4208/3529 4356/4209/3530 4131/4210/3531
f 4229/4211/3532 4453/4212/3533 4459/4213/3534 4235/4214/3535
f 4094/4215/3536 4319/4216/3537 4354/4217/3538 4129/4218/3539
f 4234/4190/3511 4458/4189/3510 4457/4204/3525 4233/4203/3524
f 4128/4219/3540 4353/4220/3541 4352/4208/3529 4127/4207/3528
f 4235/4214/3535 4459/4213/3534 4455/4188/3509 4231/4187/3508
f 4129/4218/3539 4354/4217/3538 4350/4221/3542 4125/4222/3543
f 4236/4223/3544 4460/4224/3545 4453/4212/3533 4229/4211/3532
f 4130/4225/3546 4355/4226/3547 4319/4216/3537 4094/4215/3536
f 4237/4206/3527 4461/4205/3526 4454/4227/3548 4230/4228/3549
f 4131/4210/3531 4356/4209/3530 4349/4229/3550 4124/4230/3551
f 4221/4186/3507 4445/4185/3506 4460/4224/3545 4236/4223/3544
f 4134/4231/3552 4359/4232/3553 4362/4233/3554 4137/4234/3555
f 4240/4235/3556 4464/4236/3557 4468/4237/3558 4244/4238/3559
f 4142/4239/3560 4367/4240/3561 4370/4241/3562 4145/4242/3563
f 4232/4243/3564 4456/4244/3565 4466/4245/3566 4242/4246/3567
f 4136/4247/3568 4361/4248/3569 4365/4249/3570 4140/4250/3571
f 4241/4198/3519 4465/4197/3518 4464/4236/3557 4240/4235/3556
f 4132/4251/3572 4357/4252/3573 4363/4253/3574 4138/4254/3575
f 4242/4246/3567 4466/4245/3566 4463/4196/3517 4239/4195/3516
f 4137/4234/3555 4362/4233/3554 4361/4248/3569 4136/4247/3568
f 4243/4255/3576 4467/4256/3577 4456/4244/3565 4232/4243/3564
f 4138/4254/3575 4363/4253/3574 4359/4257/3553 4134/4258/3552
f 4244/4238/3559 4468/4237/3558 4462/4259/3578 4238/4260/3579
f 4139/4261/3580 4364/4262/3581 4357/4252/3573 4132/4251/3572
f 4247/4263/3582 4471/4264/3583 4473/4265/3584 4249/4266/3585
f 4140/4250/3571 4365/4249/3570 4358/4267/3586 4133/4268/3587
f 4248/4269/3588 4472/4270/3589 4476/4271/3590 4252/4272/3591
f 4124/4230/3551 4349/4229/3550 4364/4262/3581 4139/4261/3580
f 4245/4273/3592 4469/4274/3593 4474/4275/3594 4250/4276/3595
f 4158/4277/3596 4383/4278/3597 4385/4279/3598 4160/4280/3599
f 4249/4266/3585 4473/4265/3584 4472/4270/3589 4248/4269/3588
f 4144/4281/3600 4369/4282/3601 4373/4283/3602 4148/4284/3603
f 4250/4276/3595 4474/4275/3594 4471/4264/3583 4247/4263/3582
f 4135/4285/3604 4360/4286/3605 4371/4287/3606 4146/4288/3607
f 4251/4289/3608 4475/4290/3609 4469/4274/3593 4245/4273/3592
f 4145/4242/3563 4370/4241/3562 4369/4282/3601 4144/4281/3600
f 4252/4272/3591 4476/4271/3590 4470/4291/3610 4246/4292/3611
f 4146/4288/3607 4371/4287/3606 4367/4240/3561 4142/4239/3560
f 4238/4260/3579 4462/4259/3578 4475/4290/3609 4251/4289/3608
f 4147/4293/3612 4372/4294/3613 4360/4286/3605 4135/4285/3604
f 4230/4228/3549 4454/4227/3548 4467/4256/3577 4243/4255/3576
f 4148/4284/3603 4373/4283/3602 4366/4295/3614 4141/4296/3615
f 4214/4144/3465 4438/4143/3464 4451/4184/3505 4227/4183/3504
f 4151/4297/3616 4376/4298/3617 4378/4299/3618 4153/4300/3619
f 4255/4301/3620 4479/4302/3621 4483/4303/3622 4259/4304/3623
f 4152/4305/3624 4377/4306/3625 4381/4307/3626 4156/4308/3627
f 4223/4309/3628 4447/4310/3629 4481/4311/3630 4257/4312/3631
f 4149/4313/3632 4374/4314/3633 4379/4315/3634 4154/4316/3635
f 4256/4162/3483 4480/4161/3482 4479/4302/3621 4255/4301/3620
f 4153/4300/3619 4378/4299/3618 4377/4306/3625 4152/4305/3624
f 4257/4312/3631 4481/4311/3630 4478/4160/3481 4254/4159/3480
f 4154/4316/3635 4379/4315/3634 4376/4298/3617 4151/4297/3616
f 4258/4317/3636 4482/4318/3637 4447/4310/3629 4223/4309/3628
f 4155/4319/3638 4380/4320/3639 4374/4314/3633 4149/4313/3632
f 4259/4304/3623 4483/4303/3622 4477/4321/3640 4253/4322/3641
f 4156/4308/3627 4381/4307/3626 4375/4323/3642 4150/4324/3643
f 4262/4325/3644 4486/4326/3645 4489/4327/3646 4265/4328/3647
f 4141/4296/3615 4366/4295/3614 4380/4320/3639 4155/4319/3638
f 4270/4329/3648 4494/4330/3649 4496/4331/3650 4273/4332/3651
f 4133/4268/3587 4358/4267/3586 4372/4294/3613 4147/4293/3612
f 4264/4333/3652 4488/4334/3653 4492/4335/3654 4268/4336/3655
f 4159/4337/3656 4384/4338/3657 4388/4339/3658 4163/4340/3659
f 4260/4341/3660 4484/4342/3661 4490/4343/3662 4266/4344/3663
f 4143/4345/3664 4368/4346/3665 4386/4347/3666 4161/4348/3667
f 4265/4328/3647 4489/4327/3646 4488/4334/3653 4264/4333/3652
f 4160/4280/3599 4385/4279/3598 4384/4338/3657 4159/4337/3656
f 4266/4344/3663 4490/4343/3662 4486/4326/3645 4262/4325/3644
f 4161/4348/3667 4386/4347/3666 4383/4278/3597 4158/4277/3596
f 4267/4349/3668 4491/4350/3669 4484/4342/3661 4260/4341/3660
f 4162/4351/3670 4387/4352/3671 4368/4346/3665 4143/4345/3664
f 4268/4336/3655 4492/4335/3654 4485/4353/3672 4261/4354/3673
f 4163/4340/3659 4388/4339/3658 4382/4355/3674 4157/4356/3675
f 4253/4322/3641 4477/4321/3640 4491/4350/3669 4267/4349/3668
f 4166/4357/3676 4391/4358/3677 4394/4359/3678 4169/4360/3679
f 4174/4361/3680 4399/4362/3681 4401/4363/3682 4176/4364/3683
f 4060/4365/3684 4312/4366/3685 4309/4367/3686 4063/4368/3687
f 4272/4369/3688 4495/4370/3689 4499/4371/3690 4276/4372/3691
f 4168/4373/3692 4393/4374/3693 4397/4375/3694 4172/4376/3695
f 4061/2347/1999 4311/2350/1999 4307/4377/3696 4065/4378/3697
f 4263/4379/3698 4487/4380/3699 4497/4381/3700 4274/4382/3701
f 4164/4383/3702 4389/4384/3703 4395/4385/3704 4170/4386/3705
f 4062/4387/3706 4310/4388/3707 4306/4389/3708 4066/4390/3709
f 4273/4332/3651 4496/4331/3650 4495/4370/3689 4272/4369/3688
f 4169/4360/3679 4394/4359/3678 4393/4374/3693 4168/4373/3692
f 4058/4391/3710 4314/4392/3711 4308/2365/2016 4064/2364/2015
f 4274/4382/3701 4497/4381/3700 4494/4330/3649 4270/4329/3648
f 4170/4386/3705 4395/4385/3704 4391/4358/3677 4166/4357/3676
f 4063/4368/3687 4309/4367/3686 4310/4388/3707 4062/4387/3706
f 4275/4393/3712 4498/4394/3713 4487/4380/3699 4263/4379/3698
f 4171/4395/3714 4396/4396/3715 4389/4384/3703 4164/4383/3702
f 4064/2364/2015 4308/2365/2016 4312/4366/3685 4060/4365/3684
f 4276/4372/3691 4499/4371/3690 4493/4397/3716 4269/4398/3717
f 4172/4376/3695 4397/4375/3694 4390/4399/3718 4165/4400/3719
f 4065/4378/3697 4307/4377/3696 4314/4392/3711 4058/4391/3710
f 4279/4401/3720 4501/4402/3721 4503/2377/2028 4281/4403/3722
f 4157/4356/3675 4382/4355/3674 4396/4396/3715 4171/4395/3714
f 4066/4390/3709 4306/4389/3708 4313/4404/3723 4059/4405/3724
f 4280/4406/3725 4502/4407/3726 4506/4408/3727 4284/4409/3728
f 4175/4410/3729 4400/4411/3730 4404/4412/3731 4179/4413/3732
f 4069/4414/3733 4303/4415/3734 4300/4416/3735 4072/4417/3736
f 4277/4418/3737 4500/4419/3738 4504/4420/3739 4282/4421/3740
f 4167/4422/3741 4392/4423/3742 4402/4424/3743 4177/4425/3744
f 4077/4426/3745 4299/4427/3746 4292/4428/3747 4080/4429/3748
f 4281/4403/3722 4503/2377/2028 4502/4407/3726 4280/4406/3725
f 4176/4364/3683 4401/4363/3682 4400/4411/3730 4175/4410/3729
f 4071/4430/3749 4301/4431/3750 4295/4432/3751 4075/4433/3752
f 4282/4421/3740 4504/4420/3739 4501/4402/3721 4279/4401/3720
f 4177/4425/3744 4402/4424/3743 4399/4362/3681 4174/4361/3680
f 4067/4434/3753 4305/4435/3754 4297/4436/3755 4073/4437/3756
f 4283/4438/3757 4505/4439/3758 4500/4419/3738 4277/4418/3737
f 4178/4440/3759 4403/4441/3760 4392/4423/3742 4167/4422/3741
f 4072/4417/3736 4300/4416/3735 4301/4431/3750 4071/4430/3749
f 4179/4413/3732 4404/4412/3731 4398/4442/3761 4173/4443/3762
f 4073/4437/3756 4297/4436/3755 4303/4415/3734 4069/4414/3733
f 4269/4398/3717 4493/4397/3716 4505/4439/3758 4283/4438/3757
f 4182/4444/3763 4407/4445/3764 4409/4446/3765 4184/4447/3766
f 4074/4448/3767 4296/4449/3768 4305/4435/3754 4067/4434/3753
f 4261/4354/3673 4485/4353/3672 4498/4394/3713 4275/4393/3712
f 4183/4450/3769 4408/4451/3770 4412/4452/3771 4187/4453/3772
f 4075/4433/3752 4295/4432/3751 4304/4454/3773 4068/4455/3774
f 4180/4456/3775 4405/4457/3776 4410/4458/3777 4185/4459/3778
f 4059/4405/3724 4313/4404/3723 4296/4449/3768 4074/4448/3767
f 4184/4447/3766 4409/4446/3765 4408/4451/3770 4183/4450/3769
f 4093/4460/3779 4318/4461/3780 4321/4462/3781 4096/4463/3782
f 4185/4459/3778 4410/4458/3777 4407/4445/3764 4182/4444/3763
f 4079/4464/3783 4294/4465/3784 4289/4466/3785 4083/4467/3786
f 4186/4468/3787 4411/4469/3788 4405/4457/3776 4180/4456/3775
f 4070/4470/3789 4302/4471/3790 4291/4472/3791 4081/4473/3792
f 4187/4453/3772 4412/4452/3771 4406/4108/3429 4181/4107/3428
f 4080/4429/3748 4292/4428/3747 4294/4465/3784 4079/4464/3783
f 4173/4474/3762 4398/4475/3761 4411/4469/3788 4186/4468/3787
f 4081/4473/3792 4291/4472/3791 4299/4427/3746 4077/4426/3745
f 4165/4400/3719 4390/4399/3718 4403/4441/3760 4178/4440/3759
f 4082/4476/3793 4290/4477/3794 4302/4471/3790 4070/4470/3789
f 4150/4324/3643 4375/4323/3642 4387/4352/3671 4162/4351/3670
f 4083/4467/3786 4289/4466/3785 4293/4478/3795 4076/4479/3796
f 4117/4182/3503 4342/4181/3502 4355/4226/3547 4130/4225/3546
f 4086/4480/3797 4286/4481/3798 4278/4482/3799 4088/4483/3800
f 4087/4484/3801 4285/4485/3802 4316/4486/3803 4091/4487/3804
f 4191/4488/3805 4415/4489/3806 4419/4490/3807 4195/4491/3808
f 4084/4492/3809 4288/4493/3810 4271/4494/3811 4089/4495/3812
f 4126/4496/3813 4351/4497/3814 4417/4498/3815 4193/4499/3816
f 4088/4483/3800 4278/4482/3799 4285/4485/3802 4087/4484/3801
f 4192/4202/3523 4416/4201/3522 4415/4489/3806 4191/4488/3805
f 4089/4495/3812 4271/4494/3811 4286/4481/3798 4086/4480/3797
f 4193/4499/3816 4417/4498/3815 4414/4200/3521 4189/4199/3520
f 4090/4500/3817 4190/4501/3818 4288/4493/3810 4084/4492/3809
f 4194/4110/3431 4418/4109/3430 4351/4497/3814 4126/4496/3813
f 4091/4487/3804 4316/4486/3803 4287/4192/3513 4085/4191/3512
f 4195/4491/3808 4419/4490/3807 4413/4502/3819 4188/4503/3820
f 4076/4479/3796 4293/4478/3795 4190/4501/3818 4090/4500/3817
f 4198/4504/3821 4422/4505/3822 4425/4506/3823 4201/4507/3824
f 4068/4455/3774 4304/4454/3773 4290/4477/3794 4082/4476/3793
f 4206/4508/3825 4430/4509/3826 4433/4510/3827 4209/4511/3828
f 4125/4222/3543 4350/4221/3542 4353/4220/3541 4128/4219/3540
f 4200/4512/3829 4424/4513/3830 4428/4514/3831 4204/4515/3832
f 4095/4516/3833 4320/4517/3834 4324/4518/3835 4099/4519/3836
f 4196/4520/3837 4420/4521/3838 4426/4522/3839 4202/4523/3840
f 4078/4524/3841 4298/4525/3842 4322/4526/3843 4097/4527/3844
f 4201/4507/3824 4425/4506/3823 4424/4513/3830 4200/4512/3829
f 4096/4463/3782 4321/4462/3781 4320/4517/3834 4095/4516/3833
f 4202/4523/3840 4426/4522/3839 4422/4505/3822 4198/4504/3821
f 4097/4527/3844 4322/4526/3843 4318/4461/3780 4093/4460/3779
f 4284/4409/3728 4506/4408/3727 4507/2504/2152 4315/2503/2152
f 4203/4528/3845 4427/4529/3846 4420/4521/3838 4196/4520/3837
f 4098/4194/3515 4323/4193/3514 4298/4525/3842 4078/4524/3841
f 4204/4515/3832 4428/4514/3831 4421/4152/3473 4197/4151/3472
f 4099/4519/3836 4324/4518/3835 4317/4116/3437 4092/4115/3436
f 4188/4503/3820 4413/4502/3819 4427/4529/3846 4203/4528/3845
f 4102/4530/3847 4327/4531/3848 4330/4532/3849 4105/4533/3850
f 4222/4534/3501 4446/4535/3500 4449/4176/3497 4225/4175/3496
f 4110/4138/3459 4335/4137/3458 4337/4136/3457 4112/4135/3456
f 4208/4536/3851 4432/4537/3852 4436/4100/3421 4212/4099/3420
f 4104/4538/3853 4329/4539/3854 4333/4104/3425 4108/4103/3424
f 4199/4540/3855 4423/4541/3856 4434/4542/3857 4210/4543/3858
f 4100/4544/3859 4325/4545/3860 4331/4546/3861 4106/4547/3862
f 4209/4511/3828 4433/4510/3827 4432/4537/3852 4208/4536/3851
f 4105/4533/3850 4330/4532/3849 4329/4539/3854 4104/4538/3853
f 4210/4543/3858 4434/4542/3857 4430/4509/3826 4206/4508/3825
f 4106/4547/3862 4331/4546/3861 4327/4531/3848 4102/4530/3847
f 4211/4154/3475 4435/4153/3474 4423/4541/3856 4199/4540/3855
f 4107/4118/3439 4332/4117/3438 4325/4545/3860 4100/4544/3859
f 4246/4292/3611 4470/4291/3610 4482/4318/3637 4258/4317/3636
f 4515/4548/3863 4523/4549/3864 4516/4550/3865
f 4517/4551/3866 4525/3508/2980 4512/4552/3867
f 4511/4553/3868 4521/3519/2991 4514/4554/3869
f 4525/3508/2980 4520/3511/2983 4510/3516/2988 4512/4552/3867
f 4524/4555/3870 3206/4556/3018 3265/3521/2993 4509/3520/2992
f 4523/4549/3864 3202/4557/3006 3206/4556/3018 4524/4555/3870
f 4526/3523/2995 3200/3522/2994 3201/4558/3017 4519/4559/3871
f 3231/3530/3002 4515/4548/3863 4516/4550/3865 3230/3531/3003
f 3226/3529/3001 4513/4560/3872 4515/4548/3863 3231/3530/3002
f 3228/3528/3000 4512/4552/3867 4511/4553/3868 3232/3525/2997
f 3232/3525/2997 4511/4553/3868 4514/4554/3869 3233/3526/2998
f 3233/3526/2998 4514/4554/3869 4518/4561/3873 3227/3527/2999
f 3227/3527/2999 4518/4561/3873 4513/4562/3872 3226/3533/3001
f 3229/3532/3004 4517/4551/3866 4512/4552/3867 3228/3528/3000
f 3230/3531/3003 4516/4550/3865 4517/4551/3866 3229/3532/3004
f 4523/4549/3864 4524/4555/3870 4509/3520/2992 4516/4550/3865
f 4513/4560/3872 4519/4563/3871 4523/4549/3864 4515/4548/3863
f 4512/4552/3867 4510/3516/2988 4521/3519/2991 4511/4553/3868
f 4521/3519/2991 4522/3512/2984 4508/3515/2987 4514/4554/3869
f 4514/4554/3869 4508/3515/2987 4526/3523/2995 4518/4561/3873
f 4518/4561/3873 4526/3523/2995 4519/4559/3871 4513/4562/3872
f 4516/4550/3865 4509/3520/2992 4525/3508/2980 4517/4551/3866
f 4519/4563/3871 3201/4564/3017 3202/4557/3006 4523/4549/3864
f 4604/4565/3874 4613/4566/3875 4612/4567/3876 4603/4568/3877
f 4608/2546/2186 4617/2549/2189 4616/4569/3878 4607/4570/3879
f 4605/4571/3880 4614/4572/3881 4613/4566/3875 4604/4565/3874
f 4603/4568/3877 4612/4567/3876 4611/2553/2193 4602/2552/2192
f 4607/4570/3879 4616/4569/3878 4614/4572/3881 4605/4571/3880
f 4614/4572/3881 4623/4573/3882 4622/4574/3883 4613/4566/3875
f 4616/4569/3878 4625/4575/3884 4623/4573/3882 4614/4572/3881
f 4612/4567/3876 4621/4576/3885 4620/2557/2197 4611/2553/2193
f 4617/2549/2189 4626/2559/2199 4625/4575/3884 4616/4569/3878
f 4613/4566/3875 4622/4574/3883 4621/4576/3885 4612/4567/3876
f 4623/4573/3882 4632/4577/3886 4631/4578/3887 4622/4574/3883
f 4625/4575/3884 4634/4579/3888 4632/4577/3886 4623/4573/3882
f 4621/4576/3885 4630/4580/3889 4629/2563/2203 4620/2557/2197
f 4626/2559/2199 4635/2565/2205 4634/4579/3888 4625/4575/3884
f 4622/4574/3883 4631/4578/3887 4630/4580/3889 4621/4576/3885
f 4711/4581/3890 4643/4582/427 4641/4583/421 4710/4584/3891
f 4712/4585/3892 4639/4586/429 4638/2572/201 4709/2571/2209
f 4715/2574/2210 4644/2575/205 4643/4582/427 4711/4581/3890
f 4716/4587/3893 4640/4588/424 4639/4586/429 4712/4585/3892
f 4710/4584/3891 4641/4583/421 4640/4588/424 4716/4587/3893
f 4752/4589/3894 4756/4590/3895 4636/4591/448 4633/4592/447
f 4756/4590/3895 4754/4593/3896 4637/4594/446 4636/4591/448
f 4755/2584/2215 4753/4595/3897 4628/4596/445 4627/2585/228
f 4754/4593/3896 4751/2589/2217 4642/2588/231 4637/4594/446
f 4753/4595/3897 4752/4589/3894 4633/4592/447 4628/4596/445
f 4672/4597/3898 4673/4598/3899 4655/4599/3900 4654/4600/3901
f 4663/2594/2222 4664/4601/3902 4646/4602/3903 4645/2595/2223
f 4673/4598/3899 4678/2599/2227 4660/2598/2226 4655/4599/3900
f 4664/4601/3902 4669/4603/3904 4651/4604/3905 4646/4602/3903
f 4669/4603/3904 4672/4597/3898 4654/4600/3901 4651/4604/3905
f 4690/4605/3906 4691/4606/3907 4673/4598/3899 4672/4597/3898
f 4681/2604/2232 4682/4607/3908 4664/4601/3902 4663/2594/2222
f 4691/4606/3907 4696/2606/2234 4678/2599/2227 4673/4598/3899
f 4682/4607/3908 4687/4608/3909 4669/4603/3904 4664/4601/3902
f 4687/4608/3909 4690/4605/3906 4672/4597/3898 4669/4603/3904
f 4632/4577/3886 4710/4584/3891 4716/4587/3893 4631/4578/3887
f 4700/4609/3910 4705/4610/3911 4687/4608/3909 4682/4607/3908
f 4713/4611/3912 4714/2611/2239 4696/2606/2234 4691/4606/3907
f 4631/4578/3887 4716/4587/3893 4712/4585/3892 4630/4580/3889
f 4635/2565/2205 4715/2574/2210 4711/4581/3890 4634/4579/3888
f 4705/4610/3911 4708/4612/3913 4690/4605/3906 4687/4608/3909
f 4630/4580/3889 4712/4585/3892 4709/2571/2209 4629/2563/2203
f 4634/4579/3888 4711/4581/3890 4710/4584/3891 4632/4577/3886
f 4699/2613/2241 4700/4609/3910 4682/4607/3908 4681/2604/2232
f 4708/4612/3913 4713/4611/3912 4691/4606/3907 4690/4605/3906
f 4651/4604/3905 4654/4600/3901 4756/4590/3895 4752/4589/3894
f 4654/4600/3901 4655/4599/3900 4754/4593/3896 4756/4590/3895
f 4645/2595/2223 4646/4602/3903 4753/4595/3897 4755/2584/2215
f 4655/4599/3900 4660/2598/2226 4751/2589/2217 4754/4593/3896
f 4646/4602/3903 4651/4604/3905 4752/4589/3894 4753/4595/3897
g Cube.000_Cube.007_body_gloss
usemtl body_gloss
f 183/4613/809 259/4614/764 260/4615/3914 184/4616/3915
f 260/4615/3914 2514/4617/3916 2516/4618/3917 261/4619/3918
f 333/4620/3919 2679/4621/3920 2518/4622/3921 262/4623/3922
f 343/4624/3923 2683/4625/3924 2520/4626/3925 263/4627/3926
f 345/4628/3927 2688/4629/3928 2522/4630/3929 264/4631/3930
f 264/4631/3930 2522/4630/3929 2524/4632/811 265/4633/766
f 188/4634/3931 264/4631/3930 265/4633/766 189/4635/765
f 344/4636/3932 345/4628/3927 264/4631/3930 188/4634/3931
f 342/4637/3933 343/4624/3923 263/4627/3926 187/4638/3934
f 335/4639/3935 333/4620/3919 262/4623/3922 186/4640/3936
f 184/4616/3915 260/4615/3914 261/4619/3918 185/4641/3937
f 146/4642/789 349/4643/3938 369/4644/3939 270/4645/828
f 259/4614/764 2512/4646/763 2514/4617/3916 260/4615/3914
f 351/4647/3940 370/4648/3941 372/4649/3942 349/4643/3938
f 350/4650/3943 368/4651/3944 370/4648/3941 351/4647/3940
f 183/4613/809 184/4616/3915 350/4650/3943 240/4652/792
f 240/4652/792 350/4650/3943 351/4647/3940 231/4653/788
f 185/4641/3937 261/4619/3918 333/4620/3919 335/4639/3935
f 261/4619/3918 2516/4618/3917 2679/4621/3920 333/4620/3919
f 276/4654/836 281/4655/835 339/4656/3945 338/4657/3946
f 364/4658/847 274/4659/832 334/4660/3947 353/4661/3948
f 314/4662/843 276/4654/836 338/4657/3946 336/4663/3949
f 189/4635/765 314/4662/843 336/4663/3949 188/4634/3931
f 344/4636/3932 188/4634/3931 336/4663/3949 346/4664/3950
f 346/4664/3950 336/4663/3949 338/4657/3946 347/4665/3951
f 347/4665/3951 338/4657/3946 339/4656/3945 348/4666/3952
f 186/4640/3936 262/4623/3922 343/4624/3923 342/4637/3933
f 262/4623/3922 2518/4622/3921 2683/4625/3924 343/4624/3923
f 187/4638/3934 337/4667/3953 340/4668/3954 342/4637/3933
f 342/4637/3933 340/4668/3954 341/4669/3955 186/4640/3936
f 380/4670/3956 347/4665/3951 348/4666/3952 374/4671/3957
f 378/4672/3958 346/4664/3950 347/4665/3951 380/4670/3956
f 376/4673/3959 344/4636/3932 346/4664/3950 378/4672/3958
f 376/4673/3959 383/4674/3960 345/4628/3927 344/4636/3932
f 383/4674/3960 2729/4675/3961 2688/4629/3928 345/4628/3927
f 352/4676/3962 331/4677/3963 353/4661/3948 334/4660/3947
f 332/4678/3964 372/4649/3942 370/4648/3941 373/4679/3965
f 184/4616/3915 185/4641/3937 368/4651/3944 350/4650/3943
f 352/4676/3962 372/4649/3942 332/4678/3964 331/4677/3963
f 281/4655/835 364/4658/847 353/4661/3948 339/4656/3945
f 369/4644/3939 352/4676/3962 334/4660/3947 371/4680/3966
f 272/4681/830 371/4680/3966 334/4660/3947 274/4659/832
f 349/4643/3938 372/4649/3942 352/4676/3962 369/4644/3939
f 270/4645/828 369/4644/3939 371/4680/3966 272/4681/830
f 231/4653/788 351/4647/3940 349/4643/3938 146/4642/789
f 373/4679/3965 370/4648/3941 368/4651/3944 330/4682/3967
f 185/4641/3937 335/4639/3935 330/4682/3967 368/4651/3944
f 353/4661/3948 331/4677/3963 348/4666/3952 339/4656/3945
f 331/4677/3963 332/4678/3964 374/4671/3957 348/4666/3952
f 332/4678/3964 373/4679/3965 375/4683/3968 374/4671/3957
f 373/4679/3965 330/4682/3967 341/4669/3955 375/4683/3968
f 186/4640/3936 341/4669/3955 330/4682/3967 335/4639/3935
f 263/4627/3926 2520/4626/3925 2728/4684/3969 382/4685/3970
f 377/4686/3971 382/4685/3970 383/4674/3960 376/4673/3959
f 187/4638/3934 263/4627/3926 382/4685/3970 377/4686/3971
f 377/4686/3971 376/4673/3959 378/4672/3958 379/4687/3972
f 187/4638/3934 377/4686/3971 379/4687/3972 337/4667/3953
f 379/4687/3972 378/4672/3958 380/4670/3956 381/4688/3973
f 337/4667/3953 379/4687/3972 381/4688/3973 340/4668/3954
f 380/4670/3956 374/4671/3957 375/4683/3968 381/4688/3973
f 340/4668/3954 381/4688/3973 375/4683/3968 341/4669/3955
f 382/4685/3970 2728/4684/3969 2729/4675/3961 383/4674/3960
f 1303/4689/3974 1302/4690/3975 1317/4691/3976 1318/4692/3977
f 1311/4693/3978 1310/4694/3979 1325/4695/3980 1326/4696/3981
f 1304/4697/3982 1303/4689/3974 1318/4692/3977 1319/4698/3983
f 1312/4699/3984 1311/4693/3978 1326/4696/3981 1327/4700/3985
f 1305/4701/3986 1304/4697/3982 1319/4698/3983 1320/4702/3987
f 1298/4703/3988 1464/4704/3989 1313/4705/3990
f 1373/4706/3991 1312/4699/3984 1327/4700/3985
f 1306/4707/3992 1305/4701/3986 1320/4702/3987 1321/4708/3993
f 1299/4709/3994 1298/4703/3988 1313/4705/3990 1314/4710/3995
f 1307/4711/3996 1306/4707/3992 1321/4708/3993 1322/4712/3997
f 1300/4713/3998 1299/4709/3994 1314/4710/3995 1315/4714/3999
f 1308/4715/4000 1307/4711/3996 1322/4712/3997 1323/4716/4001
f 1301/4717/4002 1300/4713/3998 1315/4714/3999 1316/4718/4003
f 1309/4719/4004 1308/4715/4000 1323/4716/4001 1324/4720/4005
f 1302/4690/3975 1301/4717/4002 1316/4718/4003 1317/4691/3976
f 1310/4694/3979 1309/4719/4004 1324/4720/4005 1325/4695/3980
f 1322/4712/3997 1321/4708/3993 1336/4721/4006 1337/4722/4007
f 1315/4714/3999 1314/4710/3995 1329/4723/4008 1330/4724/4009
f 1323/4716/4001 1322/4712/3997 1337/4722/4007 1338/4725/4010
f 1316/4718/4003 1315/4714/3999 1330/4724/4009 1331/4726/4011
f 1324/4720/4005 1323/4716/4001 1338/4725/4010 1339/4727/4012
f 1317/4691/3976 1316/4718/4003 1331/4726/4011 1332/4728/4013
f 1325/4695/3980 1324/4720/4005 1339/4727/4012 1340/4729/4014
f 1318/4692/3977 1317/4691/3976 1332/4728/4013 1333/4730/4015
f 1326/4696/3981 1325/4695/3980 1340/4729/4014 1341/4731/4016
f 1319/4698/3983 1318/4692/3977 1333/4730/4015 1334/4732/4017
f 1327/4700/3985 1326/4696/3981 1341/4731/4016 1342/4733/4018
f 1320/4702/3987 1319/4698/3983 1334/4732/4017 1335/4734/4019
f 1313/4705/3990 1464/4704/3989 1328/4735/4020
f 1373/4706/3991 1327/4700/3985 1342/4733/4018
f 1321/4708/3993 1320/4702/3987 1335/4734/4019 1336/4721/4006
f 1314/4710/3995 1313/4705/3990 1328/4735/4020 1329/4723/4008
f 1341/4731/4016 1340/4729/4014 1355/4736/4021 1356/4737/4022
f 1334/4732/4017 1333/4730/4015 1348/4738/4023 1349/4739/4024
f 1342/4733/4018 1341/4731/4016 1356/4737/4022 1357/4740/4025
f 1335/4734/4019 1334/4732/4017 1349/4739/4024 1350/4741/4026
f 1328/4735/4020 1464/4704/3989 1343/4742/4027
f 1373/4706/3991 1342/4733/4018 1357/4740/4025
f 1336/4721/4006 1335/4734/4019 1350/4741/4026 1351/4743/4028
f 1329/4723/4008 1328/4735/4020 1343/4742/4027 1344/4744/4029
f 1337/4722/4007 1336/4721/4006 1351/4743/4028 1352/4745/4030
f 1330/4724/4009 1329/4723/4008 1344/4744/4029 1345/4746/4031
f 1338/4725/4010 1337/4722/4007 1352/4745/4030 1353/4747/4032
f 1331/4726/4011 1330/4724/4009 1345/4746/4031 1346/4748/4033
f 1339/4727/4012 1338/4725/4010 1353/4747/4032 1354/4749/4034
f 1332/4728/4013 1331/4726/4011 1346/4748/4033 1347/4750/4035
f 1340/4729/4014 1339/4727/4012 1354/4749/4034 1355/4736/4021
f 1333/4730/4015 1332/4728/4013 1347/4750/4035 1348/4738/4023
f 1353/4747/4032 1352/4745/4030 1367/4751/4036 1368/4752/4037
f 1346/4748/4033 1345/4746/4031 1360/4753/4038 1361/4754/4039
f 1354/4749/4034 1353/4747/4032 1368/4752/4037 1369/4755/4040
f 1347/4750/4035 1346/4748/4033 1361/4754/4039 1362/4756/4041
f 1355/4736/4021 1354/4749/4034 1369/4755/4040 1370/4757/4042
f 1348/4738/4023 1347/4750/4035 1362/4756/4041 1363/4758/4043
f 1356/4737/4022 1355/4736/4021 1370/4757/4042 1371/4759/4044
f 1349/4739/4024 1348/4738/4023 1363/4758/4043 1364/4760/4045
f 1357/4740/4025 1356/4737/4022 1371/4759/4044 1372/4761/4046
f 1350/4741/4026 1349/4739/4024 1364/4760/4045 1365/4762/4047
f 1343/4742/4027 1464/4704/3989 1358/4763/4048
f 1373/4706/3991 1357/4740/4025 1372/4761/4046
f 1351/4743/4028 1350/4741/4026 1365/4762/4047 1366/4764/4049
f 1344/4744/4029 1343/4742/4027 1358/4763/4048 1359/4765/4050
f 1352/4745/4030 1351/4743/4028 1366/4764/4049 1367/4751/4036
f 1345/4746/4031 1344/4744/4029 1359/4765/4050 1360/4753/4038
f 1372/4761/4046 1371/4759/4044 1387/4766/4051 1388/4767/4052
f 1365/4762/4047 1364/4760/4045 1380/4768/4053 1381/4769/4054
f 1358/4763/4048 1464/4704/3989 1374/4770/4055
f 1373/4706/3991 1372/4761/4046 1388/4767/4052
f 1366/4764/4049 1365/4762/4047 1381/4769/4054 1382/4771/4056
f 1359/4765/4050 1358/4763/4048 1374/4770/4055 1375/4772/4057
f 1367/4751/4036 1366/4764/4049 1382/4771/4056 1383/4773/4058
f 1360/4753/4038 1359/4765/4050 1375/4772/4057 1376/4774/4059
f 1368/4752/4037 1367/4751/4036 1383/4773/4058 1384/4775/4060
f 1361/4754/4039 1360/4753/4038 1376/4774/4059 1377/4776/4061
f 1369/4755/4040 1368/4752/4037 1384/4775/4060 1385/4777/4062
f 1362/4756/4041 1361/4754/4039 1377/4776/4061 1378/4778/4063
f 1370/4757/4042 1369/4755/4040 1385/4777/4062 1386/4779/4064
f 1363/4758/4043 1362/4756/4041 1378/4778/4063 1379/4780/4065
f 1371/4759/4044 1370/4757/4042 1386/4779/4064 1387/4766/4051
f 1364/4760/4045 1363/4758/4043 1379/4780/4065 1380/4768/4053
f 1377/4776/4061 1376/4774/4059 1391/4781/4066 1392/4782/4067
f 1385/4777/4062 1384/4775/4060 1399/4783/4068 1400/4784/4069
f 1378/4778/4063 1377/4776/4061 1392/4782/4067 1393/4785/4070
f 1386/4779/4064 1385/4777/4062 1400/4784/4069 1401/4786/4071
f 1379/4780/4065 1378/4778/4063 1393/4785/4070 1394/4787/4072
f 1387/4766/4051 1386/4779/4064 1401/4786/4071 1402/4788/4073
f 1380/4768/4053 1379/4780/4065 1394/4787/4072 1395/4789/4074
f 1388/4767/4052 1387/4766/4051 1402/4788/4073 1403/4790/4075
f 1381/4769/4054 1380/4768/4053 1395/4789/4074 1396/4791/4076
f 1374/4770/4055 1464/4704/3989 1389/4792/4077
f 1373/4706/3991 1388/4767/4052 1403/4790/4075
f 1382/4771/4056 1381/4769/4054 1396/4791/4076 1397/4793/4078
f 1375/4772/4057 1374/4770/4055 1389/4792/4077 1390/4794/4079
f 1383/4773/4058 1382/4771/4056 1397/4793/4078 1398/4795/4080
f 1376/4774/4059 1375/4772/4057 1390/4794/4079 1391/4781/4066
f 1384/4775/4060 1383/4773/4058 1398/4795/4080 1399/4783/4068
f 1396/4791/4076 1395/4789/4074 1410/4796/4081 1411/4797/4082
f 1389/4792/4077 1464/4704/3989 1404/4798/4083
f 1373/4706/3991 1403/4790/4075 1418/4799/4084
f 1397/4793/4078 1396/4791/4076 1411/4797/4082 1412/4800/4085
f 1390/4794/4079 1389/4792/4077 1404/4798/4083 1405/4801/4086
f 1398/4795/4080 1397/4793/4078 1412/4800/4085 1413/4802/4087
f 1391/4781/4066 1390/4794/4079 1405/4801/4086 1406/4803/4088
f 1399/4783/4068 1398/4795/4080 1413/4802/4087 1414/4804/4089
f 1392/4782/4067 1391/4781/4066 1406/4803/4088 1407/4805/4090
f 1400/4784/4069 1399/4783/4068 1414/4804/4089 1415/4806/4091
f 1393/4785/4070 1392/4782/4067 1407/4805/4090 1408/4807/4092
f 1401/4786/4071 1400/4784/4069 1415/4806/4091 1416/4808/4093
f 1394/4787/4072 1393/4785/4070 1408/4807/4092 1409/4809/4094
f 1402/4788/4073 1401/4786/4071 1416/4808/4093 1417/4810/4095
f 1395/4789/4074 1394/4787/4072 1409/4809/4094 1410/4796/4081
f 1403/4790/4075 1402/4788/4073 1417/4810/4095 1418/4799/4084
f 1415/4806/4091 1414/4804/4089 1429/4811/4096 1430/4812/4097
f 1408/4807/4092 1407/4805/4090 1422/4813/4098 1423/4814/4099
f 1416/4808/4093 1415/4806/4091 1430/4812/4097 1431/4815/4100
f 1409/4809/4094 1408/4807/4092 1423/4814/4099 1424/4816/4101
f 1417/4810/4095 1416/4808/4093 1431/4815/4100 1432/4817/4102
f 1410/4796/4081 1409/4809/4094 1424/4816/4101 1425/4818/4103
f 1418/4799/4084 1417/4810/4095 1432/4817/4102 1433/4819/4104
f 1411/4797/4082 1410/4796/4081 1425/4818/4103 1426/4820/4105
f 1404/4798/4083 1464/4704/3989 1419/4821/4106
f 1373/4706/3991 1418/4799/4084 1433/4819/4104
f 1412/4800/4085 1411/4797/4082 1426/4820/4105 1427/4822/4107
f 1405/4801/4086 1404/4798/4083 1419/4821/4106 1420/4823/4108
f 1413/4802/4087 1412/4800/4085 1427/4822/4107 1428/4824/4109
f 1406/4803/4088 1405/4801/4086 1420/4823/4108 1421/4825/4110
f 1414/4804/4089 1413/4802/4087 1428/4824/4109 1429/4811/4096
f 1407/4805/4090 1406/4803/4088 1421/4825/4110 1422/4813/4098
f 1419/4821/4106 1464/4704/3989 1434/4826/4111
f 1373/4706/3991 1433/4819/4104 1448/4827/4112
f 1427/4822/4107 1426/4820/4105 1441/4828/4113 1442/4829/4114
f 1420/4823/4108 1419/4821/4106 1434/4826/4111 1435/4830/4115
f 1428/4824/4109 1427/4822/4107 1442/4829/4114 1443/4831/4116
f 1421/4825/4110 1420/4823/4108 1435/4830/4115 1436/4832/4117
f 1429/4811/4096 1428/4824/4109 1443/4831/4116 1444/4833/4118
f 1422/4813/4098 1421/4825/4110 1436/4832/4117 1437/4834/4119
f 1430/4812/4097 1429/4811/4096 1444/4833/4118 1445/4835/4120
f 1423/4814/4099 1422/4813/4098 1437/4834/4119 1438/4836/4121
f 1431/4815/4100 1430/4812/4097 1445/4835/4120 1446/4837/4122
f 1424/4816/4101 1423/4814/4099 1438/4836/4121 1439/4838/4123
f 1432/4817/4102 1431/4815/4100 1446/4837/4122 1447/4839/4124
f 1425/4818/4103 1424/4816/4101 1439/4838/4123 1440/4840/4125
f 1433/4819/4104 1432/4817/4102 1447/4839/4124 1448/4827/4112
f 1426/4820/4105 1425/4818/4103 1440/4840/4125 1441/4828/4113
f 1438/4836/4121 1437/4834/4119 1452/4841/4126 1453/4842/4127
f 1446/4837/4122 1445/4835/4120 1460/4843/4128 1461/4844/4129
f 1439/4838/4123 1438/4836/4121 1453/4842/4127 1454/4845/4130
f 1447/4839/4124 1446/4837/4122 1461/4844/4129 1462/4846/4131
f 1440/4840/4125 1439/4838/4123 1454/4845/4130 1455/4847/4132
f 1448/4827/4112 1447/4839/4124 1462/4846/4131 1463/4848/4133
f 1441/4828/4113 1440/4840/4125 1455/4847/4132 1456/4849/4134
f 1434/4826/4111 1464/4704/3989 1449/4850/4135
f 1373/4706/3991 1448/4827/4112 1463/4848/4133
f 1442/4829/4114 1441/4828/4113 1456/4849/4134 1457/4851/4136
f 1435/4830/4115 1434/4826/4111 1449/4850/4135 1450/4852/4137
f 1443/4831/4116 1442/4829/4114 1457/4851/4136 1458/4853/4138
f 1436/4832/4117 1435/4830/4115 1450/4852/4137 1451/4854/4139
f 1444/4833/4118 1443/4831/4116 1458/4853/4138 1459/4855/4140
f 1437/4834/4119 1436/4832/4117 1451/4854/4139 1452/4841/4126
f 1445/4835/4120 1444/4833/4118 1459/4855/4140 1460/4843/4128
f 1457/4851/4136 1456/4849/4134 1472/4856/4141 1473/4857/4142
f 1450/4852/4137 1449/4850/4135 1465/4858/4143 1466/4859/4144
f 1458/4853/4138 1457/4851/4136 1473/4857/4142 1474/4860/4145
f 1451/4854/4139 1450/4852/4137 1466/4859/4144 1467/4861/4146
f 1459/4855/4140 1458/4853/4138 1474/4860/4145 1475/4862/4147
f 1452/4841/4126 1451/4854/4139 1467/4861/4146 1468/4863/4148
f 1460/4843/4128 1459/4855/4140 1475/4862/4147 1476/4864/4149
f 1453/4842/4127 1452/4841/4126 1468/4863/4148 1469/4865/4150
f 1461/4844/4129 1460/4843/4128 1476/4864/4149 1477/4866/4151
f 1454/4845/4130 1453/4842/4127 1469/4865/4150 1470/4867/4152
f 1462/4846/4131 1461/4844/4129 1477/4866/4151 1478/4868/4153
f 1455/4847/4132 1454/4845/4130 1470/4867/4152 1471/4869/4154
f 1463/4848/4133 1462/4846/4131 1478/4868/4153 1479/4870/4155
f 1456/4849/4134 1455/4847/4132 1471/4869/4154 1472/4856/4141
f 1449/4850/4135 1464/4704/3989 1465/4858/4143
f 1373/4706/3991 1463/4848/4133 1479/4870/4155
f 1477/4866/4151 1476/4864/4149 1491/4871/4156 1492/4872/4157
f 1470/4867/4152 1469/4865/4150 1484/4873/4158 1485/4874/4159
f 1478/4868/4153 1477/4866/4151 1492/4872/4157 1493/4875/4160
f 1471/4869/4154 1470/4867/4152 1485/4874/4159 1486/4876/4161
f 1479/4870/4155 1478/4868/4153 1493/4875/4160 1494/4877/4162
f 1472/4856/4141 1471/4869/4154 1486/4876/4161 1487/4878/4163
f 1465/4858/4143 1464/4704/3989 1480/4879/4164
f 1373/4706/3991 1479/4870/4155 1494/4877/4162
f 1473/4857/4142 1472/4856/4141 1487/4878/4163 1488/4880/4165
f 1466/4859/4144 1465/4858/4143 1480/4879/4164 1481/4881/4166
f 1474/4860/4145 1473/4857/4142 1488/4880/4165 1489/4882/4167
f 1467/4861/4146 1466/4859/4144 1481/4881/4166 1482/4883/4168
f 1475/4862/4147 1474/4860/4145 1489/4882/4167 1490/4884/4169
f 1468/4863/4148 1467/4861/4146 1482/4883/4168 1483/4885/4170
f 1476/4864/4149 1475/4862/4147 1490/4884/4169 1491/4871/4156
f 1469/4865/4150 1468/4863/4148 1483/4885/4170 1484/4873/4158
f 1489/4882/4167 1488/4880/4165 1503/4886/4171 1504/4887/4172
f 1482/4883/4168 1481/4881/4166 1496/4888/4173 1497/4889/4174
f 1490/4884/4169 1489/4882/4167 1504/4887/4172 1505/4890/4175
f 1483/4885/4170 1482/4883/4168 1497/4889/4174 1498/4891/4176
f 1491/4871/4156 1490/4884/4169 1505/4890/4175 1506/4892/4177
f 1484/4873/4158 1483/4885/4170 1498/4891/4176 1499/4893/4178
f 1492/4872/4157 1491/4871/4156 1506/4892/4177 1507/4894/4179
f 1485/4874/4159 1484/4873/4158 1499/4893/4178 1500/4895/4180
f 1493/4875/4160 1492/4872/4157 1507/4894/4179 1508/4896/4181
f 1486/4876/4161 1485/4874/4159 1500/4895/4180 1501/4897/4182
f 1494/4877/4162 1493/4875/4160 1508/4896/4181 1509/4898/4183
f 1487/4878/4163 1486/4876/4161 1501/4897/4182 1502/4899/4184
f 1480/4879/4164 1464/4704/3989 1495/4900/4185
f 1373/4706/3991 1494/4877/4162 1509/4898/4183
f 1488/4880/4165 1487/4878/4163 1502/4899/4184 1503/4886/4171
f 1481/4881/4166 1480/4879/4164 1495/4900/4185 1496/4888/4173
f 1508/4896/4181 1507/4894/4179 1522/4901/4186 1523/4902/4187
f 1501/4897/4182 1500/4895/4180 1515/4903/4188 1516/4904/4189
f 1509/4898/4183 1508/4896/4181 1523/4902/4187 1524/4905/4190
f 1502/4899/4184 1501/4897/4182 1516/4904/4189 1517/4906/4191
f 1495/4900/4185 1464/4704/3989 1510/4907/4192
f 1373/4706/3991 1509/4898/4183 1524/4905/4190
f 1503/4886/4171 1502/4899/4184 1517/4906/4191 1518/4908/4193
f 1496/4888/4173 1495/4900/4185 1510/4907/4192 1511/4909/4194
f 1504/4887/4172 1503/4886/4171 1518/4908/4193 1519/4910/4195
f 1497/4889/4174 1496/4888/4173 1511/4909/4194 1512/4911/4196
f 1505/4890/4175 1504/4887/4172 1519/4910/4195 1520/4912/4197
f 1498/4891/4176 1497/4889/4174 1512/4911/4196 1513/4913/4198
f 1506/4892/4177 1505/4890/4175 1520/4912/4197 1521/4914/4199
f 1499/4893/4178 1498/4891/4176 1513/4913/4198 1514/4915/4200
f 1507/4894/4179 1506/4892/4177 1521/4914/4199 1522/4901/4186
f 1500/4895/4180 1499/4893/4178 1514/4915/4200 1515/4903/4188
f 1512/4911/4196 1511/4909/4194 1526/4916/4201 1527/4917/4202
f 1520/4912/4197 1519/4910/4195 1534/4918/4203 1535/4919/4204
f 1513/4913/4198 1512/4911/4196 1527/4917/4202 1528/4920/4205
f 1521/4914/4199 1520/4912/4197 1535/4919/4204 1536/4921/4206
f 1514/4915/4200 1513/4913/4198 1528/4920/4205 1529/4922/4207
f 1522/4901/4186 1521/4914/4199 1536/4921/4206 1537/4923/4208
f 1515/4903/4188 1514/4915/4200 1529/4922/4207 1530/4924/4209
f 1523/4902/4187 1522/4901/4186 1537/4923/4208 1538/4925/4210
f 1516/4904/4189 1515/4903/4188 1530/4924/4209 1531/4926/4211
f 1524/4905/4190 1523/4902/4187 1538/4925/4210 1539/4927/4212
f 1517/4906/4191 1516/4904/4189 1531/4926/4211 1532/4928/4213
f 1510/4907/4192 1464/4704/3989 1525/4929/4214
f 1373/4706/3991 1524/4905/4190 1539/4927/4212
f 1518/4908/4193 1517/4906/4191 1532/4928/4213 1533/4930/4215
f 1511/4909/4194 1510/4907/4192 1525/4929/4214 1526/4916/4201
f 1519/4910/4195 1518/4908/4193 1533/4930/4215 1534/4918/4203
f 1531/4926/4211 1530/4924/4209 1545/4931/4216 1546/4932/4217
f 1539/4927/4212 1538/4925/4210 1553/4933/4218 1554/4934/4219
f 1532/4928/4213 1531/4926/4211 1546/4932/4217 1547/4935/4220
f 1525/4929/4214 1464/4704/3989 1540/4936/4221
f 1373/4706/3991 1539/4927/4212 1554/4934/4219
f 1533/4930/4215 1532/4928/4213 1547/4935/4220 1548/4937/4222
f 1526/4916/4201 1525/4929/4214 1540/4936/4221 1541/4938/4223
f 1534/4918/4203 1533/4930/4215 1548/4937/4222 1549/4939/4224
f 1527/4917/4202 1526/4916/4201 1541/4938/4223 1542/4940/4225
f 1535/4919/4204 1534/4918/4203 1549/4939/4224 1550/4941/4226
f 1528/4920/4205 1527/4917/4202 1542/4940/4225 1543/4942/4227
f 1536/4921/4206 1535/4919/4204 1550/4941/4226 1551/4943/4228
f 1529/4922/4207 1528/4920/4205 1543/4942/4227 1544/4944/4229
f 1537/4923/4208 1536/4921/4206 1551/4943/4228 1552/4945/4230
f 1530/4924/4209 1529/4922/4207 1544/4944/4229 1545/4931/4216
f 1538/4925/4210 1537/4923/4208 1552/4945/4230 1553/4933/4218
f 1555/4946/4231 1557/4947/4232 1558/4948/4233 1556/4949/4234
f 1556/4949/4234 1563/4950/1698 1562/4951/4235 1555/4946/4231
f 1565/4952/4236 3945/4953/4237 3946/4954/1694 3951/4955/1693
f 1566/4956/4238 1560/4957/4239 3945/4953/4237 1565/4952/4236
f 1564/4958/1696 1559/4959/1695 1560/4957/4239 1566/4956/4238
f 1558/4948/4233 3947/4960/1697 1563/4950/1698 1556/4949/4234
f 1555/4946/4231 1562/4951/4235 1561/4961/4240 1557/4947/4232
f 1557/4947/4232 1561/4961/4240 3947/4960/1697 1558/4948/4233
f 1563/4962/1698 1564/4958/1696 1566/4956/4238 1562/4951/4235
f 1562/4951/4235 1566/4956/4238 1565/4952/4236 1561/4961/4240
f 1561/4961/4240 1565/4952/4236 3951/4955/1693 3947/4963/1697
f 1567/4964/4241 1569/4965/4242 1570/4966/4243 1568/4967/4244
f 1568/4967/4244 1578/4968/1704 1577/4969/4245 1567/4964/4241
f 1581/4970/4246 1573/4971/4247 1574/4972/1700 1579/4973/1699
f 1582/4974/4248 1572/4975/4249 1573/4971/4247 1581/4970/4246
f 1580/4976/1702 1571/4977/1701 1572/4975/4249 1582/4974/4248
f 1570/4966/4243 1575/4978/1703 1578/4968/1704 1568/4967/4244
f 1567/4964/4241 1577/4969/4245 1576/4979/4250 1569/4965/4242
f 1569/4965/4242 1576/4979/4250 1575/4978/1703 1570/4966/4243
f 1578/4980/1704 1580/4976/1702 1582/4974/4248 1577/4969/4245
f 1577/4969/4245 1582/4974/4248 1581/4970/4246 1576/4979/4250
f 1576/4979/4250 1581/4970/4246 1579/4973/1699 1575/4981/1703
f 1587/4982/4251 1584/4983/4252 1585/4984/1706 1588/4985/1705
f 3976/4986/4253 1583/4987/4254 1584/4983/4252 1587/4982/4251
f 1586/4988/1708 3973/4989/1707 1583/4987/4254 3976/4986/4253
f 1592/4990/4255 1587/4982/4251 1588/4991/1705 1591/4992/4256
f 1594/4993/4257 3976/4986/4253 1587/4982/4251 1592/4990/4255
f 1591/4992/4256 1588/4991/1705 1586/4994/1708 1593/4995/4258
f 3973/4989/1707 3982/4996/1710 3981/4997/4259 1583/4987/4254
f 1583/4987/4254 3981/4997/4259 1590/4998/4260 1584/4983/4252
f 1584/4983/4252 1590/4998/4260 1589/4999/1709 1585/4984/1706
f 1593/4995/4258 1586/4994/1708 3976/4986/4253 1594/4993/4257
f 1594/4993/4257 1592/4990/4255 1591/4992/4256 1593/4995/4258
f 1595/5000/4261 1597/5001/4262 1598/5002/4263 1596/5003/4264
f 1596/5003/4264 1606/5004/1716 1605/5005/4265 1595/5000/4261
f 1609/5006/4266 1601/5007/4267 1602/5008/1712 1607/5009/1711
f 1610/5010/4268 1600/5011/4269 1601/5007/4267 1609/5006/4266
f 1608/5012/1714 1599/5013/1713 1600/5011/4269 1610/5010/4268
f 1598/5002/4263 1603/5014/1715 1606/5004/1716 1596/5003/4264
f 1595/5000/4261 1605/5005/4265 1604/5015/4270 1597/5001/4262
f 1597/5001/4262 1604/5015/4270 1603/5014/1715 1598/5002/4263
f 1606/5016/1716 1608/5012/1714 1610/5010/4268 1605/5005/4265
f 1605/5005/4265 1610/5010/4268 1609/5006/4266 1604/5015/4270
f 1604/5015/4270 1609/5006/4266 1607/5009/1711 1603/5017/1715
f 1627/5018/4271 1629/5019/4272 1630/5020/4273 1628/5021/4274
f 1628/5021/4274 1638/5022/1722 1637/5023/4275 1627/5018/4271
f 1641/5024/4276 1633/5025/4277 1634/5026/1718 1639/5027/1717
f 1642/5028/4278 1632/5029/4279 1633/5025/4277 1641/5024/4276
f 1640/5030/1720 1631/5031/1719 1632/5029/4279 1642/5028/4278
f 1630/5020/4273 1635/5032/1721 1638/5022/1722 1628/5021/4274
f 1627/5018/4271 1637/5023/4275 1636/5033/4280 1629/5019/4272
f 1629/5019/4272 1636/5033/4280 1635/5032/1721 1630/5020/4273
f 1638/5034/1722 1640/5030/1720 1642/5028/4278 1637/5023/4275
f 1637/5023/4275 1642/5028/4278 1641/5024/4276 1636/5033/4280
f 1636/5033/4280 1641/5024/4276 1639/5027/1717 1635/5035/1721
f 1647/5036/4281 1650/5037/4282 1646/5038/4283 1645/5039/4284
f 1650/5037/4282 4044/5040/4285 4038/5041/4286 1646/5038/4283
f 1644/5042/4287 4035/5043/4288 4043/5044/4289 1649/5045/4290
f 1648/5046/4291 1649/5045/4290 1650/5037/4282 1647/5036/4281
f 1643/5047/4292 1644/5042/4287 1649/5045/4290 1648/5046/4291
f 1649/5045/4290 4043/5044/4289 4044/5040/4285 1650/5037/4282
f 1645/5039/4284 1646/5038/4283 1655/5048/4293 1654/5049/4294
f 1643/5047/4292 1648/5046/4291 1657/5050/4295 1652/5051/4296
f 1648/5046/4291 1647/5036/4281 1656/5052/4297 1657/5050/4295
f 1646/5038/4283 4038/5041/4286 4050/5053/4298 1655/5048/4293
f 1644/5042/4287 1643/5047/4292 1652/5051/4296 1653/5054/4299
f 4035/5043/4288 1644/5042/4287 1653/5054/4299 1651/5055/4300
f 1647/5036/4281 1645/5039/4284 1654/5049/4294 1656/5052/4297
f 1655/5048/4293 4050/5053/4298 4055/5056/4301 1659/5057/4302
f 1654/5049/4294 1655/5048/4293 1659/5057/4302 1658/5058/4303
f 2513/5059/2555 2515/5060/4304 2598/5061/4305 2597/5062/2510
f 2598/5061/4305 2599/5063/4306 2516/4618/3917 2514/4617/3916
f 2675/5064/4307 2600/5065/4308 2518/4622/3921 2679/4621/3920
f 2687/5066/4309 2601/5067/4310 2520/4626/3925 2683/4625/3924
f 2690/5068/4311 2602/5069/4312 2522/4630/3929 2688/4629/3928
f 2602/5069/4312 2603/5070/2511 2524/4632/811 2522/4630/3929
f 2523/5071/4313 2525/5072/2512 2603/5070/2511 2602/5069/4312
f 2689/5073/4314 2523/5071/4313 2602/5069/4312 2690/5068/4311
f 2686/5074/4315 2521/5075/4316 2601/5067/4310 2687/5066/4309
f 2677/5076/4317 2519/5077/4318 2600/5065/4308 2675/5064/4307
f 2515/5060/4304 2517/5078/4319 2599/5063/4306 2598/5061/4305
f 2465/5079/2535 2610/5080/2559 2715/5081/4320 2694/5082/4321
f 2597/5062/2510 2598/5061/4305 2514/4617/3916 2512/4646/763
f 2696/5083/4322 2694/5082/4321 2718/5084/4323 2716/5085/4324
f 2695/5086/4325 2696/5083/4322 2716/5085/4324 2714/5087/4326
f 2513/5059/2555 2578/5088/2538 2695/5086/4325 2515/5060/4304
f 2578/5088/2538 2569/5089/2536 2696/5083/4322 2695/5086/4325
f 2517/5078/4319 2677/5076/4317 2675/5064/4307 2599/5063/4306
f 2599/5063/4306 2675/5064/4307 2679/4621/3920 2516/4618/3917
f 2616/5090/2565 2681/5091/4327 2682/5092/4328 2621/5093/2566
f 2710/5094/2577 2698/5095/4329 2676/5096/4330 2614/5097/2563
f 2654/5098/2573 2678/5099/4331 2681/5091/4327 2616/5090/2565
f 2525/5072/2512 2523/5071/4313 2678/5099/4331 2654/5098/2573
f 2689/5073/4314 2691/5100/4332 2678/5099/4331 2523/5071/4313
f 2691/5100/4332 2692/5101/4333 2681/5091/4327 2678/5099/4331
f 2692/5101/4333 2693/5102/4334 2682/5092/4328 2681/5091/4327
f 2519/5077/4318 2686/5074/4315 2687/5066/4309 2600/5065/4308
f 2600/5065/4308 2687/5066/4309 2683/4625/3924 2518/4622/3921
f 2521/5075/4316 2686/5074/4315 2684/5103/4335 2680/5104/4336
f 2686/5074/4315 2519/5077/4318 2685/5105/4337 2684/5103/4335
f 2726/5106/4338 2720/5107/4339 2693/5102/4334 2692/5101/4333
f 2724/5108/4340 2726/5106/4338 2692/5101/4333 2691/5100/4332
f 2722/5109/4341 2724/5108/4340 2691/5100/4332 2689/5073/4314
f 2722/5109/4341 2689/5073/4314 2690/5068/4311 2731/5110/4342
f 2731/5110/4342 2690/5068/4311 2688/4629/3928 2729/4675/3961
f 2697/5111/4343 2676/5096/4330 2698/5095/4329 2673/5112/4344
f 2674/5113/4345 2719/5114/4346 2716/5085/4324 2718/5084/4323
f 2515/5060/4304 2695/5086/4325 2714/5087/4326 2517/5078/4319
f 2697/5111/4343 2673/5112/4344 2674/5113/4345 2718/5084/4323
f 2621/5093/2566 2682/5092/4328 2698/5095/4329 2710/5094/2577
f 2715/5081/4320 2717/5115/4347 2676/5096/4330 2697/5111/4343
f 2612/5116/2561 2614/5097/2563 2676/5096/4330 2717/5115/4347
f 2694/5082/4321 2715/5081/4320 2697/5111/4343 2718/5084/4323
f 2610/5080/2559 2612/5116/2561 2717/5115/4347 2715/5081/4320
f 2569/5089/2536 2465/5079/2535 2694/5082/4321 2696/5083/4322
f 2719/5114/4346 2672/5117/4348 2714/5087/4326 2716/5085/4324
f 2517/5078/4319 2714/5087/4326 2672/5117/4348 2677/5076/4317
f 2698/5095/4329 2682/5092/4328 2693/5102/4334 2673/5112/4344
f 2673/5112/4344 2693/5102/4334 2720/5107/4339 2674/5113/4345
f 2674/5113/4345 2720/5107/4339 2721/5118/4349 2719/5114/4346
f 2719/5114/4346 2721/5118/4349 2685/5105/4337 2672/5117/4348
f 2519/5077/4318 2677/5076/4317 2672/5117/4348 2685/5105/4337
f 2601/5067/4310 2730/5119/4350 2728/4684/3969 2520/4626/3925
f 2723/5120/4351 2722/5109/4341 2731/5110/4342 2730/5119/4350
f 2521/5075/4316 2723/5120/4351 2730/5119/4350 2601/5067/4310
f 2723/5120/4351 2725/5121/4352 2724/5108/4340 2722/5109/4341
f 2521/5075/4316 2680/5104/4336 2725/5121/4352 2723/5120/4351
f 2725/5121/4352 2727/5122/4353 2726/5106/4338 2724/5108/4340
f 2680/5104/4336 2684/5103/4335 2727/5122/4353 2725/5121/4352
f 2726/5106/4338 2727/5122/4353 2721/5118/4349 2720/5107/4339
f 2684/5103/4335 2685/5105/4337 2721/5118/4349 2727/5122/4353
f 2730/5119/4350 2731/5110/4342 2729/4675/3961 2728/4684/3969
f 3687/5123/4354 3702/5124/4355 3701/5125/4356 3686/5126/4357
f 3695/5127/4358 3710/5128/4359 3709/5129/4360 3694/5130/4361
f 3688/5131/4362 3703/5132/4363 3702/5124/4355 3687/5123/4354
f 3696/5133/4364 3711/5134/4365 3710/5128/4359 3695/5127/4358
f 3689/5135/4366 3704/5136/4367 3703/5132/4363 3688/5131/4362
f 3682/5137/4368 3697/5138/4369 3848/5139/4370
f 3757/5140/4371 3711/5134/4365 3696/5133/4364
f 3690/5141/4372 3705/5142/4373 3704/5136/4367 3689/5135/4366
f 3683/5143/4374 3698/5144/4375 3697/5138/4369 3682/5137/4368
f 3691/5145/4376 3706/5146/4377 3705/5142/4373 3690/5141/4372
f 3684/5147/4378 3699/5148/4379 3698/5144/4375 3683/5143/4374
f 3692/5149/4380 3707/5150/4381 3706/5146/4377 3691/5145/4376
f 3685/5151/4382 3700/5152/4383 3699/5148/4379 3684/5147/4378
f 3693/5153/4384 3708/5154/4385 3707/5150/4381 3692/5149/4380
f 3686/5126/4357 3701/5125/4356 3700/5152/4383 3685/5151/4382
f 3694/5130/4361 3709/5129/4360 3708/5154/4385 3693/5153/4384
f 3706/5146/4377 3721/5155/4386 3720/5156/4387 3705/5142/4373
f 3699/5148/4379 3714/5157/4388 3713/5158/4389 3698/5144/4375
f 3707/5150/4381 3722/5159/4390 3721/5155/4386 3706/5146/4377
f 3700/5152/4383 3715/5160/4391 3714/5157/4388 3699/5148/4379
f 3708/5154/4385 3723/5161/4392 3722/5159/4390 3707/5150/4381
f 3701/5125/4356 3716/5162/4393 3715/5160/4391 3700/5152/4383
f 3709/5129/4360 3724/5163/4394 3723/5161/4392 3708/5154/4385
f 3702/5124/4355 3717/5164/4395 3716/5162/4393 3701/5125/4356
f 3710/5128/4359 3725/5165/4396 3724/5163/4394 3709/5129/4360
f 3703/5132/4363 3718/5166/4397 3717/5164/4395 3702/5124/4355
f 3711/5134/4365 3726/5167/4398 3725/5165/4396 3710/5128/4359
f 3704/5136/4367 3719/5168/4399 3718/5166/4397 3703/5132/4363
f 3697/5138/4369 3712/5169/4400 3848/5139/4370
f 3757/5140/4371 3726/5167/4398 3711/5134/4365
f 3705/5142/4373 3720/5156/4387 3719/5168/4399 3704/5136/4367
f 3698/5144/4375 3713/5158/4389 3712/5169/4400 3697/5138/4369
f 3725/5165/4396 3740/5170/4401 3739/5171/4402 3724/5163/4394
f 3718/5166/4397 3733/5172/4403 3732/5173/4404 3717/5164/4395
f 3726/5167/4398 3741/5174/4405 3740/5170/4401 3725/5165/4396
f 3719/5168/4399 3734/5175/4406 3733/5172/4403 3718/5166/4397
f 3712/5169/4400 3727/5176/4407 3848/5139/4370
f 3757/5140/4371 3741/5174/4405 3726/5167/4398
f 3720/5156/4387 3735/5177/4408 3734/5175/4406 3719/5168/4399
f 3713/5158/4389 3728/5178/4409 3727/5176/4407 3712/5169/4400
f 3721/5155/4386 3736/5179/4410 3735/5177/4408 3720/5156/4387
f 3714/5157/4388 3729/5180/4411 3728/5178/4409 3713/5158/4389
f 3722/5159/4390 3737/5181/4412 3736/5179/4410 3721/5155/4386
f 3715/5160/4391 3730/5182/4413 3729/5180/4411 3714/5157/4388
f 3723/5161/4392 3738/5183/4414 3737/5181/4412 3722/5159/4390
f 3716/5162/4393 3731/5184/4415 3730/5182/4413 3715/5160/4391
f 3724/5163/4394 3739/5171/4402 3738/5183/4414 3723/5161/4392
f 3717/5164/4395 3732/5173/4404 3731/5184/4415 3716/5162/4393
f 3737/5181/4412 3752/5185/4416 3751/5186/4417 3736/5179/4410
f 3730/5182/4413 3745/5187/4418 3744/5188/4419 3729/5180/4411
f 3738/5183/4414 3753/5189/4420 3752/5185/4416 3737/5181/4412
f 3731/5184/4415 3746/5190/4421 3745/5187/4418 3730/5182/4413
f 3739/5171/4402 3754/5191/4422 3753/5189/4420 3738/5183/4414
f 3732/5173/4404 3747/5192/4423 3746/5190/4421 3731/5184/4415
f 3740/5170/4401 3755/5193/4424 3754/5191/4422 3739/5171/4402
f 3733/5172/4403 3748/5194/4425 3747/5192/4423 3732/5173/4404
f 3741/5174/4405 3756/5195/4426 3755/5193/4424 3740/5170/4401
f 3734/5175/4406 3749/5196/4427 3748/5194/4425 3733/5172/4403
f 3727/5176/4407 3742/5197/4428 3848/5139/4370
f 3757/5140/4371 3756/5195/4426 3741/5174/4405
f 3735/5177/4408 3750/5198/4429 3749/5196/4427 3734/5175/4406
f 3728/5178/4409 3743/5199/4430 3742/5197/4428 3727/5176/4407
f 3736/5179/4410 3751/5186/4417 3750/5198/4429 3735/5177/4408
f 3729/5180/4411 3744/5188/4419 3743/5199/4430 3728/5178/4409
f 3756/5195/4426 3772/5200/4431 3771/5201/4432 3755/5193/4424
f 3749/5196/4427 3765/5202/4433 3764/5203/4434 3748/5194/4425
f 3742/5197/4428 3758/5204/4435 3848/5139/4370
f 3757/5140/4371 3772/5200/4431 3756/5195/4426
f 3750/5198/4429 3766/5205/4436 3765/5202/4433 3749/5196/4427
f 3743/5199/4430 3759/5206/4437 3758/5204/4435 3742/5197/4428
f 3751/5186/4417 3767/5207/4438 3766/5205/4436 3750/5198/4429
f 3744/5188/4419 3760/5208/4439 3759/5206/4437 3743/5199/4430
f 3752/5185/4416 3768/5209/4440 3767/5207/4438 3751/5186/4417
f 3745/5187/4418 3761/5210/4441 3760/5208/4439 3744/5188/4419
f 3753/5189/4420 3769/5211/4442 3768/5209/4440 3752/5185/4416
f 3746/5190/4421 3762/5212/4443 3761/5210/4441 3745/5187/4418
f 3754/5191/4422 3770/5213/4444 3769/5211/4442 3753/5189/4420
f 3747/5192/4423 3763/5214/4445 3762/5212/4443 3746/5190/4421
f 3755/5193/4424 3771/5201/4432 3770/5213/4444 3754/5191/4422
f 3748/5194/4425 3764/5203/4434 3763/5214/4445 3747/5192/4423
f 3761/5210/4441 3776/5215/4446 3775/5216/4447 3760/5208/4439
f 3769/5211/4442 3784/5217/4448 3783/5218/4449 3768/5209/4440
f 3762/5212/4443 3777/5219/4450 3776/5215/4446 3761/5210/4441
f 3770/5213/4444 3785/5220/4451 3784/5217/4448 3769/5211/4442
f 3763/5214/4445 3778/5221/4452 3777/5219/4450 3762/5212/4443
f 3771/5201/4432 3786/5222/4453 3785/5220/4451 3770/5213/4444
f 3764/5203/4434 3779/5223/4454 3778/5221/4452 3763/5214/4445
f 3772/5200/4431 3787/5224/4455 3786/5222/4453 3771/5201/4432
f 3765/5202/4433 3780/5225/4456 3779/5223/4454 3764/5203/4434
f 3758/5204/4435 3773/5226/4457 3848/5139/4370
f 3757/5140/4371 3787/5224/4455 3772/5200/4431
f 3766/5205/4436 3781/5227/4458 3780/5225/4456 3765/5202/4433
f 3759/5206/4437 3774/5228/4459 3773/5226/4457 3758/5204/4435
f 3767/5207/4438 3782/5229/4460 3781/5227/4458 3766/5205/4436
f 3760/5208/4439 3775/5216/4447 3774/5228/4459 3759/5206/4437
f 3768/5209/4440 3783/5218/4449 3782/5229/4460 3767/5207/4438
f 3780/5225/4456 3795/5230/4461 3794/5231/4462 3779/5223/4454
f 3773/5226/4457 3788/5232/4463 3848/5139/4370
f 3757/5140/4371 3802/5233/4464 3787/5224/4455
f 3781/5227/4458 3796/5234/4465 3795/5230/4461 3780/5225/4456
f 3774/5228/4459 3789/5235/4466 3788/5232/4463 3773/5226/4457
f 3782/5229/4460 3797/5236/4467 3796/5234/4465 3781/5227/4458
f 3775/5216/4447 3790/5237/4468 3789/5235/4466 3774/5228/4459
f 3783/5218/4449 3798/5238/4469 3797/5236/4467 3782/5229/4460
f 3776/5215/4446 3791/5239/4470 3790/5237/4468 3775/5216/4447
f 3784/5217/4448 3799/5240/4471 3798/5238/4469 3783/5218/4449
f 3777/5219/4450 3792/5241/4472 3791/5239/4470 3776/5215/4446
f 3785/5220/4451 3800/5242/4473 3799/5240/4471 3784/5217/4448
f 3778/5221/4452 3793/5243/4474 3792/5241/4472 3777/5219/4450
f 3786/5222/4453 3801/5244/4475 3800/5242/4473 3785/5220/4451
f 3779/5223/4454 3794/5231/4462 3793/5243/4474 3778/5221/4452
f 3787/5224/4455 3802/5233/4464 3801/5244/4475 3786/5222/4453
f 3799/5240/4471 3814/5245/4476 3813/5246/4477 3798/5238/4469
f 3792/5241/4472 3807/5247/4478 3806/5248/4479 3791/5239/4470
f 3800/5242/4473 3815/5249/4480 3814/5245/4476 3799/5240/4471
f 3793/5243/4474 3808/5250/4481 3807/5247/4478 3792/5241/4472
f 3801/5244/4475 3816/5251/4482 3815/5249/4480 3800/5242/4473
f 3794/5231/4462 3809/5252/4483 3808/5250/4481 3793/5243/4474
f 3802/5233/4464 3817/5253/4484 3816/5251/4482 3801/5244/4475
f 3795/5230/4461 3810/5254/4485 3809/5252/4483 3794/5231/4462
f 3788/5232/4463 3803/5255/4486 3848/5139/4370
f 3757/5140/4371 3817/5253/4484 3802/5233/4464
f 3796/5234/4465 3811/5256/4487 3810/5254/4485 3795/5230/4461
f 3789/5235/4466 3804/5257/4488 3803/5255/4486 3788/5232/4463
f 3797/5236/4467 3812/5258/4489 3811/5256/4487 3796/5234/4465
f 3790/5237/4468 3805/5259/4490 3804/5257/4488 3789/5235/4466
f 3798/5238/4469 3813/5246/4477 3812/5258/4489 3797/5236/4467
f 3791/5239/4470 3806/5248/4479 3805/5259/4490 3790/5237/4468
f 3803/5255/4486 3818/5260/4491 3848/5139/4370
f 3757/5140/4371 3832/5261/4492 3817/5253/4484
f 3811/5256/4487 3826/5262/4493 3825/5263/4494 3810/5254/4485
f 3804/5257/4488 3819/5264/4495 3818/5260/4491 3803/5255/4486
f 3812/5258/4489 3827/5265/4496 3826/5262/4493 3811/5256/4487
f 3805/5259/4490 3820/5266/4497 3819/5264/4495 3804/5257/4488
f 3813/5246/4477 3828/5267/4498 3827/5265/4496 3812/5258/4489
f 3806/5248/4479 3821/5268/4499 3820/5266/4497 3805/5259/4490
f 3814/5245/4476 3829/5269/4500 3828/5267/4498 3813/5246/4477
f 3807/5247/4478 3822/5270/4501 3821/5268/4499 3806/5248/4479
f 3815/5249/4480 3830/5271/4502 3829/5269/4500 3814/5245/4476
f 3808/5250/4481 3823/5272/4503 3822/5270/4501 3807/5247/4478
f 3816/5251/4482 3831/5273/4504 3830/5271/4502 3815/5249/4480
f 3809/5252/4483 3824/5274/4505 3823/5272/4503 3808/5250/4481
f 3817/5253/4484 3832/5261/4492 3831/5273/4504 3816/5251/4482
f 3810/5254/4485 3825/5263/4494 3824/5274/4505 3809/5252/4483
f 3822/5270/4501 3837/5275/4506 3836/5276/4507 3821/5268/4499
f 3830/5271/4502 3845/5277/4508 3844/5278/4509 3829/5269/4500
f 3823/5272/4503 3838/5279/4510 3837/5275/4506 3822/5270/4501
f 3831/5273/4504 3846/5280/4511 3845/5277/4508 3830/5271/4502
f 3824/5274/4505 3839/5281/4512 3838/5279/4510 3823/5272/4503
f 3832/5261/4492 3847/5282/4513 3846/5280/4511 3831/5273/4504
f 3825/5263/4494 3840/5283/4514 3839/5281/4512 3824/5274/4505
f 3818/5260/4491 3833/5284/4515 3848/5139/4370
f 3757/5140/4371 3847/5282/4513 3832/5261/4492
f 3826/5262/4493 3841/5285/4516 3840/5283/4514 3825/5263/4494
f 3819/5264/4495 3834/5286/4517 3833/5284/4515 3818/5260/4491
f 3827/5265/4496 3842/5287/4518 3841/5285/4516 3826/5262/4493
f 3820/5266/4497 3835/5288/4519 3834/5286/4517 3819/5264/4495
f 3828/5267/4498 3843/5289/4520 3842/5287/4518 3827/5265/4496
f 3821/5268/4499 3836/5276/4507 3835/5288/4519 3820/5266/4497
f 3829/5269/4500 3844/5278/4509 3843/5289/4520 3828/5267/4498
f 3841/5285/4516 3857/5290/4521 3856/5291/4522 3840/5283/4514
f 3834/5286/4517 3850/5292/4523 3849/5293/4524 3833/5284/4515
f 3842/5287/4518 3858/5294/4525 3857/5290/4521 3841/5285/4516
f 3835/5288/4519 3851/5295/4526 3850/5292/4523 3834/5286/4517
f 3843/5289/4520 3859/5296/4527 3858/5294/4525 3842/5287/4518
f 3836/5276/4507 3852/5297/4528 3851/5295/4526 3835/5288/4519
f 3844/5278/4509 3860/5298/4529 3859/5296/4527 3843/5289/4520
f 3837/5275/4506 3853/5299/4530 3852/5297/4528 3836/5276/4507
f 3845/5277/4508 3861/5300/4531 3860/5298/4529 3844/5278/4509
f 3838/5279/4510 3854/5301/4532 3853/5299/4530 3837/5275/4506
f 3846/5280/4511 3862/5302/4533 3861/5300/4531 3845/5277/4508
f 3839/5281/4512 3855/5303/4534 3854/5301/4532 3838/5279/4510
f 3847/5282/4513 3863/5304/4535 3862/5302/4533 3846/5280/4511
f 3840/5283/4514 3856/5291/4522 3855/5303/4534 3839/5281/4512
f 3833/5284/4515 3849/5293/4524 3848/5139/4370
f 3757/5140/4371 3863/5304/4535 3847/5282/4513
f 3861/5300/4531 3876/5305/4536 3875/5306/4537 3860/5298/4529
f 3854/5301/4532 3869/5307/4538 3868/5308/4539 3853/5299/4530
f 3862/5302/4533 3877/5309/4540 3876/5305/4536 3861/5300/4531
f 3855/5303/4534 3870/5310/4541 3869/5307/4538 3854/5301/4532
f 3863/5304/4535 3878/5311/4542 3877/5309/4540 3862/5302/4533
f 3856/5291/4522 3871/5312/4543 3870/5310/4541 3855/5303/4534
f 3849/5293/4524 3864/5313/4544 3848/5139/4370
f 3757/5140/4371 3878/5311/4542 3863/5304/4535
f 3857/5290/4521 3872/5314/4545 3871/5312/4543 3856/5291/4522
f 3850/5292/4523 3865/5315/4546 3864/5313/4544 3849/5293/4524
f 3858/5294/4525 3873/5316/4547 3872/5314/4545 3857/5290/4521
f 3851/5295/4526 3866/5317/4548 3865/5315/4546 3850/5292/4523
f 3859/5296/4527 3874/5318/4549 3873/5316/4547 3858/5294/4525
f 3852/5297/4528 3867/5319/4550 3866/5317/4548 3851/5295/4526
f 3860/5298/4529 3875/5306/4537 3874/5318/4549 3859/5296/4527
f 3853/5299/4530 3868/5308/4539 3867/5319/4550 3852/5297/4528
f 3873/5316/4547 3888/5320/4551 3887/5321/4552 3872/5314/4545
f 3866/5317/4548 3881/5322/4553 3880/5323/4554 3865/5315/4546
f 3874/5318/4549 3889/5324/4555 3888/5320/4551 3873/5316/4547
f 3867/5319/4550 3882/5325/4556 3881/5322/4553 3866/5317/4548
f 3875/5306/4537 3890/5326/4557 3889/5324/4555 3874/5318/4549
f 3868/5308/4539 3883/5327/4558 3882/5325/4556 3867/5319/4550
f 3876/5305/4536 3891/5328/4559 3890/5326/4557 3875/5306/4537
f 3869/5307/4538 3884/5329/4560 3883/5327/4558 3868/5308/4539
f 3877/5309/4540 3892/5330/4561 3891/5328/4559 3876/5305/4536
f 3870/5310/4541 3885/5331/4562 3884/5329/4560 3869/5307/4538
f 3878/5311/4542 3893/5332/4563 3892/5330/4561 3877/5309/4540
f 3871/5312/4543 3886/5333/4564 3885/5331/4562 3870/5310/4541
f 3864/5313/4544 3879/5334/4565 3848/5139/4370
f 3757/5140/4371 3893/5332/4563 3878/5311/4542
f 3872/5314/4545 3887/5321/4552 3886/5333/4564 3871/5312/4543
f 3865/5315/4546 3880/5323/4554 3879/5334/4565 3864/5313/4544
f 3892/5330/4561 3907/5335/4566 3906/5336/4567 3891/5328/4559
f 3885/5331/4562 3900/5337/4568 3899/5338/4569 3884/5329/4560
f 3893/5332/4563 3908/5339/4570 3907/5335/4566 3892/5330/4561
f 3886/5333/4564 3901/5340/4571 3900/5337/4568 3885/5331/4562
f 3879/5334/4565 3894/5341/4572 3848/5139/4370
f 3757/5140/4371 3908/5339/4570 3893/5332/4563
f 3887/5321/4552 3902/5342/4573 3901/5340/4571 3886/5333/4564
f 3880/5323/4554 3895/5343/4574 3894/5341/4572 3879/5334/4565
f 3888/5320/4551 3903/5344/4575 3902/5342/4573 3887/5321/4552
f 3881/5322/4553 3896/5345/4576 3895/5343/4574 3880/5323/4554
f 3889/5324/4555 3904/5346/4577 3903/5344/4575 3888/5320/4551
f 3882/5325/4556 3897/5347/4578 3896/5345/4576 3881/5322/4553
f 3890/5326/4557 3905/5348/4579 3904/5346/4577 3889/5324/4555
f 3883/5327/4558 3898/5349/4580 3897/5347/4578 3882/5325/4556
f 3891/5328/4559 3906/5336/4567 3905/5348/4579 3890/5326/4557
f 3884/5329/4560 3899/5338/4569 3898/5349/4580 3883/5327/4558
f 3896/5345/4576 3911/5350/4581 3910/5351/4582 3895/5343/4574
f 3904/5346/4577 3919/5352/4583 3918/5353/4584 3903/5344/4575
f 3897/5347/4578 3912/5354/4585 3911/5350/4581 3896/5345/4576
f 3905/5348/4579 3920/5355/4586 3919/5352/4583 3904/5346/4577
f 3898/5349/4580 3913/5356/4587 3912/5354/4585 3897/5347/4578
f 3906/5336/4567 3921/5357/4588 3920/5355/4586 3905/5348/4579
f 3899/5338/4569 3914/5358/4589 3913/5356/4587 3898/5349/4580
f 3907/5335/4566 3922/5359/4590 3921/5357/4588 3906/5336/4567
f 3900/5337/4568 3915/5360/4591 3914/5358/4589 3899/5338/4569
f 3908/5339/4570 3923/5361/4592 3922/5359/4590 3907/5335/4566
f 3901/5340/4571 3916/5362/4593 3915/5360/4591 3900/5337/4568
f 3894/5341/4572 3909/5363/4594 3848/5139/4370
f 3757/5140/4371 3923/5361/4592 3908/5339/4570
f 3902/5342/4573 3917/5364/4595 3916/5362/4593 3901/5340/4571
f 3895/5343/4574 3910/5351/4582 3909/5363/4594 3894/5341/4572
f 3903/5344/4575 3918/5353/4584 3917/5364/4595 3902/5342/4573
f 3915/5360/4591 3930/5365/4596 3929/5366/4597 3914/5358/4589
f 3923/5361/4592 3938/5367/4598 3937/5368/4599 3922/5359/4590
f 3916/5362/4593 3931/5369/4600 3930/5365/4596 3915/5360/4591
f 3909/5363/4594 3924/5370/4601 3848/5139/4370
f 3757/5140/4371 3938/5367/4598 3923/5361/4592
f 3917/5364/4595 3932/5371/4602 3931/5369/4600 3916/5362/4593
f 3910/5351/4582 3925/5372/4603 3924/5370/4601 3909/5363/4594
f 3918/5353/4584 3933/5373/4604 3932/5371/4602 3917/5364/4595
f 3911/5350/4581 3926/5374/4605 3925/5372/4603 3910/5351/4582
f 3919/5352/4583 3934/5375/4606 3933/5373/4604 3918/5353/4584
f 3912/5354/4585 3927/5376/4607 3926/5374/4605 3911/5350/4581
f 3920/5355/4586 3935/5377/4608 3934/5375/4606 3919/5352/4583
f 3913/5356/4587 3928/5378/4609 3927/5376/4607 3912/5354/4585
f 3921/5357/4588 3936/5379/4610 3935/5377/4608 3920/5355/4586
f 3914/5358/4589 3929/5366/4597 3928/5378/4609 3913/5356/4587
f 3922/5359/4590 3937/5368/4599 3936/5379/4610 3921/5357/4588
f 3939/5380/4611 3940/5381/4612 3942/5382/4613 3941/5383/4614
f 3940/5381/4612 3939/5380/4611 3949/5384/4615 3950/5385/3391
f 3953/5386/4616 3951/4955/1693 3946/4954/1694 3945/4953/4237
f 3954/5387/4617 3953/5386/4616 3945/4953/4237 3944/5388/4618
f 3952/5389/3389 3954/5387/4617 3944/5388/4618 3943/5390/3390
f 3942/5382/4613 3940/5381/4612 3950/5385/3391 3947/4960/1697
f 3939/5380/4611 3941/5383/4614 3948/5391/4619 3949/5384/4615
f 3941/5383/4614 3942/5382/4613 3947/4960/1697 3948/5391/4619
f 3950/5392/3391 3949/5384/4615 3954/5387/4617 3952/5389/3389
f 3949/5384/4615 3948/5391/4619 3953/5386/4616 3954/5387/4617
f 3948/5391/4619 3947/4963/1697 3951/4955/1693 3953/5386/4616
f 3955/5393/4620 3956/5394/4621 3958/5395/4622 3957/5396/4623
f 3956/5394/4621 3955/5393/4620 3965/5397/4624 3966/5398/3397
f 3969/5399/4625 3967/5400/3392 3962/5401/3395 3961/5402/4626
f 3970/5403/4627 3969/5399/4625 3961/5402/4626 3960/5404/4628
f 3968/5405/3393 3970/5403/4627 3960/5404/4628 3959/5406/3394
f 3958/5395/4622 3956/5394/4621 3966/5398/3397 3963/5407/3396
f 3955/5393/4620 3957/5396/4623 3964/5408/4629 3965/5397/4624
f 3957/5396/4623 3958/5395/4622 3963/5407/3396 3964/5408/4629
f 3966/5409/3397 3965/5397/4624 3970/5403/4627 3968/5405/3393
f 3965/5397/4624 3964/5408/4629 3969/5399/4625 3970/5403/4627
f 3964/5408/4629 3963/5410/3396 3967/5400/3392 3969/5399/4625
f 3977/5411/4630 3978/5412/3398 3974/5413/3400 3972/5414/4631
f 3976/4986/4253 3977/5411/4630 3972/5414/4631 3971/5415/4632
f 3975/5416/3399 3976/4986/4253 3971/5415/4632 3973/4989/1707
f 3984/5417/4633 3983/5418/4634 3978/5419/3398 3977/5411/4630
f 3986/5420/4635 3984/5417/4633 3977/5411/4630 3976/4986/4253
f 3983/5418/4634 3985/5421/4636 3975/5422/3399 3978/5419/3398
f 3973/4989/1707 3971/5415/4632 3981/4997/4259 3982/4996/1710
f 3971/5415/4632 3972/5414/4631 3980/5423/4637 3981/4997/4259
f 3972/5414/4631 3974/5413/3400 3979/5424/3401 3980/5423/4637
f 3985/5421/4636 3986/5420/4635 3976/4986/4253 3975/5422/3399
f 3986/5420/4635 3985/5421/4636 3983/5418/4634 3984/5417/4633
f 3987/5425/4638 3988/5426/4639 3990/5427/4640 3989/5428/4641
f 3988/5426/4639 3987/5425/4638 3997/5429/4642 3998/5430/3407
f 4001/5431/4643 3999/5432/3402 3994/5433/3405 3993/5434/4644
f 4002/5435/4645 4001/5431/4643 3993/5434/4644 3992/5436/4646
f 4000/5437/3403 4002/5435/4645 3992/5436/4646 3991/5438/3404
f 3990/5427/4640 3988/5426/4639 3998/5430/3407 3995/5439/3406
f 3987/5425/4638 3989/5428/4641 3996/5440/4647 3997/5429/4642
f 3989/5428/4641 3990/5427/4640 3995/5439/3406 3996/5440/4647
f 3998/5441/3407 3997/5429/4642 4002/5435/4645 4000/5437/3403
f 3997/5429/4642 3996/5440/4647 4001/5431/4643 4002/5435/4645
f 3996/5440/4647 3995/5442/3406 3999/5432/3402 4001/5431/4643
f 4003/5443/4648 4004/5444/4649 4006/5445/4650 4005/5446/4651
f 4004/5444/4649 4003/5443/4648 4013/5447/4652 4014/5448/3413
f 4017/5449/4653 4015/5450/3408 4010/5451/3411 4009/5452/4654
f 4018/5453/4655 4017/5449/4653 4009/5452/4654 4008/5454/4656
f 4016/5455/3409 4018/5453/4655 4008/5454/4656 4007/5456/3410
f 4006/5445/4650 4004/5444/4649 4014/5448/3413 4011/5457/3412
f 4003/5443/4648 4005/5446/4651 4012/5458/4657 4013/5447/4652
f 4005/5446/4651 4006/5445/4650 4011/5457/3412 4012/5458/4657
f 4014/5459/3413 4013/5447/4652 4018/5453/4655 4016/5455/3409
f 4013/5447/4652 4012/5458/4657 4017/5449/4653 4018/5453/4655
f 4012/5458/4657 4011/5460/3412 4015/5450/3408 4017/5449/4653
f 4019/5461/4658 4020/5462/4659 4022/5463/4660 4021/5464/4661
f 4020/5462/4659 4019/5461/4658 4029/5465/4662 4030/5466/3419
f 4033/5467/4663 4031/5468/3414 4026/5469/3417 4025/5470/4664
f 4034/5471/4665 4033/5467/4663 4025/5470/4664 4024/5472/4666
f 4032/5473/3415 4034/5471/4665 4024/5472/4666 4023/5474/3416
f 4022/5463/4660 4020/5462/4659 4030/5466/3419 4027/5475/3418
f 4019/5461/4658 4021/5464/4661 4028/5476/4667 4029/5465/4662
f 4021/5464/4661 4022/5463/4660 4027/5475/3418 4028/5476/4667
f 4030/5477/3419 4029/5465/4662 4034/5471/4665 4032/5473/3415
f 4029/5465/4662 4028/5476/4667 4033/5467/4663 4034/5471/4665
f 4028/5476/4667 4027/5478/3418 4031/5468/3414 4033/5467/4663
f 4041/5479/4668 4039/5480/4669 4040/5481/4670 4046/5482/4671
f 4046/5482/4671 4040/5481/4670 4038/5041/4286 4044/5040/4285
f 4037/5483/4672 4045/5484/4673 4043/5044/4289 4035/5043/4288
f 4042/5485/4674 4041/5479/4668 4046/5482/4671 4045/5484/4673
f 4036/5486/4675 4042/5485/4674 4045/5484/4673 4037/5483/4672
f 4045/5484/4673 4046/5482/4671 4044/5040/4285 4043/5044/4289
f 4039/5480/4669 4051/5487/4676 4052/5488/4677 4040/5481/4670
f 4036/5486/4675 4048/5489/4678 4054/5490/4679 4042/5485/4674
f 4042/5485/4674 4054/5490/4679 4053/5491/4680 4041/5479/4668
f 4040/5481/4670 4052/5488/4677 4050/5053/4298 4038/5041/4286
f 4037/5483/4672 4049/5492/4681 4048/5489/4678 4036/5486/4675
f 4035/5043/4288 4047/5493/4682 4049/5492/4681 4037/5483/4672
f 4041/5479/4668 4053/5491/4680 4051/5487/4676 4039/5480/4669
f 4052/5488/4677 4057/5494/4683 4055/5056/4301 4050/5053/4298
f 4051/5487/4676 4056/5495/4684 4057/5494/4683 4052/5488/4677
